[[7.74266985e+01 7.74266985e+01 7.63993779e+01 7.65353470e+01 2.65000000e+04 0.00000000e+00 0.00000000e+00 0.00000000e+00]
 [7.68072907e+01 7.69432597e+01 7.65202474e+01 7.68828278e+01 8.60000000e+03 0.00000000e+00 0.00000000e+00 0.00000000e+00]
 [7.77741410e+01 7.79101100e+01 7.74266659e+01 7.78496780e+01 3.37500000e+04 0.00000000e+00 0.00000000e+00 0.00000000e+00]
 [7.76835376e+01 7.81669878e+01 7.73360624e+01 7.78346176e+01 5.94000000e+04 0.00000000e+00 0.00000000e+00 0.00000000e+00]
 [7.75173759e+01 7.80914626e+01 7.73511908e+01 7.80310364e+01 9.25000000e+03 0.00000000e+00 0.00000000e+00 0.00000000e+00]
 [7.78195280e+01 7.80461451e+01 7.75778057e+01 7.80008240e+01 5.95500000e+04 0.00000000e+00 0.00000000e+00 0.00000000e+00]
 [7.84691438e+01 7.84691438e+01 7.78195143e+01 7.80763474e+01 4.93500000e+04 0.00000000e+00 0.00000000e+00 0.00000000e+00]
 [7.83633605e+01 7.93453598e+01 7.81518544e+01 7.93453598e+01 1.90000000e+04 0.00000000e+00 0.00000000e+00 0.00000000e+00]
 [7.93302719e+01 7.96475369e+01 7.87712904e+01 7.91036606e+01 1.92500000e+04 0.00000000e+00 0.00000000e+00 0.00000000e+00]
 [7.89827972e+01 7.93453834e+01 7.85295688e+01 7.86806488e+01 1.81000000e+04 0.00000000e+00 0.00000000e+00 0.00000000e+00]
 [7.80461415e+01 7.88166293e+01 7.78950673e+01 7.80310364e+01 3.33500000e+04 0.00000000e+00 0.00000000e+00 0.00000000e+00]
 [7.89408579e+01 7.96699627e+01 7.88800977e+01 7.96243896e+01 2.41000000e+04 5.58000000e-01 0.00000000e+00 0.00000000e+00]
 [7.97307275e+01 7.97307275e+01 7.92446518e+01 7.92446518e+01 1.50000000e+04 0.00000000e+00 0.00000000e+00 0.00000000e+00]
 [7.92295016e+01 7.97611389e+01 7.85459637e+01 7.97611389e+01 4.98500000e+04 0.00000000e+00 0.00000000e+00 0.00000000e+00]
 [7.94269360e+01 7.96851580e+01 7.91535209e+01 7.93813629e+01 1.59000000e+04 0.00000000e+00 0.00000000e+00 0.00000000e+00]
 [7.98978141e+01 8.02623694e+01 7.89560544e+01 7.92598495e+01 4.47500000e+04 0.00000000e+00 0.00000000e+00 0.00000000e+00]
 [7.98066945e+01 7.98674547e+01 7.91079696e+01 7.95332794e+01 1.71000000e+04 0.00000000e+00 0.00000000e+00 0.00000000e+00]
 [7.99434024e+01 7.99434024e+01 7.86067070e+01 7.88649292e+01 8.87000000e+04 0.00000000e+00 0.00000000e+00 0.00000000e+00]
 [7.97611194e+01 8.06573120e+01 7.96092247e+01 8.05965576e+01 1.98500000e+04 0.00000000e+00 0.00000000e+00 0.00000000e+00]
 [8.05965540e+01 8.07180686e+01 8.02168115e+01 8.04598465e+01 2.76900000e+05 0.00000000e+00 0.00000000e+00 0.00000000e+00]
 [8.08851513e+01 8.08851513e+01 7.99889588e+01 8.04142685e+01 4.99000000e+04 0.00000000e+00 0.00000000e+00 0.00000000e+00]
 [8.05205650e+01 8.10673949e+01 8.02471559e+01 8.10218277e+01 6.15500000e+04 0.00000000e+00 0.00000000e+00 0.00000000e+00]
 [8.10522576e+01 8.11433922e+01 8.07180823e+01 8.08851700e+01 1.42000000e+04 0.00000000e+00 0.00000000e+00 0.00000000e+00]
 [8.07940557e+01 8.14472136e+01 8.03079855e+01 8.13560791e+01 4.20500000e+04 0.00000000e+00 0.00000000e+00 0.00000000e+00]
 [8.17053869e+01 8.22370240e+01 8.14471590e+01 8.18420944e+01 7.44500000e+04 0.00000000e+00 0.00000000e+00 0.00000000e+00]
 [8.17965370e+01 8.18876772e+01 8.11130050e+01 8.15383148e+01 1.91000000e+04 0.00000000e+00 0.00000000e+00 0.00000000e+00]
 [8.20547791e+01 8.20851592e+01 8.10522589e+01 8.16902237e+01 5.49500000e+04 0.00000000e+00 0.00000000e+00 0.00000000e+00]
 [8.17357988e+01 8.23585764e+01 8.15990913e+01 8.22826233e+01 2.28500000e+04 0.00000000e+00 0.00000000e+00 0.00000000e+00]
 [8.13712175e+01 8.17813400e+01 8.05205922e+01 8.09762878e+01 3.85500000e+04 0.00000000e+00 0.00000000e+00 0.00000000e+00]
 [8.12193170e+01 8.21458895e+01 8.12193170e+01 8.18420944e+01 2.28000000e+04 0.00000000e+00 0.00000000e+00 0.00000000e+00]
 [8.22218280e+01 8.26015704e+01 8.14927233e+01 8.19636002e+01 2.94000000e+04 0.00000000e+00 0.00000000e+00 0.00000000e+00]
 [8.21459228e+01 8.21762971e+01 8.19788351e+01 8.21611099e+01 2.48500000e+04 0.00000000e+00 0.00000000e+00 0.00000000e+00]
 [8.27990587e+01 8.29965264e+01 8.23737489e+01 8.24041290e+01 2.96000000e+04 0.00000000e+00 0.00000000e+00 0.00000000e+00]
 [8.19636309e+01 8.24497009e+01 8.19332508e+01 8.23889465e+01 1.50000000e+04 0.00000000e+00 0.00000000e+00 0.00000000e+00]
 [8.18268964e+01 8.21914517e+01 8.14319669e+01 8.21306915e+01 1.71500000e+04 0.00000000e+00 0.00000000e+00 0.00000000e+00]
 [8.26015899e+01 8.26471571e+01 8.18421049e+01 8.21914673e+01 1.92500000e+04 0.00000000e+00 0.00000000e+00 0.00000000e+00]
 [8.21003349e+01 8.23433699e+01 8.20243876e+01 8.22522354e+01 1.34000000e+04 0.00000000e+00 0.00000000e+00 0.00000000e+00]
 [8.27231079e+01 8.31028504e+01 8.18421083e+01 8.22977982e+01 5.15500000e+04 0.00000000e+00 0.00000000e+00 0.00000000e+00]
 [8.29509763e+01 8.31028711e+01 8.26775612e+01 8.29357834e+01 2.61000000e+04 0.00000000e+00 0.00000000e+00 0.00000000e+00]
 [8.31028376e+01 8.32851181e+01 8.22674053e+01 8.32851181e+01 3.18500000e+04 0.00000000e+00 0.00000000e+00 0.00000000e+00]
 [8.42269080e+01 8.49104459e+01 8.41053876e+01 8.48496857e+01 4.90000000e+04 0.00000000e+00 0.00000000e+00 0.00000000e+00]
 [8.49863930e+01 8.52901882e+01 8.48193053e+01 8.51838608e+01 4.83000000e+04 0.00000000e+00 0.00000000e+00 0.00000000e+00]
 [8.49711948e+01 8.51230953e+01 8.46825926e+01 8.50775223e+01 4.34000000e+04 0.00000000e+00 0.00000000e+00 0.00000000e+00]
 [8.51990218e+01 8.52901621e+01 8.41509347e+01 8.44091568e+01 3.57000000e+04 0.00000000e+00 0.00000000e+00 0.00000000e+00]
 [8.44243828e+01 8.47585524e+01 8.37864122e+01 8.47281723e+01 2.82000000e+04 0.00000000e+00 0.00000000e+00 0.00000000e+00]
 [8.40597823e+01 8.45154721e+01 8.38623147e+01 8.44547119e+01 2.40000000e+04 0.00000000e+00 0.00000000e+00 0.00000000e+00]
 [8.38471571e+01 8.41965196e+01 8.30724791e+01 8.34066544e+01 3.94500000e+04 0.00000000e+00 0.00000000e+00 0.00000000e+00]
 [8.37712065e+01 8.39382883e+01 8.32699435e+01 8.33307037e+01 2.02750000e+05 0.00000000e+00 0.00000000e+00 0.00000000e+00]
 [8.27990556e+01 8.27990556e+01 8.16294537e+01 8.19940033e+01 3.28500000e+04 0.00000000e+00 0.00000000e+00 0.00000000e+00]
 [8.20699433e+01 8.23737385e+01 8.18572885e+01 8.20547562e+01 4.24500000e+04 0.00000000e+00 0.00000000e+00 0.00000000e+00]
 [8.28446562e+01 8.34826211e+01 8.28446562e+01 8.32699661e+01 2.61000000e+04 0.00000000e+00 0.00000000e+00 0.00000000e+00]
 [8.31636425e+01 8.34978179e+01 8.28142799e+01 8.34674377e+01 2.02500000e+04 0.00000000e+00 0.00000000e+00 0.00000000e+00]
 [8.31028714e+01 8.33914795e+01 8.24649066e+01 8.33914795e+01 2.53500000e+04 0.00000000e+00 0.00000000e+00 0.00000000e+00]
 [8.24496972e+01 8.25104574e+01 8.19636272e+01 8.22218552e+01 1.42400000e+05 0.00000000e+00 0.00000000e+00 0.00000000e+00]
 [8.27382880e+01 8.33762526e+01 8.27382880e+01 8.32851181e+01 3.01000000e+04 0.00000000e+00 0.00000000e+00 0.00000000e+00]
 [8.27535022e+01 8.30876775e+01 8.26471747e+01 8.28142624e+01 3.26500000e+04 0.00000000e+00 0.00000000e+00 0.00000000e+00]
 [8.22977786e+01 8.29053688e+01 8.17661416e+01 8.27382812e+01 4.60000000e+04 0.00000000e+00 0.00000000e+00 0.00000000e+00]
 [8.19940223e+01 8.26775601e+01 8.18876948e+01 8.21611099e+01 9.19500000e+04 0.00000000e+00 0.00000000e+00 0.00000000e+00]
 [8.34826162e+01 8.41053939e+01 8.34522361e+01 8.40142593e+01 3.33500000e+04 0.00000000e+00 0.00000000e+00 0.00000000e+00]
 [8.41053748e+01 8.51382750e+01 8.41053748e+01 8.51078949e+01 6.06500000e+04 0.00000000e+00 0.00000000e+00 0.00000000e+00]
 [8.48040896e+01 8.54116740e+01 8.47888966e+01 8.53205338e+01 1.84100000e+05 0.00000000e+00 0.00000000e+00 0.00000000e+00]
 [8.51838362e+01 8.53812981e+01 8.50623158e+01 8.52142105e+01 6.41500000e+04 0.00000000e+00 0.00000000e+00 0.00000000e+00]
 [8.60800077e+01 8.61103877e+01 8.52141954e+01 8.52445755e+01 1.09000000e+05 0.00000000e+00 0.00000000e+00 0.00000000e+00]
 [8.53661140e+01 8.56243361e+01 8.50319387e+01 8.55939560e+01 6.90500000e+04 0.00000000e+00 0.00000000e+00 0.00000000e+00]
 [8.60800304e+01 8.60800304e+01 8.55635862e+01 8.59129486e+01 5.48500000e+04 0.00000000e+00 0.00000000e+00 0.00000000e+00]
 [8.61863550e+01 8.64901443e+01 8.59888873e+01 8.64293900e+01 7.39500000e+04 0.00000000e+00 0.00000000e+00 0.00000000e+00]
 [8.68243227e+01 8.69154630e+01 8.64445802e+01 8.64749603e+01 7.70500000e+04 0.00000000e+00 0.00000000e+00 0.00000000e+00]
 [8.66724465e+01 8.68547213e+01 8.63230840e+01 8.65205460e+01 5.96500000e+04 0.00000000e+00 0.00000000e+00 0.00000000e+00]
 [8.63838202e+01 8.67331826e+01 8.60040777e+01 8.61407852e+01 4.36000000e+04 0.00000000e+00 0.00000000e+00 0.00000000e+00]
 [8.62471466e+01 8.67028424e+01 8.59129770e+01 8.66420822e+01 6.06000000e+04 0.00000000e+00 0.00000000e+00 0.00000000e+00]
 [8.65812903e+01 8.68395124e+01 8.64445828e+01 8.67635651e+01 5.91500000e+04 0.00000000e+00 0.00000000e+00 0.00000000e+00]
 [8.70218092e+01 8.71433238e+01 8.65509263e+01 8.69458618e+01 7.26000000e+04 0.00000000e+00 0.00000000e+00 0.00000000e+00]
 [8.72344431e+01 8.75686183e+01 8.71736829e+01 8.74774780e+01 7.62000000e+04 0.00000000e+00 0.00000000e+00 0.00000000e+00]
 [8.75990029e+01 8.77964706e+01 8.75230556e+01 8.77964706e+01 1.08250000e+05 0.00000000e+00 0.00000000e+00 0.00000000e+00]
 [8.76749525e+01 8.77357069e+01 8.74622976e+01 8.76597595e+01 5.74000000e+04 0.00000000e+00 0.00000000e+00 0.00000000e+00]
 [8.73286364e+01 8.77558933e+01 8.72828606e+01 8.77253799e+01 7.18000000e+04 5.26000000e-01 0.00000000e+00 0.00000000e+00]
 [8.79085055e+01 8.79085055e+01 8.75880628e+01 8.78169479e+01 5.66500000e+04 0.00000000e+00 0.00000000e+00 0.00000000e+00]
 [8.79847613e+01 8.80763188e+01 8.78932037e+01 8.78932037e+01 5.36000000e+04 0.00000000e+00 0.00000000e+00 0.00000000e+00]
 [8.78321908e+01 8.79390050e+01 8.76490757e+01 8.77558899e+01 7.89000000e+04 0.00000000e+00 0.00000000e+00 0.00000000e+00]
 [8.76338294e+01 8.78474579e+01 8.74964960e+01 8.78474579e+01 1.45750000e+05 0.00000000e+00 0.00000000e+00 0.00000000e+00]
 [8.84578041e+01 8.90071376e+01 8.84272849e+01 8.86714325e+01 1.19200000e+05 0.00000000e+00 0.00000000e+00 0.00000000e+00]
 [8.89308761e+01 8.89308761e+01 8.81221380e+01 8.85951767e+01 1.08350000e+05 0.00000000e+00 0.00000000e+00 0.00000000e+00]
 [8.83967946e+01 8.91139808e+01 8.82899803e+01 8.90681992e+01 7.17750000e+05 0.00000000e+00 0.00000000e+00 0.00000000e+00]
 [8.91444658e+01 8.92055042e+01 8.86714332e+01 8.89155807e+01 7.24500000e+04 0.00000000e+00 0.00000000e+00 0.00000000e+00]
 [8.90376554e+01 8.91597321e+01 8.81068467e+01 8.87324753e+01 8.22500000e+04 0.00000000e+00 0.00000000e+00 0.00000000e+00]
 [8.84120489e+01 8.87172350e+01 8.81068688e+01 8.86561966e+01 1.24500000e+05 0.00000000e+00 0.00000000e+00 0.00000000e+00]
 [8.90071519e+01 8.91444795e+01 8.85951518e+01 8.89461136e+01 1.31700000e+05 0.00000000e+00 0.00000000e+00 0.00000000e+00]
 [8.95107102e+01 8.98158962e+01 8.93428576e+01 8.97396011e+01 1.07350000e+05 0.00000000e+00 0.00000000e+00 0.00000000e+00]
 [8.97853605e+01 8.98311363e+01 8.93886228e+01 8.96175079e+01 9.60500000e+04 0.00000000e+00 0.00000000e+00 0.00000000e+00]
 [8.94954607e+01 9.02889362e+01 8.94649415e+01 9.02584229e+01 1.93400000e+05 0.00000000e+00 0.00000000e+00 0.00000000e+00]
 [9.02278862e+01 9.04720338e+01 9.00600337e+01 9.04109955e+01 1.94900000e+05 0.00000000e+00 0.00000000e+00 0.00000000e+00]
 [9.03652313e+01 9.04110072e+01 8.92818207e+01 8.95107117e+01 1.11950000e+05 0.00000000e+00 0.00000000e+00 0.00000000e+00]
 [8.93275822e+01 8.95564673e+01 8.87477295e+01 8.94038773e+01 1.03450000e+05 0.00000000e+00 0.00000000e+00 0.00000000e+00]
 [8.99532416e+01 9.01363509e+01 8.95107221e+01 8.96022797e+01 1.17950000e+05 0.00000000e+00 0.00000000e+00 0.00000000e+00]
 [8.95717357e+01 9.01821018e+01 8.95564732e+01 9.01515884e+01 4.55900000e+05 0.00000000e+00 0.00000000e+00 0.00000000e+00]
 [8.98769537e+01 9.01821339e+01 8.94191717e+01 9.01211014e+01 2.26550000e+05 0.00000000e+00 0.00000000e+00 0.00000000e+00]
 [9.03652235e+01 9.07467045e+01 9.02126276e+01 9.05941086e+01 1.09250000e+05 0.00000000e+00 0.00000000e+00 0.00000000e+00]
 [9.05483111e+01 9.08687537e+01 9.03957211e+01 9.07161636e+01 2.97250000e+05 0.00000000e+00 0.00000000e+00 0.00000000e+00]
 [9.08535437e+01 9.09603580e+01 8.90224332e+01 8.91139908e+01 8.91400000e+05 0.00000000e+00 0.00000000e+00 0.00000000e+00]
 [8.94343950e+01 8.98769143e+01 8.92207665e+01 8.98006134e+01 1.40550000e+05 0.00000000e+00 0.00000000e+00 0.00000000e+00]
 [9.03957224e+01 9.13875694e+01 9.03194216e+01 9.12044601e+01 1.47400000e+05 0.00000000e+00 0.00000000e+00 0.00000000e+00]
 [9.09755925e+01 9.12960410e+01 9.09755925e+01 9.10518875e+01 9.10000000e+04 0.00000000e+00 0.00000000e+00 0.00000000e+00]
 [9.09450642e+01 9.14028461e+01 9.04109932e+01 9.12807693e+01 7.22500000e+04 0.00000000e+00 0.00000000e+00 0.00000000e+00]
 [9.13265687e+01 9.15707164e+01 9.08993117e+01 9.15249405e+01 9.70500000e+04 0.00000000e+00 0.00000000e+00 0.00000000e+00]
 [9.17843470e+01 9.24099758e+01 9.17538279e+01 9.21047897e+01 1.18050000e+05 0.00000000e+00 0.00000000e+00 0.00000000e+00]
 [9.22268803e+01 9.25473289e+01 9.20132518e+01 9.25320663e+01 1.53500000e+05 0.00000000e+00 0.00000000e+00 0.00000000e+00]
 [9.23031540e+01 9.25320391e+01 9.19064105e+01 9.23031540e+01 1.39650000e+05 0.00000000e+00 0.00000000e+00 0.00000000e+00]
 [9.18606312e+01 9.24404840e+01 9.16775219e+01 9.23336639e+01 1.25200000e+05 0.00000000e+00 0.00000000e+00 0.00000000e+00]
 [9.20132178e+01 9.30203274e+01 9.19826986e+01 9.29135132e+01 1.49200000e+05 0.00000000e+00 0.00000000e+00 0.00000000e+00]
 [9.28677359e+01 9.31881785e+01 9.27609216e+01 9.31424026e+01 9.22000000e+04 0.00000000e+00 0.00000000e+00 0.00000000e+00]
 [9.28677324e+01 9.29745466e+01 9.26083223e+01 9.28066940e+01 8.21500000e+04 0.00000000e+00 0.00000000e+00 0.00000000e+00]
 [9.31576773e+01 9.35391584e+01 9.30661256e+01 9.34018250e+01 9.43000000e+04 0.00000000e+00 0.00000000e+00 0.00000000e+00]
 [9.31271560e+01 9.38138231e+01 9.30508610e+01 9.37527847e+01 1.58250000e+05 0.00000000e+00 0.00000000e+00 0.00000000e+00]
 [9.38138227e+01 9.40121945e+01 9.36001942e+01 9.39053802e+01 1.20800000e+05 0.00000000e+00 0.00000000e+00 0.00000000e+00]
 [9.28372392e+01 9.33713104e+01 9.17385718e+01 9.19827194e+01 2.88400000e+05 0.00000000e+00 0.00000000e+00 0.00000000e+00]
 [9.19369210e+01 9.21352927e+01 9.08687730e+01 9.14638824e+01 2.76000000e+05 0.00000000e+00 0.00000000e+00 0.00000000e+00]
 [9.12960347e+01 9.16775157e+01 9.05330727e+01 9.13723297e+01 2.41300000e+05 0.00000000e+00 0.00000000e+00 0.00000000e+00]
 [9.18148707e+01 9.24099861e+01 9.17080564e+01 9.23642044e+01 1.06350000e+05 0.00000000e+00 0.00000000e+00 0.00000000e+00]
 [9.27304039e+01 9.30355899e+01 9.24404805e+01 9.29135132e+01 2.08350000e+05 0.00000000e+00 0.00000000e+00 0.00000000e+00]
 [9.32949890e+01 9.33102515e+01 9.13265457e+01 9.13265457e+01 2.35350000e+05 0.00000000e+00 0.00000000e+00 0.00000000e+00]
 [9.12655329e+01 9.19827134e+01 9.11739754e+01 9.15859756e+01 1.76350000e+05 0.00000000e+00 0.00000000e+00 0.00000000e+00]
 [9.23794579e+01 9.32644909e+01 9.23794579e+01 9.31576767e+01 1.36450000e+05 0.00000000e+00 0.00000000e+00 0.00000000e+00]
 [9.31271562e+01 9.31271562e+01 9.18606421e+01 9.24710083e+01 1.68250000e+05 0.00000000e+00 0.00000000e+00 0.00000000e+00]
 [9.27762168e+01 9.28830310e+01 9.12502921e+01 9.16622925e+01 1.55200000e+05 0.00000000e+00 0.00000000e+00 0.00000000e+00]
 [9.18759162e+01 9.27914744e+01 9.15249543e+01 9.25168076e+01 1.06350000e+05 0.00000000e+00 0.00000000e+00 0.00000000e+00]
 [9.23641915e+01 9.26083391e+01 9.19369345e+01 9.24099731e+01 1.16450000e+05 0.00000000e+00 0.00000000e+00 0.00000000e+00]
 [9.14638630e+01 9.14638630e+01 9.06093494e+01 9.07161636e+01 2.67850000e+05 0.00000000e+00 0.00000000e+00 0.00000000e+00]
 [9.03346986e+01 9.16622508e+01 9.03346986e+01 9.13265457e+01 1.34350000e+05 0.00000000e+00 0.00000000e+00 0.00000000e+00]
 [9.07619765e+01 9.09908675e+01 9.00753094e+01 9.07924957e+01 1.46100000e+05 0.00000000e+00 0.00000000e+00 0.00000000e+00]
 [8.83662526e+01 9.02126191e+01 8.82136625e+01 8.97853622e+01 3.46800000e+05 0.00000000e+00 0.00000000e+00 0.00000000e+00]
 [8.94649304e+01 8.96938155e+01 8.74659678e+01 8.80763397e+01 3.39900000e+05 0.00000000e+00 0.00000000e+00 0.00000000e+00]
 [8.93733672e+01 8.95717389e+01 8.86867002e+01 8.91749954e+01 1.76200000e+05 0.00000000e+00 0.00000000e+00 0.00000000e+00]
 [9.03347049e+01 9.03347049e+01 8.93733712e+01 8.95564804e+01 1.27700000e+05 0.00000000e+00 0.00000000e+00 0.00000000e+00]
 [9.06704506e+01 9.10824510e+01 9.05483797e+01 9.09146042e+01 1.36100000e+05 0.00000000e+00 0.00000000e+00 0.00000000e+00]
 [9.09298137e+01 9.10213713e+01 9.05635894e+01 9.05941086e+01 1.37800000e+05 0.00000000e+00 0.00000000e+00 0.00000000e+00]
 [9.04262969e+01 9.11129642e+01 8.99837832e+01 9.08840790e+01 2.04150000e+05 0.00000000e+00 0.00000000e+00 0.00000000e+00]
 [9.14181284e+01 9.18453854e+01 9.09450898e+01 9.17385712e+01 1.10800000e+05 0.00000000e+00 0.00000000e+00 0.00000000e+00]
 [9.19807501e+01 9.24099261e+01 9.17968209e+01 9.20114059e+01 1.34300000e+05 5.36000000e-01 0.00000000e+00 0.00000000e+00]
 [9.22566518e+01 9.24559119e+01 9.17815008e+01 9.18121567e+01 1.66150000e+05 0.00000000e+00 0.00000000e+00 0.00000000e+00]
 [9.17354575e+01 9.24405298e+01 9.14289109e+01 9.24098740e+01 1.10950000e+05 0.00000000e+00 0.00000000e+00 0.00000000e+00]
 [9.29157067e+01 9.32988959e+01 9.28237451e+01 9.30383301e+01 1.05550000e+05 0.00000000e+00 0.00000000e+00 0.00000000e+00]
 [9.29617200e+01 9.31609742e+01 9.28084408e+01 9.29157333e+01 1.27500000e+05 0.00000000e+00 0.00000000e+00 0.00000000e+00]
 [9.35901582e+01 9.37587566e+01 9.31150014e+01 9.33449173e+01 7.04000000e+04 0.00000000e+00 0.00000000e+00 0.00000000e+00]
 [9.35748060e+01 9.36974293e+01 9.31303051e+01 9.33908768e+01 7.88000000e+04 0.00000000e+00 0.00000000e+00 0.00000000e+00]
 [9.31609609e+01 9.37434101e+01 9.31609609e+01 9.33908768e+01 2.04950000e+05 0.00000000e+00 0.00000000e+00 0.00000000e+00]
 [9.38660233e+01 9.38813483e+01 9.33295550e+01 9.36667633e+01 1.42900000e+05 0.00000000e+00 0.00000000e+00 0.00000000e+00]
 [9.35441421e+01 9.38813505e+01 9.30076796e+01 9.34981613e+01 1.07150000e+05 0.00000000e+00 0.00000000e+00 0.00000000e+00]
 [9.38813601e+01 9.38966851e+01 9.27471174e+01 9.31456375e+01 8.68500000e+04 0.00000000e+00 0.00000000e+00 0.00000000e+00]
 [9.32529234e+01 9.35134892e+01 9.26704742e+01 9.28237534e+01 1.39650000e+05 0.00000000e+00 0.00000000e+00 0.00000000e+00]
 [9.23486131e+01 9.24252498e+01 9.18121504e+01 9.21493530e+01 1.04800000e+05 0.00000000e+00 0.00000000e+00 0.00000000e+00]
 [9.26091397e+01 9.26551264e+01 9.18121115e+01 9.21799698e+01 1.85100000e+05 0.00000000e+00 0.00000000e+00 0.00000000e+00]
 [9.16434964e+01 9.23485629e+01 9.13216190e+01 9.21952896e+01 7.84500000e+04 0.00000000e+00 0.00000000e+00 0.00000000e+00]
 [9.23486077e+01 9.27624528e+01 9.21340227e+01 9.25172119e+01 7.97000000e+04 0.00000000e+00 0.00000000e+00 0.00000000e+00]
 [9.14289480e+01 9.16588581e+01 9.07698621e+01 9.15055847e+01 1.51650000e+05 0.00000000e+00 0.00000000e+00 0.00000000e+00]
 [9.16742091e+01 9.20727234e+01 9.14442932e+01 9.20727234e+01 7.89000000e+04 0.00000000e+00 0.00000000e+00 0.00000000e+00]
 [9.31762759e+01 9.34828284e+01 9.30996393e+01 9.33142242e+01 1.73250000e+05 0.00000000e+00 0.00000000e+00 0.00000000e+00]
 [9.37893789e+01 9.37893789e+01 9.34521765e+01 9.37280731e+01 1.97850000e+05 0.00000000e+00 0.00000000e+00 0.00000000e+00]
 [9.37434085e+01 9.38047202e+01 9.33602193e+01 9.36361160e+01 9.90000000e+04 0.00000000e+00 0.00000000e+00 0.00000000e+00]
 [9.39733202e+01 9.46477311e+01 9.38966777e+01 9.44484711e+01 8.50500000e+04 0.00000000e+00 0.00000000e+00 0.00000000e+00]
 [9.46936974e+01 9.52148349e+01 9.42645275e+01 9.50615616e+01 7.28500000e+04 0.00000000e+00 0.00000000e+00 0.00000000e+00]
 [9.49542657e+01 9.54907281e+01 9.49236099e+01 9.53681107e+01 6.60500000e+04 0.00000000e+00 0.00000000e+00 0.00000000e+00]
 [9.54140966e+01 9.57053183e+01 9.53527850e+01 9.56440125e+01 9.90000000e+04 0.00000000e+00 0.00000000e+00 0.00000000e+00]
 [9.61345314e+01 9.61345314e+01 9.52761852e+01 9.54294586e+01 1.31000000e+05 0.00000000e+00 0.00000000e+00 0.00000000e+00]
 [9.53068158e+01 9.54294333e+01 9.46477300e+01 9.51228867e+01 6.65000000e+04 0.00000000e+00 0.00000000e+00 0.00000000e+00]
 [9.51075637e+01 9.51075637e+01 9.40959444e+01 9.44791336e+01 1.07000000e+05 0.00000000e+00 0.00000000e+00 0.00000000e+00]
 [9.39733269e+01 9.45404453e+01 9.32222734e+01 9.36514435e+01 9.89500000e+04 0.00000000e+00 0.00000000e+00 0.00000000e+00]
 [9.46323850e+01 9.50308991e+01 9.37127276e+01 9.40959167e+01 1.38550000e+05 0.00000000e+00 0.00000000e+00 0.00000000e+00]
 [9.41112752e+01 9.47090495e+01 9.39426710e+01 9.44791336e+01 6.60000000e+04 0.00000000e+00 0.00000000e+00 0.00000000e+00]
 [9.47703596e+01 9.53987897e+01 9.46630613e+01 9.52608414e+01 1.75550000e+05 0.00000000e+00 0.00000000e+00 0.00000000e+00]
 [9.51228773e+01 9.51228773e+01 9.38200307e+01 9.42492065e+01 1.74400000e+05 0.00000000e+00 0.00000000e+00 0.00000000e+00]
 [9.40193052e+01 9.48316644e+01 9.35134926e+01 9.47550278e+01 1.13500000e+05 0.00000000e+00 0.00000000e+00 0.00000000e+00]
 [9.47397104e+01 9.48010163e+01 9.36514486e+01 9.39273453e+01 1.26400000e+05 0.00000000e+00 0.00000000e+00 0.00000000e+00]
 [9.36514641e+01 9.42798943e+01 9.32069689e+01 9.33449173e+01 1.13500000e+05 0.00000000e+00 0.00000000e+00 0.00000000e+00]
 [9.30076818e+01 9.33908710e+01 9.26704734e+01 9.33295593e+01 1.42400000e+05 0.00000000e+00 0.00000000e+00 0.00000000e+00]
 [9.34215360e+01 9.42492261e+01 9.32529318e+01 9.42032394e+01 7.05500000e+04 0.00000000e+00 0.00000000e+00 0.00000000e+00]
 [9.45250980e+01 9.46170655e+01 9.39886355e+01 9.43258438e+01 2.66650000e+05 0.00000000e+00 0.00000000e+00 0.00000000e+00]
 [9.41572747e+01 9.42645673e+01 9.34981887e+01 9.36974487e+01 9.54500000e+04 0.00000000e+00 0.00000000e+00 0.00000000e+00]
 [9.25018868e+01 9.28544261e+01 9.22719768e+01 9.25785294e+01 1.36200000e+05 0.00000000e+00 0.00000000e+00 0.00000000e+00]
 [9.28544314e+01 9.30077048e+01 9.23639437e+01 9.25018921e+01 8.96500000e+04 0.00000000e+00 0.00000000e+00 0.00000000e+00]
 [9.20880417e+01 9.31149861e+01 9.20880417e+01 9.28084335e+01 6.23000000e+04 0.00000000e+00 0.00000000e+00 0.00000000e+00]
 [9.25631722e+01 9.33448813e+01 9.23792430e+01 9.31762772e+01 6.04500000e+04 0.00000000e+00 0.00000000e+00 0.00000000e+00]
 [9.34828412e+01 9.38047187e+01 9.33908736e+01 9.35901337e+01 4.76000000e+04 0.00000000e+00 0.00000000e+00 0.00000000e+00]
 [9.44944736e+01 9.45404544e+01 9.38200568e+01 9.45251236e+01 1.72500000e+05 0.00000000e+00 0.00000000e+00 0.00000000e+00]
 [9.42952126e+01 9.42952126e+01 9.23792664e+01 9.24252472e+01 2.22000000e+05 0.00000000e+00 0.00000000e+00 0.00000000e+00]
 [9.25018460e+01 9.26704501e+01 9.18274353e+01 9.23179169e+01 2.11800000e+05 0.00000000e+00 0.00000000e+00 0.00000000e+00]
 [9.11990392e+01 9.21033660e+01 9.11990392e+01 9.14289551e+01 1.48450000e+05 0.00000000e+00 0.00000000e+00 0.00000000e+00]
 [9.12450060e+01 9.13369735e+01 9.03866659e+01 9.04633026e+01 1.13250000e+05 0.00000000e+00 0.00000000e+00 0.00000000e+00]
 [9.08311340e+01 9.11530173e+01 9.03253275e+01 9.03406525e+01 2.03700000e+05 0.00000000e+00 0.00000000e+00 0.00000000e+00]
 [9.02027188e+01 9.04939463e+01 8.98655163e+01 8.99728088e+01 8.76000000e+04 0.00000000e+00 0.00000000e+00 0.00000000e+00]
 [9.02640699e+01 9.10304485e+01 9.00188290e+01 9.06625900e+01 4.33500000e+04 0.00000000e+00 0.00000000e+00 0.00000000e+00]
 [9.03100326e+01 9.03253635e+01 8.92064517e+01 8.93903809e+01 1.06750000e+05 0.00000000e+00 0.00000000e+00 0.00000000e+00]
 [8.95896390e+01 8.98348799e+01 8.90378456e+01 8.94516907e+01 7.79000000e+04 0.00000000e+00 0.00000000e+00 0.00000000e+00]
 [9.02947124e+01 9.09384734e+01 9.02947124e+01 9.06012650e+01 7.54000000e+04 0.00000000e+00 0.00000000e+00 0.00000000e+00]
 [8.98808467e+01 9.00954317e+01 8.88232467e+01 8.90225067e+01 7.97000000e+04 0.00000000e+00 0.00000000e+00 0.00000000e+00]
 [8.90531528e+01 8.95896210e+01 8.85473461e+01 8.91911011e+01 6.60500000e+04 0.00000000e+00 0.00000000e+00 0.00000000e+00]
 [9.00341280e+01 9.00494530e+01 8.91911071e+01 8.94363480e+01 5.88000000e+04 0.00000000e+00 0.00000000e+00 0.00000000e+00]
 [8.91604448e+01 9.00954272e+01 8.91451198e+01 8.99421539e+01 5.37000000e+04 0.00000000e+00 0.00000000e+00 0.00000000e+00]
 [9.03866546e+01 9.13216370e+01 9.03100121e+01 9.11683578e+01 1.32450000e+05 0.00000000e+00 0.00000000e+00 0.00000000e+00]
 [9.09384801e+01 9.13983060e+01 9.05859408e+01 9.06319275e+01 1.06050000e+05 0.00000000e+00 0.00000000e+00 0.00000000e+00]
 [8.95436614e+01 9.03560266e+01 8.88999063e+01 9.03253708e+01 2.60750000e+05 0.00000000e+00 0.00000000e+00 0.00000000e+00]
 [9.03484908e+01 9.03792956e+01 8.91779367e+01 8.93319550e+01 1.14500000e+05 5.70000000e-01 0.00000000e+00 0.00000000e+00]
 [8.93935153e+01 9.04254501e+01 8.91932870e+01 9.00866089e+01 7.78500000e+04 0.00000000e+00 0.00000000e+00 0.00000000e+00]
 [9.04716652e+01 9.12725668e+01 9.03792508e+01 9.12417679e+01 5.95000000e+04 0.00000000e+00 0.00000000e+00 0.00000000e+00]
 [9.17192279e+01 9.21812883e+01 9.13803867e+01 9.20580750e+01 1.25350000e+05 0.00000000e+00 0.00000000e+00 0.00000000e+00]
 [9.23661302e+01 9.30592180e+01 9.22737158e+01 9.29360046e+01 1.24850000e+05 0.00000000e+00 0.00000000e+00 0.00000000e+00]
 [9.29822180e+01 9.44146098e+01 9.28281998e+01 9.43376007e+01 1.39550000e+05 0.00000000e+00 0.00000000e+00 0.00000000e+00]
 [9.42605800e+01 9.44145982e+01 9.39525377e+01 9.41835709e+01 9.18500000e+04 0.00000000e+00 0.00000000e+00 0.00000000e+00]
 [9.40141470e+01 9.44454027e+01 9.37677144e+01 9.43221893e+01 9.48500000e+04 0.00000000e+00 0.00000000e+00 0.00000000e+00]
 [9.51692877e+01 9.55697385e+01 9.50152637e+01 9.53541107e+01 1.95400000e+05 0.00000000e+00 0.00000000e+00 0.00000000e+00]
 [9.42605914e+01 9.47072525e+01 9.39679486e+01 9.47072525e+01 1.05600000e+05 0.00000000e+00 0.00000000e+00 0.00000000e+00]
 [9.35213041e+01 9.38293405e+01 9.27512011e+01 9.29514236e+01 9.27500000e+04 0.00000000e+00 0.00000000e+00 0.00000000e+00]
 [9.27665879e+01 9.35058860e+01 9.25355606e+01 9.25355606e+01 1.32400000e+05 0.00000000e+00 0.00000000e+00 0.00000000e+00]
 [9.30437783e+01 9.38138808e+01 9.26587271e+01 9.28589554e+01 1.29700000e+05 0.00000000e+00 0.00000000e+00 0.00000000e+00]
 [9.31208351e+01 9.34750817e+01 9.20426899e+01 9.22583237e+01 5.59000000e+04 0.00000000e+00 0.00000000e+00 0.00000000e+00]
 [9.27665787e+01 9.28589931e+01 9.21350946e+01 9.27665787e+01 4.03500000e+04 0.00000000e+00 0.00000000e+00 0.00000000e+00]
 [9.23661382e+01 9.24277419e+01 9.13033925e+01 9.19810867e+01 9.40000000e+04 0.00000000e+00 0.00000000e+00 0.00000000e+00]
 [9.25201263e+01 9.35520668e+01 9.24739220e+01 9.34750519e+01 2.33300000e+05 0.00000000e+00 0.00000000e+00 0.00000000e+00]
 [9.37676946e+01 9.37830941e+01 9.33056342e+01 9.34750519e+01 9.07500000e+04 0.00000000e+00 0.00000000e+00 0.00000000e+00]
 [9.39525458e+01 9.49074717e+01 9.37831222e+01 9.47226486e+01 2.34250000e+05 0.00000000e+00 0.00000000e+00 0.00000000e+00]
 [9.47226430e+01 9.48766612e+01 9.42605825e+01 9.47996521e+01 9.02500000e+04 0.00000000e+00 0.00000000e+00 0.00000000e+00]
 [9.38601480e+01 9.47226655e+01 9.37985443e+01 9.42606049e+01 1.83650000e+05 0.00000000e+00 0.00000000e+00 0.00000000e+00]
 [9.41989698e+01 9.43375885e+01 9.37061045e+01 9.38601227e+01 1.38850000e+05 0.00000000e+00 0.00000000e+00 0.00000000e+00]
 [9.33364988e+01 9.33673037e+01 9.18733075e+01 9.19965210e+01 4.70300000e+05 0.00000000e+00 0.00000000e+00 0.00000000e+00]
 [9.19656999e+01 9.27820131e+01 9.16114532e+01 9.17346725e+01 1.69150000e+05 0.00000000e+00 0.00000000e+00 0.00000000e+00]
 [9.08413458e+01 9.19194911e+01 9.04408948e+01 9.10261688e+01 1.94600000e+05 0.00000000e+00 0.00000000e+00 0.00000000e+00]
 [9.22429187e+01 9.22737235e+01 8.98556011e+01 9.07027130e+01 4.35950000e+05 0.00000000e+00 0.00000000e+00 0.00000000e+00]
 [9.00712341e+01 9.04870904e+01 8.83924096e+01 8.84386139e+01 2.58400000e+05 0.00000000e+00 0.00000000e+00 0.00000000e+00]
 [8.85310150e+01 8.89776760e+01 8.70062147e+01 8.88852615e+01 3.80550000e+05 0.00000000e+00 0.00000000e+00 0.00000000e+00]
 [8.76992810e+01 8.77608907e+01 8.45880659e+01 8.47266846e+01 5.04200000e+05 0.00000000e+00 0.00000000e+00 0.00000000e+00]
 [8.57740564e+01 8.59896902e+01 8.23548037e+01 8.45418930e+01 5.38450000e+05 0.00000000e+00 0.00000000e+00 0.00000000e+00]
 [8.16462976e+01 8.33559268e+01 7.89663431e+01 7.91203613e+01 7.90300000e+05 0.00000000e+00 0.00000000e+00 0.00000000e+00]
 [8.03987136e+01 8.27090214e+01 7.77187539e+01 8.26628113e+01 5.79800000e+05 0.00000000e+00 0.00000000e+00 0.00000000e+00]
 [8.12150504e+01 8.18619399e+01 7.89201471e+01 7.90741653e+01 4.03100000e+05 0.00000000e+00 0.00000000e+00 0.00000000e+00]
 [7.98750718e+01 8.37101809e+01 7.95208252e+01 8.25396271e+01 9.19300000e+05 0.00000000e+00 0.00000000e+00 0.00000000e+00]
 [8.35407591e+01 8.39412100e+01 8.26474369e+01 8.32019119e+01 3.07200000e+05 0.00000000e+00 0.00000000e+00 0.00000000e+00]
 [8.40182226e+01 8.50193587e+01 8.38333996e+01 8.49115448e+01 2.25950000e+05 0.00000000e+00 0.00000000e+00 0.00000000e+00]
 [8.41106663e+01 8.49885835e+01 8.33559627e+01 8.41876755e+01 2.63800000e+05 0.00000000e+00 0.00000000e+00 0.00000000e+00]
 [8.47113309e+01 8.53274156e+01 8.36331855e+01 8.42800751e+01 1.60550000e+05 0.00000000e+00 0.00000000e+00 0.00000000e+00]
 [8.20775714e+01 8.21699800e+01 7.98904760e+01 8.07837982e+01 5.24000000e+05 0.00000000e+00 0.00000000e+00 0.00000000e+00]
 [7.95978609e+01 8.14923140e+01 7.91974040e+01 7.92436142e+01 1.43840000e+06 0.00000000e+00 0.00000000e+00 0.00000000e+00]
 [8.11072210e+01 8.11534253e+01 7.91511593e+01 7.93051834e+01 2.46400000e+05 0.00000000e+00 0.00000000e+00 0.00000000e+00]
 [7.97210466e+01 8.20775654e+01 7.93205957e+01 8.20467606e+01 3.01950000e+05 0.00000000e+00 0.00000000e+00 0.00000000e+00]
 [8.18773390e+01 8.32327217e+01 8.16771106e+01 8.31711121e+01 1.51000000e+05 0.00000000e+00 0.00000000e+00 0.00000000e+00]
 [8.37255897e+01 8.40798363e+01 8.13382719e+01 8.19235458e+01 2.94150000e+05 0.00000000e+00 0.00000000e+00 0.00000000e+00]
 [8.13690493e+01 8.33867145e+01 8.01060756e+01 8.30016632e+01 1.97500000e+05 0.00000000e+00 0.00000000e+00 0.00000000e+00]
 [8.42030360e+01 8.54506046e+01 8.41260269e+01 8.54197998e+01 1.59000000e+05 0.00000000e+00 0.00000000e+00 0.00000000e+00]
 [8.50963486e+01 8.61898930e+01 8.44494652e+01 8.55738144e+01 1.29900000e+05 0.00000000e+00 0.00000000e+00 0.00000000e+00]
 [8.62361297e+01 8.69446230e+01 8.54198166e+01 8.60050964e+01 2.14950000e+05 0.00000000e+00 0.00000000e+00 0.00000000e+00]
 [8.60513025e+01 8.68676156e+01 8.51271813e+01 8.51733856e+01 2.74900000e+05 0.00000000e+00 0.00000000e+00 0.00000000e+00]
 [8.34175243e+01 8.38179751e+01 8.27090312e+01 8.29708633e+01 1.50350000e+05 0.00000000e+00 0.00000000e+00 0.00000000e+00]
 [8.06451824e+01 8.25088302e+01 8.05835728e+01 8.24010162e+01 1.97950000e+05 0.00000000e+00 0.00000000e+00 0.00000000e+00]
 [8.37255547e+01 8.47420899e+01 8.34021130e+01 8.47266846e+01 1.99700000e+05 0.00000000e+00 0.00000000e+00 0.00000000e+00]
 [8.42030277e+01 8.51579593e+01 8.36947629e+01 8.38333817e+01 1.15650000e+05 0.00000000e+00 0.00000000e+00 0.00000000e+00]
 [8.29092788e+01 8.31249066e+01 8.11996494e+01 8.16309052e+01 1.74200000e+05 0.00000000e+00 0.00000000e+00 0.00000000e+00]
 [8.06297556e+01 8.22161713e+01 8.03679235e+01 8.22161713e+01 1.61350000e+05 0.00000000e+00 0.00000000e+00 0.00000000e+00]
 [8.24780189e+01 8.32173169e+01 8.19235438e+01 8.28938751e+01 1.93500000e+05 0.00000000e+00 0.00000000e+00 0.00000000e+00]
 [8.33713138e+01 8.50655373e+01 8.22161598e+01 8.40644073e+01 4.59000000e+05 0.00000000e+00 0.00000000e+00 0.00000000e+00]
 [8.49731316e+01 8.55584113e+01 8.42646385e+01 8.55122070e+01 1.28700000e+05 0.00000000e+00 0.00000000e+00 0.00000000e+00]
 [8.58202700e+01 8.62977301e+01 8.52503896e+01 8.60204926e+01 7.90000000e+04 0.00000000e+00 0.00000000e+00 0.00000000e+00]
 [8.46034743e+01 8.55583999e+01 8.40798043e+01 8.52195587e+01 8.21500000e+04 0.00000000e+00 0.00000000e+00 0.00000000e+00]
 [8.55738208e+01 8.63593230e+01 8.50501507e+01 8.50809555e+01 1.54550000e+05 0.00000000e+00 0.00000000e+00 0.00000000e+00]
 [8.51733669e+01 8.53735953e+01 8.25088120e+01 8.25088120e+01 1.39000000e+05 0.00000000e+00 0.00000000e+00 0.00000000e+00]
 [8.02447370e+01 8.08608218e+01 7.88431497e+01 7.99212952e+01 4.20500000e+05 0.00000000e+00 0.00000000e+00 0.00000000e+00]
 [7.94566275e+01 8.07886499e+01 7.93482077e+01 8.02930145e+01 3.29200000e+05 5.80000000e-01 0.00000000e+00 0.00000000e+00]
 [8.10984209e+01 8.23529954e+01 8.00142162e+01 8.22445755e+01 1.93850000e+05 0.00000000e+00 0.00000000e+00 0.00000000e+00]
 [8.39793152e+01 8.46298345e+01 8.27557125e+01 8.31893921e+01 6.17550000e+05 0.00000000e+00 0.00000000e+00 0.00000000e+00]
 [8.34062107e+01 8.38244041e+01 8.13772054e+01 8.15320892e+01 1.97300000e+05 0.00000000e+00 0.00000000e+00 0.00000000e+00]
 [8.29105373e+01 8.32203108e+01 8.06646933e+01 8.21206207e+01 1.19300000e+05 0.00000000e+00 0.00000000e+00 0.00000000e+00]
 [8.09744761e+01 8.16869568e+01 8.00606476e+01 8.01690674e+01 1.83300000e+05 0.00000000e+00 0.00000000e+00 0.00000000e+00]
 [7.96269581e+01 8.06027423e+01 7.77063675e+01 7.77063675e+01 3.33100000e+05 0.00000000e+00 0.00000000e+00 0.00000000e+00]
 [7.67771191e+01 7.96270266e+01 7.60801298e+01 7.94101868e+01 2.85650000e+05 0.00000000e+00 0.00000000e+00 0.00000000e+00]
 [7.96734616e+01 8.11758597e+01 7.89919644e+01 8.09899979e+01 2.81000000e+05 0.00000000e+00 0.00000000e+00 0.00000000e+00]
 [8.09435113e+01 8.25698208e+01 8.03549481e+01 8.25543289e+01 5.83800000e+05 0.00000000e+00 0.00000000e+00 0.00000000e+00]
 [8.29880378e+01 8.29880378e+01 8.14546617e+01 8.19193192e+01 6.27150000e+05 0.00000000e+00 0.00000000e+00 0.00000000e+00]
 [8.34371921e+01 8.46917725e+01 8.33752422e+01 8.46917725e+01 1.68200000e+05 0.00000000e+00 0.00000000e+00 0.00000000e+00]
 [8.42271480e+01 8.49706013e+01 8.41032362e+01 8.46608276e+01 6.63200000e+05 0.00000000e+00 0.00000000e+00 0.00000000e+00]
 [8.54042409e+01 8.64264894e+01 8.51874012e+01 8.54352188e+01 5.09150000e+05 0.00000000e+00 0.00000000e+00 0.00000000e+00]
 [8.49550588e+01 8.55281419e+01 8.43355177e+01 8.53113022e+01 3.64000000e+05 0.00000000e+00 0.00000000e+00 0.00000000e+00]
 [8.63490348e+01 8.67827141e+01 8.58998635e+01 8.67207642e+01 4.23450000e+05 0.00000000e+00 0.00000000e+00 0.00000000e+00]
 [8.63336001e+01 8.64265280e+01 8.49086435e+01 8.50945053e+01 3.09650000e+05 0.00000000e+00 0.00000000e+00 0.00000000e+00]
 [8.50634808e+01 8.73867733e+01 8.44129617e+01 8.67982101e+01 2.59100000e+05 0.00000000e+00 0.00000000e+00 0.00000000e+00]
 [8.66123720e+01 8.71080134e+01 8.54971953e+01 8.57140350e+01 1.07900000e+05 0.00000000e+00 0.00000000e+00 0.00000000e+00]
 [8.59618214e+01 8.63335508e+01 8.48776171e+01 8.61012192e+01 6.82000000e+04 0.00000000e+00 0.00000000e+00 0.00000000e+00]
 [8.71234813e+01 8.78359563e+01 8.69221276e+01 8.77585144e+01 8.72000000e+04 0.00000000e+00 0.00000000e+00 0.00000000e+00]
 [8.79443823e+01 8.90285868e+01 8.78514543e+01 8.88737030e+01 1.38550000e+05 0.00000000e+00 0.00000000e+00 0.00000000e+00]
 [8.84245388e+01 8.84245388e+01 8.69221407e+01 8.71544724e+01 1.02400000e+05 0.00000000e+00 0.00000000e+00 0.00000000e+00]
 [8.80992799e+01 8.83316056e+01 8.65813957e+01 8.79908600e+01 1.92220000e+06 0.00000000e+00 0.00000000e+00 0.00000000e+00]
 [9.04380422e+01 9.16151805e+01 8.96791032e+01 9.10266113e+01 3.09200000e+05 0.00000000e+00 0.00000000e+00 0.00000000e+00]
 [9.06393957e+01 9.12124729e+01 9.05154839e+01 9.11195450e+01 6.93650000e+05 0.00000000e+00 0.00000000e+00 0.00000000e+00]
 [9.00353265e+01 9.00972765e+01 8.87807465e+01 8.87807465e+01 1.53450000e+05 0.00000000e+00 0.00000000e+00 0.00000000e+00]
 [8.63800116e+01 8.74332379e+01 8.60857300e+01 8.64264755e+01 3.07150000e+05 0.00000000e+00 0.00000000e+00 0.00000000e+00]
 [8.77120478e+01 8.80992633e+01 8.69840809e+01 8.77894897e+01 1.22650000e+05 0.00000000e+00 0.00000000e+00 0.00000000e+00]
 [8.87807688e+01 8.95861778e+01 8.75416804e+01 8.94158020e+01 1.73650000e+05 0.00000000e+00 0.00000000e+00 0.00000000e+00]
 [8.86413459e+01 8.89820974e+01 8.78359372e+01 8.89046555e+01 1.47450000e+05 0.00000000e+00 0.00000000e+00 0.00000000e+00]
 [8.87807688e+01 8.94622660e+01 8.80063378e+01 8.94158020e+01 7.95000000e+04 0.00000000e+00 0.00000000e+00 0.00000000e+00]
 [8.99114351e+01 9.06239101e+01 8.90750482e+01 9.04845123e+01 1.35700000e+05 0.00000000e+00 0.00000000e+00 0.00000000e+00]
 [8.84709743e+01 8.88427037e+01 8.70460244e+01 8.72164001e+01 2.46850000e+05 0.00000000e+00 0.00000000e+00 0.00000000e+00]
 [8.83625546e+01 8.84399965e+01 8.72164003e+01 8.80063171e+01 1.21800000e+05 0.00000000e+00 0.00000000e+00 0.00000000e+00]
 [8.90905300e+01 8.99114248e+01 8.90750380e+01 8.97255630e+01 1.32650000e+05 0.00000000e+00 0.00000000e+00 0.00000000e+00]
 [8.93848056e+01 8.94312755e+01 8.84554910e+01 8.88581924e+01 3.59550000e+05 0.00000000e+00 0.00000000e+00 0.00000000e+00]
 [8.86878579e+01 8.97720627e+01 8.83780901e+01 8.93228912e+01 4.02200000e+05 0.00000000e+00 0.00000000e+00 0.00000000e+00]
 [8.84400317e+01 8.94158166e+01 8.77585345e+01 8.78824463e+01 9.19000000e+04 0.00000000e+00 0.00000000e+00 0.00000000e+00]
 [8.77120497e+01 8.79288895e+01 8.58998783e+01 8.64729614e+01 9.89950000e+05 0.00000000e+00 0.00000000e+00 0.00000000e+00]
 [8.67517846e+01 8.68756964e+01 8.60393093e+01 8.63490829e+01 1.88150000e+05 0.00000000e+00 0.00000000e+00 0.00000000e+00]
 [8.51099750e+01 8.52338809e+01 8.40102843e+01 8.48002014e+01 2.36700000e+05 0.00000000e+00 0.00000000e+00 0.00000000e+00]
 [8.45678529e+01 8.50325162e+01 8.39328198e+01 8.43510132e+01 2.63300000e+05 0.00000000e+00 0.00000000e+00 0.00000000e+00]
 [8.36385599e+01 8.36540459e+01 8.25543552e+01 8.25698471e+01 2.49100000e+05 0.00000000e+00 0.00000000e+00 0.00000000e+00]
 [8.23994405e+01 8.33132691e+01 8.23219986e+01 8.23219986e+01 7.56500000e+04 0.00000000e+00 0.00000000e+00 0.00000000e+00]
 [8.46143456e+01 8.50480251e+01 8.41341962e+01 8.47847214e+01 1.55550000e+05 0.00000000e+00 0.00000000e+00 0.00000000e+00]
 [8.50015462e+01 8.55746234e+01 8.47227505e+01 8.50325241e+01 1.34950000e+05 0.00000000e+00 0.00000000e+00 0.00000000e+00]
 [8.74332441e+01 8.86568462e+01 8.72164044e+01 8.85174484e+01 4.24450000e+05 0.00000000e+00 0.00000000e+00 0.00000000e+00]
 [8.83935266e+01 8.89356258e+01 8.81457090e+01 8.84554825e+01 1.07350000e+05 0.00000000e+00 0.00000000e+00 0.00000000e+00]
 [8.93693505e+01 8.95861903e+01 8.83935657e+01 8.84090576e+01 1.27300000e+05 0.00000000e+00 0.00000000e+00 0.00000000e+00]
 [8.98339657e+01 9.00508054e+01 8.88426953e+01 8.93693085e+01 1.94500000e+05 0.00000000e+00 0.00000000e+00 0.00000000e+00]
 [8.93538283e+01 8.99888613e+01 8.90750327e+01 8.94467621e+01 6.76000000e+04 0.00000000e+00 0.00000000e+00 0.00000000e+00]
 [8.91370335e+01 9.00818405e+01 8.85639560e+01 8.97410889e+01 8.66000000e+04 0.00000000e+00 0.00000000e+00 0.00000000e+00]
 [8.90750592e+01 8.92609269e+01 8.75726669e+01 8.78049927e+01 9.34500000e+04 0.00000000e+00 0.00000000e+00 0.00000000e+00]
 [8.81921890e+01 8.94777471e+01 8.81302390e+01 8.92918854e+01 8.82200000e+05 0.00000000e+00 0.00000000e+00 0.00000000e+00]
 [8.85019524e+01 8.85019524e+01 8.72473783e+01 8.80063171e+01 1.27200000e+05 0.00000000e+00 0.00000000e+00 0.00000000e+00]
 [8.84555184e+01 8.88737119e+01 8.67362805e+01 8.71699600e+01 1.62800000e+05 0.00000000e+00 0.00000000e+00 0.00000000e+00]
 [8.68136863e+01 8.71234597e+01 8.60392555e+01 8.61941452e+01 9.45150000e+05 0.00000000e+00 0.00000000e+00 0.00000000e+00]
 [8.71389733e+01 8.72164211e+01 8.63955203e+01 8.65194321e+01 8.25500000e+04 0.00000000e+00 0.00000000e+00 0.00000000e+00]
 [8.71389834e+01 8.75881549e+01 8.64574862e+01 8.65813980e+01 1.48000000e+06 0.00000000e+00 0.00000000e+00 0.00000000e+00]
 [8.69530832e+01 8.71234590e+01 8.55281335e+01 8.56985092e+01 4.54150000e+05 0.00000000e+00 0.00000000e+00 0.00000000e+00]
 [8.69995927e+01 8.84090631e+01 8.69995927e+01 8.82541733e+01 1.43850000e+05 0.00000000e+00 0.00000000e+00 0.00000000e+00]
 [8.82076749e+01 8.85793984e+01 8.75261720e+01 8.85174484e+01 1.82650000e+05 0.00000000e+00 0.00000000e+00 0.00000000e+00]
 [8.88272304e+01 8.93538437e+01 8.86723466e+01 8.93538437e+01 1.43980000e+06 0.00000000e+00 0.00000000e+00 0.00000000e+00]
 [8.95611001e+01 9.01220265e+01 8.94052898e+01 9.00597000e+01 2.56450000e+05 6.86000000e-01 0.00000000e+00 0.00000000e+00]
 [8.98882604e+01 9.19294070e+01 8.98726818e+01 9.01531448e+01 3.88650000e+05 0.00000000e+00 0.00000000e+00 0.00000000e+00]
 [9.01531350e+01 9.01531350e+01 8.88910513e+01 8.90468674e+01 1.80300000e+05 0.00000000e+00 0.00000000e+00 0.00000000e+00]
 [8.92961964e+01 9.20540799e+01 8.92182853e+01 8.98571167e+01 2.59100000e+05 0.00000000e+00 0.00000000e+00 0.00000000e+00]
 [8.98415483e+01 9.00285218e+01 8.95143433e+01 8.95143433e+01 2.54300000e+05 0.00000000e+00 0.00000000e+00 0.00000000e+00]
 [9.10724587e+01 9.15087321e+01 9.08387375e+01 9.08387375e+01 1.63250000e+05 0.00000000e+00 0.00000000e+00 0.00000000e+00]
 [9.07141199e+01 9.10880669e+01 9.03401670e+01 9.09945831e+01 4.48450000e+05 0.00000000e+00 0.00000000e+00 0.00000000e+00]
 [9.05894382e+01 9.13840857e+01 9.01220016e+01 9.12905960e+01 2.53500000e+05 0.00000000e+00 0.00000000e+00 0.00000000e+00]
 [9.13840779e+01 9.13840779e+01 9.07452466e+01 9.11036148e+01 1.66900000e+05 0.00000000e+00 0.00000000e+00 0.00000000e+00]
 [9.12594294e+01 9.13373345e+01 9.07919928e+01 9.12438507e+01 1.77000000e+05 0.00000000e+00 0.00000000e+00 0.00000000e+00]
 [9.22098921e+01 9.23501237e+01 9.19138504e+01 9.20229187e+01 2.61200000e+05 0.00000000e+00 0.00000000e+00 0.00000000e+00]
 [9.17580258e+01 9.21942991e+01 9.15866310e+01 9.21163940e+01 2.03800000e+05 0.00000000e+00 0.00000000e+00 0.00000000e+00]
 [9.23345255e+01 9.24280152e+01 9.16022104e+01 9.23189468e+01 2.02250000e+05 0.00000000e+00 0.00000000e+00 0.00000000e+00]
 [9.16957144e+01 9.19294357e+01 9.10101411e+01 9.19294357e+01 1.47200000e+05 0.00000000e+00 0.00000000e+00 0.00000000e+00]
 [9.26929106e+01 9.28487208e+01 9.19761682e+01 9.21787262e+01 3.24250000e+05 0.00000000e+00 0.00000000e+00 0.00000000e+00]
 [9.21787219e+01 9.32070847e+01 9.20073271e+01 9.32070847e+01 1.72100000e+05 0.00000000e+00 0.00000000e+00 0.00000000e+00]
 [9.34875290e+01 9.37524075e+01 9.32693924e+01 9.37056656e+01 2.24500000e+05 0.00000000e+00 0.00000000e+00 0.00000000e+00]
 [9.35498554e+01 9.37524075e+01 9.33161342e+01 9.37056656e+01 3.45200000e+05 0.00000000e+00 0.00000000e+00 0.00000000e+00]
 [9.37056818e+01 9.42510293e+01 9.33784768e+01 9.37991714e+01 1.30950000e+05 0.00000000e+00 0.00000000e+00 0.00000000e+00]
 [9.32382561e+01 9.37212773e+01 9.30824459e+01 9.36589508e+01 2.03100000e+05 0.00000000e+00 0.00000000e+00 0.00000000e+00]
 [9.35498908e+01 9.46873222e+01 9.32071012e+01 9.44847641e+01 2.54050000e+05 0.00000000e+00 0.00000000e+00 0.00000000e+00]
 [9.49365896e+01 9.50456579e+01 9.36121852e+01 9.40017166e+01 1.37600000e+05 0.00000000e+00 0.00000000e+00 0.00000000e+00]
 [9.35187374e+01 9.40952424e+01 9.34875742e+01 9.38771057e+01 1.04100000e+05 0.00000000e+00 0.00000000e+00 0.00000000e+00]
 [9.30201413e+01 9.36433882e+01 9.26929362e+01 9.35654831e+01 3.29650000e+05 0.00000000e+00 0.00000000e+00 0.00000000e+00]
 [9.41108121e+01 9.42042958e+01 9.31759329e+01 9.35187225e+01 1.57450000e+05 0.00000000e+00 0.00000000e+00 0.00000000e+00]
 [9.42666135e+01 9.48431184e+01 9.41575452e+01 9.44068451e+01 9.90500000e+04 0.00000000e+00 0.00000000e+00 0.00000000e+00]
 [9.46094033e+01 9.47807980e+01 9.42354504e+01 9.45938187e+01 1.43050000e+05 0.00000000e+00 0.00000000e+00 0.00000000e+00]
 [9.55131051e+01 9.59337997e+01 9.53417103e+01 9.59337997e+01 2.23150000e+05 0.00000000e+00 0.00000000e+00 0.00000000e+00]
 [9.54975069e+01 9.58402904e+01 9.53572754e+01 9.57935486e+01 1.50200000e+05 0.00000000e+00 0.00000000e+00 0.00000000e+00]
 [9.56377705e+01 9.62298541e+01 9.52638177e+01 9.60896225e+01 1.64250000e+05 0.00000000e+00 0.00000000e+00 0.00000000e+00]
 [9.61363651e+01 9.63700804e+01 9.57312490e+01 9.62921753e+01 2.59750000e+05 0.00000000e+00 0.00000000e+00 0.00000000e+00]
 [9.65259362e+01 9.66194200e+01 9.59338465e+01 9.64012833e+01 2.59000000e+05 0.00000000e+00 0.00000000e+00 0.00000000e+00]
 [9.55754238e+01 9.58247236e+01 9.53884504e+01 9.57468185e+01 1.23500000e+05 0.00000000e+00 0.00000000e+00 0.00000000e+00]
 [9.64324070e+01 9.65882231e+01 9.60584601e+01 9.64791489e+01 2.30400000e+05 0.00000000e+00 0.00000000e+00 0.00000000e+00]
 [9.62142677e+01 9.63856625e+01 9.57156679e+01 9.63389206e+01 2.03400000e+05 0.00000000e+00 0.00000000e+00 0.00000000e+00]
 [9.66817219e+01 9.67907902e+01 9.57312640e+01 9.59182434e+01 1.88100000e+05 0.00000000e+00 0.00000000e+00 0.00000000e+00]
 [9.59182320e+01 9.70244999e+01 9.57624158e+01 9.69621735e+01 4.38550000e+05 0.00000000e+00 0.00000000e+00 0.00000000e+00]
 [9.73049454e+01 9.73205240e+01 9.68530875e+01 9.71958771e+01 6.04200000e+05 0.00000000e+00 0.00000000e+00 0.00000000e+00]
 [9.74607596e+01 9.76633176e+01 9.69621599e+01 9.72582016e+01 7.58200000e+05 0.00000000e+00 0.00000000e+00 0.00000000e+00]
 [9.70712237e+01 9.72893603e+01 9.67907606e+01 9.69309921e+01 1.90900000e+05 0.00000000e+00 0.00000000e+00 0.00000000e+00]
 [9.68998377e+01 9.74451853e+01 9.65726328e+01 9.73984375e+01 3.28050000e+05 0.00000000e+00 0.00000000e+00 0.00000000e+00]
 [9.76009999e+01 9.77723947e+01 9.73828632e+01 9.75386734e+01 1.62950000e+05 0.00000000e+00 0.00000000e+00 0.00000000e+00]
 [9.69465970e+01 9.80061231e+01 9.67752022e+01 9.77100754e+01 2.67800000e+05 0.00000000e+00 0.00000000e+00 0.00000000e+00]
 [9.78035718e+01 9.80840349e+01 9.76010137e+01 9.80528717e+01 1.41900000e+05 0.00000000e+00 0.00000000e+00 0.00000000e+00]
 [9.81931118e+01 9.84735750e+01 9.74763752e+01 9.75231171e+01 2.29600000e+05 0.00000000e+00 0.00000000e+00 0.00000000e+00]
 [9.78814708e+01 9.83333287e+01 9.75386811e+01 9.81619339e+01 1.93450000e+05 0.00000000e+00 0.00000000e+00 0.00000000e+00]
 [9.81307796e+01 9.82086847e+01 9.76633429e+01 9.78970642e+01 1.42800000e+05 0.00000000e+00 0.00000000e+00 0.00000000e+00]
 [9.77100718e+01 9.77568196e+01 9.71179883e+01 9.74763565e+01 6.67900000e+05 0.00000000e+00 0.00000000e+00 0.00000000e+00]
 [9.64479940e+01 9.64947359e+01 9.57468362e+01 9.59493942e+01 4.11100000e+05 0.00000000e+00 0.00000000e+00 0.00000000e+00]
 [9.62766248e+01 9.68531299e+01 9.61831351e+01 9.67128983e+01 1.70350000e+05 0.00000000e+00 0.00000000e+00 0.00000000e+00]
 [9.73205458e+01 9.78503089e+01 9.71024091e+01 9.76477509e+01 2.53600000e+05 0.00000000e+00 0.00000000e+00 0.00000000e+00]
 [9.78658573e+01 9.82709673e+01 9.77567890e+01 9.80216675e+01 1.52950000e+05 0.00000000e+00 0.00000000e+00 0.00000000e+00]
 [9.80528570e+01 9.81775040e+01 9.77100674e+01 9.80684357e+01 1.74700000e+05 0.00000000e+00 0.00000000e+00 0.00000000e+00]
 [9.86137882e+01 9.98602817e+01 9.84423934e+01 9.98291245e+01 1.92100000e+05 0.00000000e+00 0.00000000e+00 0.00000000e+00]
 [9.98758507e+01 1.00078415e+02 9.94395774e+01 9.97511978e+01 7.09950000e+05 0.00000000e+00 0.00000000e+00 0.00000000e+00]
 [9.98914492e+01 1.00343307e+02 9.96265648e+01 1.00265396e+02 5.01650000e+05 0.00000000e+00 0.00000000e+00 0.00000000e+00]
 [1.00514685e+02 1.00577012e+02 1.00265379e+02 1.00405617e+02 2.72250000e+05 0.00000000e+00 0.00000000e+00 0.00000000e+00]
 [1.00405621e+02 1.01153514e+02 1.00312125e+02 1.00826309e+02 1.43500000e+05 0.00000000e+00 0.00000000e+00 0.00000000e+00]
 [1.00280982e+02 1.00654929e+02 1.00000519e+02 1.00545860e+02 1.31080000e+06 0.00000000e+00 0.00000000e+00 0.00000000e+00]
 [1.00577009e+02 1.00686078e+02 1.00187478e+02 1.00390030e+02 1.62100000e+05 0.00000000e+00 0.00000000e+00 0.00000000e+00]
 [9.96421709e+01 9.99070555e+01 9.93617077e+01 9.96110077e+01 6.33200000e+05 0.00000000e+00 0.00000000e+00 0.00000000e+00]
 [9.97667975e+01 1.00062845e+02 9.91902926e+01 1.00000519e+02 1.11950000e+05 0.00000000e+00 0.00000000e+00 0.00000000e+00]
 [1.00696991e+02 1.01354332e+02 1.00681349e+02 1.01354332e+02 2.03000000e+05 5.70000000e-01 0.00000000e+00 0.00000000e+00]
 [1.01495144e+02 1.01557748e+02 1.01025628e+02 1.01072578e+02 5.73550000e+05 0.00000000e+00 0.00000000e+00 0.00000000e+00]
 [1.01041283e+02 1.01166492e+02 1.00008340e+02 1.00587410e+02 2.01350000e+05 0.00000000e+00 0.00000000e+00 0.00000000e+00]
 [9.99926984e+01 1.00524830e+02 9.95857813e+01 1.00415276e+02 2.61205000e+06 0.00000000e+00 0.00000000e+00 0.00000000e+00]
 [1.00884801e+02 1.00978702e+02 1.00352681e+02 1.00743950e+02 2.70750000e+05 0.00000000e+00 0.00000000e+00 0.00000000e+00]
 [1.00743920e+02 1.01823815e+02 1.00540453e+02 1.01557755e+02 3.74700000e+05 0.00000000e+00 0.00000000e+00 0.00000000e+00]
 [1.01369952e+02 1.01589073e+02 1.00556118e+02 1.01166496e+02 3.33850000e+05 0.00000000e+00 0.00000000e+00 0.00000000e+00]
 [1.00368309e+02 1.00462222e+02 9.98048869e+01 1.00102249e+02 3.83000000e+05 0.00000000e+00 0.00000000e+00 0.00000000e+00]
 [9.97892468e+01 1.00383977e+02 9.96953461e+01 1.00070961e+02 7.22350000e+05 0.00000000e+00 0.00000000e+00 0.00000000e+00]
 [9.88345596e+01 9.93666857e+01 9.87093506e+01 9.89597626e+01 4.74850000e+05 0.00000000e+00 0.00000000e+00 0.00000000e+00]
 [9.87719327e+01 9.90379927e+01 9.72068569e+01 9.72381592e+01 3.92650000e+05 0.00000000e+00 0.00000000e+00 0.00000000e+00]
 [9.83336917e+01 9.84588946e+01 9.79267687e+01 9.80363235e+01 1.72850000e+05 0.00000000e+00 0.00000000e+00 0.00000000e+00]
 [9.81459052e+01 9.94292670e+01 9.81302571e+01 9.93823166e+01 1.05550000e+05 0.00000000e+00 0.00000000e+00 0.00000000e+00]
 [9.91475393e+01 9.91475393e+01 9.80989415e+01 9.81928482e+01 2.41685000e+06 0.00000000e+00 0.00000000e+00 0.00000000e+00]
 [9.87249845e+01 9.88345394e+01 9.77702873e+01 9.80832977e+01 8.26850000e+05 0.00000000e+00 0.00000000e+00 0.00000000e+00]
 [9.87249641e+01 9.97892099e+01 9.86623596e+01 9.95857544e+01 4.97450000e+05 0.00000000e+00 0.00000000e+00 0.00000000e+00]
 [9.91632101e+01 9.95701272e+01 9.90693034e+01 9.92414627e+01 4.20750000e+05 0.00000000e+00 0.00000000e+00 0.00000000e+00]
 [9.92727680e+01 9.96170866e+01 9.81615655e+01 9.85997849e+01 8.31200000e+05 0.00000000e+00 0.00000000e+00 0.00000000e+00]
 [9.90536625e+01 9.93666789e+01 9.87249980e+01 9.87562943e+01 1.12100000e+05 0.00000000e+00 0.00000000e+00 0.00000000e+00]
 [9.77702910e+01 9.80207029e+01 9.73477198e+01 9.79111481e+01 3.24950000e+05 0.00000000e+00 0.00000000e+00 0.00000000e+00]
 [9.80050445e+01 9.85371706e+01 9.79737423e+01 9.82711105e+01 4.69300000e+05 0.00000000e+00 0.00000000e+00 0.00000000e+00]
 [9.92571151e+01 9.96796863e+01 9.91945166e+01 9.96483841e+01 1.71750000e+05 0.00000000e+00 0.00000000e+00 0.00000000e+00]
 [9.94762000e+01 1.00462199e+02 9.93822934e+01 1.00336990e+02 1.57100000e+05 0.00000000e+00 0.00000000e+00 0.00000000e+00]
 [1.00681314e+02 1.00806523e+02 1.00117886e+02 1.00540451e+02 1.85050000e+05 0.00000000e+00 0.00000000e+00 0.00000000e+00]
 [1.00337013e+02 1.00368309e+02 9.98831395e+01 1.00102249e+02 2.47600000e+05 0.00000000e+00 0.00000000e+00 0.00000000e+00]
 [1.00133571e+02 1.01416939e+02 1.00008368e+02 1.00759598e+02 5.27450000e+05 0.00000000e+00 0.00000000e+00 0.00000000e+00]
 [1.00211800e+02 1.00571773e+02 9.98674874e+01 1.00446564e+02 1.54250000e+05 0.00000000e+00 0.00000000e+00 0.00000000e+00]
 [1.00524837e+02 1.00556133e+02 9.95388316e+01 9.97109909e+01 1.77000000e+05 0.00000000e+00 0.00000000e+00 0.00000000e+00]
 [9.91945061e+01 9.92571046e+01 9.80520015e+01 9.80832977e+01 3.65200000e+05 0.00000000e+00 0.00000000e+00 0.00000000e+00]
 [9.77389737e+01 9.84902092e+01 9.77076714e+01 9.81615448e+01 9.90350000e+05 0.00000000e+00 0.00000000e+00 0.00000000e+00]
 [9.75824415e+01 9.79111119e+01 9.66277506e+01 9.77389526e+01 4.03050000e+05 0.00000000e+00 0.00000000e+00 0.00000000e+00]
 [9.67216787e+01 9.78015848e+01 9.62834594e+01 9.71912003e+01 3.73700000e+05 0.00000000e+00 0.00000000e+00 0.00000000e+00]
 [9.79267704e+01 9.79580726e+01 9.72224853e+01 9.73633423e+01 1.30100000e+05 0.00000000e+00 0.00000000e+00 0.00000000e+00]
 [9.67999193e+01 9.79737259e+01 9.67529689e+01 9.70503311e+01 3.65300000e+05 0.00000000e+00 0.00000000e+00 0.00000000e+00]
 [9.61426039e+01 9.66747299e+01 9.58921921e+01 9.60173950e+01 9.53250000e+05 0.00000000e+00 0.00000000e+00 0.00000000e+00]
 [9.59234929e+01 9.65025693e+01 9.53287625e+01 9.54852676e+01 1.53250000e+06 0.00000000e+00 0.00000000e+00 0.00000000e+00]
 [9.58765399e+01 9.62678089e+01 9.50783539e+01 9.50783539e+01 3.31350000e+05 0.00000000e+00 0.00000000e+00 0.00000000e+00]
 [9.51409601e+01 9.52192127e+01 9.36384888e+01 9.36384888e+01 2.88750000e+05 0.00000000e+00 0.00000000e+00 0.00000000e+00]
 [9.40297649e+01 9.42175723e+01 9.27776994e+01 9.29029083e+01 7.60350000e+05 0.00000000e+00 0.00000000e+00 0.00000000e+00]
 [9.31533230e+01 9.45149374e+01 9.30437682e+01 9.44679871e+01 2.71550000e+05 0.00000000e+00 0.00000000e+00 0.00000000e+00]
 [9.47496851e+01 9.53757118e+01 9.40453998e+01 9.46714325e+01 6.54450000e+05 0.00000000e+00 0.00000000e+00 0.00000000e+00]
 [9.39827954e+01 9.47966354e+01 9.30594005e+01 9.46714325e+01 1.76000000e+05 0.00000000e+00 0.00000000e+00 0.00000000e+00]
 [9.49844545e+01 9.50783612e+01 9.40923617e+01 9.48435974e+01 1.12050000e+05 0.00000000e+00 0.00000000e+00 0.00000000e+00]
 [9.48592450e+01 9.50783546e+01 9.43897234e+01 9.46244812e+01 3.36400000e+05 0.00000000e+00 0.00000000e+00 0.00000000e+00]
 [9.53757210e+01 9.58921989e+01 9.50470565e+01 9.57043915e+01 3.06600000e+05 0.00000000e+00 0.00000000e+00 0.00000000e+00]
 [9.49218484e+01 9.49531446e+01 9.41393105e+01 9.43271179e+01 8.09500000e+05 0.00000000e+00 0.00000000e+00 0.00000000e+00]
 [9.43271176e+01 9.47966391e+01 9.33254700e+01 9.40923538e+01 4.24150000e+05 0.00000000e+00 0.00000000e+00 0.00000000e+00]
 [9.26055365e+01 9.29342069e+01 9.17447459e+01 9.17917023e+01 6.41850000e+05 0.00000000e+00 0.00000000e+00 0.00000000e+00]
 [9.19012636e+01 9.21516755e+01 9.10404670e+01 9.17604065e+01 2.13600000e+05 0.00000000e+00 0.00000000e+00 0.00000000e+00]
 [9.15256137e+01 9.25116130e+01 9.14786634e+01 9.22925034e+01 2.52350000e+05 0.00000000e+00 0.00000000e+00 0.00000000e+00]
 [9.30593949e+01 9.45149157e+01 9.30124445e+01 9.44992676e+01 2.54650000e+05 0.00000000e+00 0.00000000e+00 0.00000000e+00]
 [9.55635258e+01 9.55948280e+01 9.43584167e+01 9.44836197e+01 2.01000000e+05 0.00000000e+00 0.00000000e+00 0.00000000e+00]
 [9.43740739e+01 9.53131230e+01 9.39828049e+01 9.52661667e+01 2.19550000e+05 0.00000000e+00 0.00000000e+00 0.00000000e+00]
 [9.60956563e+01 9.61269526e+01 9.39984545e+01 9.41080093e+01 3.04600000e+05 0.00000000e+00 0.00000000e+00 0.00000000e+00]
 [9.43584175e+01 9.52035599e+01 9.39045441e+01 9.52035599e+01 1.68300000e+05 0.00000000e+00 0.00000000e+00 0.00000000e+00]
 [9.48748845e+01 9.54226646e+01 9.42332037e+01 9.45775223e+01 1.44900000e+05 0.00000000e+00 0.00000000e+00 0.00000000e+00]
 [9.47496905e+01 9.59391455e+01 9.45618771e+01 9.56261292e+01 2.18135000e+06 0.00000000e+00 0.00000000e+00 0.00000000e+00]
 [9.59548110e+01 9.65964919e+01 9.57982998e+01 9.64712830e+01 2.29250000e+05 0.00000000e+00 0.00000000e+00 0.00000000e+00]
 [9.61582581e+01 9.69564502e+01 9.59235003e+01 9.66747360e+01 4.82500000e+05 0.00000000e+00 0.00000000e+00 0.00000000e+00]
 [9.71912010e+01 9.80519974e+01 9.71442506e+01 9.76607285e+01 1.75200000e+05 0.00000000e+00 0.00000000e+00 0.00000000e+00]
 [9.76920418e+01 9.79581078e+01 9.67999489e+01 9.75042343e+01 2.35700000e+05 0.00000000e+00 0.00000000e+00 0.00000000e+00]
 [9.76450707e+01 9.76763729e+01 9.52505068e+01 9.53600616e+01 1.55400000e+05 0.00000000e+00 0.00000000e+00 0.00000000e+00]
 [9.58452353e+01 9.62208501e+01 9.54696145e+01 9.60486908e+01 2.85800000e+05 0.00000000e+00 0.00000000e+00 0.00000000e+00]
 [9.50575380e+01 9.50732742e+01 9.41765054e+01 9.45226288e+01 2.83200000e+05 6.40000000e-01 0.00000000e+00 0.00000000e+00]
 [9.47743370e+01 9.52620497e+01 9.42551520e+01 9.49788589e+01 3.52750000e+05 0.00000000e+00 0.00000000e+00 0.00000000e+00]
 [9.53092740e+01 9.60172449e+01 9.52620715e+01 9.58284531e+01 3.01100000e+05 0.00000000e+00 0.00000000e+00 0.00000000e+00]
 [9.52148574e+01 9.56868399e+01 9.45068806e+01 9.56081772e+01 1.71750000e+05 0.00000000e+00 0.00000000e+00 0.00000000e+00]
 [9.73230740e+01 9.80310510e+01 9.70556134e+01 9.79838486e+01 3.05000000e+05 0.00000000e+00 0.00000000e+00 0.00000000e+00]
 [9.82512894e+01 9.83456823e+01 9.75747788e+01 9.82512894e+01 2.58700000e+05 0.00000000e+00 0.00000000e+00 0.00000000e+00]
 [9.82513103e+01 9.89592873e+01 9.81411812e+01 9.88963547e+01 1.61050000e+05 0.00000000e+00 0.00000000e+00 0.00000000e+00]
 [9.85974168e+01 9.88806076e+01 9.81097041e+01 9.84715576e+01 3.08900000e+05 0.00000000e+00 0.00000000e+00 0.00000000e+00]
 [9.75275836e+01 9.77006393e+01 9.70398649e+01 9.75590439e+01 4.78350000e+05 0.00000000e+00 0.00000000e+00 0.00000000e+00]
 [9.74961373e+01 9.75590639e+01 9.69612220e+01 9.74332047e+01 1.77800000e+05 0.00000000e+00 0.00000000e+00 0.00000000e+00]
 [9.79051664e+01 9.80152954e+01 9.62217581e+01 9.65364151e+01 3.22300000e+05 0.00000000e+00 0.00000000e+00 0.00000000e+00]
 [9.65835827e+01 9.68353071e+01 9.60172014e+01 9.65521164e+01 1.99700000e+05 0.00000000e+00 0.00000000e+00 0.00000000e+00]
 [9.60015020e+01 9.65049509e+01 9.54351205e+01 9.60486984e+01 4.32700000e+05 0.00000000e+00 0.00000000e+00 0.00000000e+00]
 [9.63476286e+01 9.77793126e+01 9.63476286e+01 9.76849136e+01 4.80650000e+05 0.00000000e+00 0.00000000e+00 0.00000000e+00]
 [9.74646454e+01 9.77478361e+01 9.71185220e+01 9.74646454e+01 1.64400000e+05 0.00000000e+00 0.00000000e+00 0.00000000e+00]
 [9.78579472e+01 9.83299296e+01 9.68510496e+01 9.81568680e+01 2.93450000e+05 0.00000000e+00 0.00000000e+00 0.00000000e+00]
 [9.79208803e+01 9.90536371e+01 9.78579478e+01 9.88648453e+01 2.42900000e+05 0.00000000e+00 0.00000000e+00 0.00000000e+00]
 [9.91008699e+01 9.94312571e+01 9.87704767e+01 9.91166000e+01 5.16500000e+05 0.00000000e+00 0.00000000e+00 0.00000000e+00]
 [9.85659535e+01 9.87075488e+01 9.81254312e+01 9.82040939e+01 6.06900000e+05 0.00000000e+00 0.00000000e+00 0.00000000e+00]
 [9.67724233e+01 9.74961365e+01 9.63476431e+01 9.72286758e+01 4.51450000e+05 0.00000000e+00 0.00000000e+00 0.00000000e+00]
 [9.73073069e+01 9.73073069e+01 9.57497640e+01 9.64577408e+01 5.33700000e+05 0.00000000e+00 0.00000000e+00 0.00000000e+00]
 [9.66151022e+01 9.68353604e+01 9.59071252e+01 9.63948441e+01 5.09100000e+05 0.00000000e+00 0.00000000e+00 0.00000000e+00]
 [9.78422515e+01 9.81883749e+01 9.73545387e+01 9.79681168e+01 4.12450000e+05 0.00000000e+00 0.00000000e+00 0.00000000e+00]
 [9.85345011e+01 1.00092045e+02 9.83614394e+01 9.98560562e+01 9.01950000e+05 0.00000000e+00 0.00000000e+00 0.00000000e+00]
 [9.97144297e+01 1.00265075e+02 9.95099018e+01 9.98088226e+01 3.48300000e+05 0.00000000e+00 0.00000000e+00 0.00000000e+00]
 [9.96829959e+01 9.99504505e+01 9.91638107e+01 9.91638107e+01 6.81600000e+05 0.00000000e+00 0.00000000e+00 0.00000000e+00]
 [9.98088308e+01 9.98402971e+01 9.88963320e+01 9.90536575e+01 5.26450000e+05 0.00000000e+00 0.00000000e+00 0.00000000e+00]
 [9.83299457e+01 9.90064563e+01 9.76062388e+01 9.83614120e+01 4.78100000e+05 0.00000000e+00 0.00000000e+00 0.00000000e+00]
 [9.97773831e+01 1.00485360e+02 9.96987203e+01 1.00280838e+02 2.39850000e+05 0.00000000e+00 0.00000000e+00 0.00000000e+00]
 [1.00595475e+02 1.00894396e+02 1.00469616e+02 1.00548279e+02 5.47200000e+05 0.00000000e+00 0.00000000e+00 0.00000000e+00]
 [1.00925875e+02 1.01429324e+02 1.00894403e+02 1.01004532e+02 3.80200000e+05 0.00000000e+00 0.00000000e+00 0.00000000e+00]
 [1.00658438e+02 1.01240550e+02 1.00658438e+02 1.01114685e+02 3.22000000e+05 0.00000000e+00 0.00000000e+00 0.00000000e+00]
 [1.01020263e+02 1.01413583e+02 1.00894398e+02 1.01224785e+02 3.60650000e+05 0.00000000e+00 0.00000000e+00 0.00000000e+00]
 [1.00847197e+02 1.01429315e+02 1.00642675e+02 1.01382118e+02 3.36450000e+05 0.00000000e+00 0.00000000e+00 0.00000000e+00]
 [1.01209066e+02 1.01366392e+02 1.00800010e+02 1.01303459e+02 3.29900000e+05 0.00000000e+00 0.00000000e+00 0.00000000e+00]
 [1.01696778e+02 1.01743974e+02 1.01051740e+02 1.01350655e+02 4.56950000e+05 0.00000000e+00 0.00000000e+00 0.00000000e+00]
 [1.01287731e+02 1.01618118e+02 1.01224798e+02 1.01460793e+02 2.13000000e+05 0.00000000e+00 0.00000000e+00 0.00000000e+00]
 [1.01586664e+02 1.02341844e+02 1.01366406e+02 1.02153046e+02 6.32400000e+05 0.00000000e+00 0.00000000e+00 0.00000000e+00]
 [1.02373294e+02 1.02436227e+02 1.02105840e+02 1.02389030e+02 3.55350000e+05 0.00000000e+00 0.00000000e+00 0.00000000e+00]
 [1.02247400e+02 1.02373265e+02 1.01932749e+02 1.02357529e+02 2.88100000e+05 0.00000000e+00 0.00000000e+00 0.00000000e+00]
 [1.02609266e+02 1.03002586e+02 1.01838363e+02 1.02042885e+02 3.04100000e+05 0.00000000e+00 0.00000000e+00 0.00000000e+00]
 [1.01775418e+02 1.02215935e+02 1.01555160e+02 1.02058609e+02 3.50050000e+05 0.00000000e+00 0.00000000e+00 0.00000000e+00]
 [1.01869857e+02 1.01869857e+02 1.01083217e+02 1.01256279e+02 1.59950000e+05 0.00000000e+00 0.00000000e+00 0.00000000e+00]
 [1.01051723e+02 1.02090081e+02 1.00957318e+02 1.01885559e+02 4.10950000e+05 0.00000000e+00 0.00000000e+00 0.00000000e+00]
 [1.02153014e+02 1.02263143e+02 1.01759694e+02 1.01885559e+02 2.21650000e+05 0.00000000e+00 0.00000000e+00 0.00000000e+00]
 [1.01649586e+02 1.02105839e+02 1.01476525e+02 1.01791176e+02 1.93400000e+05 0.00000000e+00 0.00000000e+00 0.00000000e+00]
 [1.01869823e+02 1.02137277e+02 1.01586632e+02 1.01885559e+02 1.76900000e+05 0.00000000e+00 0.00000000e+00 0.00000000e+00]
 [1.01413612e+02 1.01429348e+02 1.00925899e+02 1.01114685e+02 1.48950000e+05 0.00000000e+00 0.00000000e+00 0.00000000e+00]
 [1.01712499e+02 1.02074347e+02 1.01067449e+02 1.01649567e+02 8.05400000e+05 0.00000000e+00 0.00000000e+00 0.00000000e+00]
 [1.01586640e+02 1.01806898e+02 1.00878669e+02 1.01382118e+02 3.47800000e+05 0.00000000e+00 0.00000000e+00 0.00000000e+00]
 [1.01602376e+02 1.01838371e+02 1.01256253e+02 1.01382118e+02 4.17050000e+05 0.00000000e+00 0.00000000e+00 0.00000000e+00]
 [1.02058648e+02 1.03490326e+02 1.02058648e+02 1.03490326e+02 2.61200000e+05 0.00000000e+00 0.00000000e+00 0.00000000e+00]
 [1.03679091e+02 1.03915085e+02 1.03584686e+02 1.03915085e+02 5.13200000e+05 0.00000000e+00 0.00000000e+00 0.00000000e+00]
 [1.03820702e+02 1.03993764e+02 1.03270057e+02 1.03301529e+02 1.87450000e+05 0.00000000e+00 0.00000000e+00 0.00000000e+00]
 [1.03411659e+02 1.03930833e+02 1.03348727e+02 1.03584709e+02 3.48400000e+05 0.00000000e+00 0.00000000e+00 0.00000000e+00]
 [1.03993742e+02 1.04056674e+02 1.03631894e+02 1.03915085e+02 2.90700000e+05 0.00000000e+00 0.00000000e+00 0.00000000e+00]
 [1.03962292e+02 1.05865959e+02 1.03804967e+02 1.05567032e+02 3.35050000e+05 0.00000000e+00 0.00000000e+00 0.00000000e+00]
 [1.05755835e+02 1.06652603e+02 1.05692902e+02 1.06007553e+02 8.55800000e+05 0.00000000e+00 0.00000000e+00 0.00000000e+00]
 [1.05803046e+02 1.05960372e+02 1.05393990e+02 1.05692917e+02 3.38400000e+05 0.00000000e+00 0.00000000e+00 0.00000000e+00]
 [1.05519831e+02 1.05692893e+02 1.05315309e+02 1.05582764e+02 2.16950000e+05 0.00000000e+00 0.00000000e+00 0.00000000e+00]
 [1.05708657e+02 1.05960376e+02 1.05441191e+02 1.05661461e+02 3.97500000e+05 0.00000000e+00 0.00000000e+00 0.00000000e+00]
 [1.05157959e+02 1.05692880e+02 1.04859044e+02 1.05645683e+02 4.48550000e+05 0.00000000e+00 0.00000000e+00 0.00000000e+00]
 [1.06164881e+02 1.06164881e+02 1.05567028e+02 1.05582764e+02 1.29500000e+06 0.00000000e+00 0.00000000e+00 0.00000000e+00]
 [1.05081487e+02 1.05666595e+02 1.05002426e+02 1.05445206e+02 4.89850000e+05 6.86000000e-01 0.00000000e+00 0.00000000e+00]
 [1.05682383e+02 1.05856334e+02 1.04306594e+02 1.04369850e+02 2.87900000e+05 0.00000000e+00 0.00000000e+00 0.00000000e+00]
 [1.04290800e+02 1.04306617e+02 1.03468497e+02 1.03705704e+02 1.75550000e+05 0.00000000e+00 0.00000000e+00 0.00000000e+00]
 [1.04180127e+02 1.04955003e+02 1.03911298e+02 1.04717796e+02 5.86850000e+05 0.00000000e+00 0.00000000e+00 0.00000000e+00]
 [1.04322420e+02 1.04638688e+02 1.03895446e+02 1.04243347e+02 2.63900000e+05 0.00000000e+00 0.00000000e+00 0.00000000e+00]
 [1.04607087e+02 1.05429390e+02 1.04259185e+02 1.04433136e+02 4.93550000e+05 0.00000000e+00 0.00000000e+00 0.00000000e+00]
 [1.04923333e+02 1.05065662e+02 1.04132653e+02 1.04575432e+02 2.72950000e+05 0.00000000e+00 0.00000000e+00 0.00000000e+00]
 [1.04891678e+02 1.05271201e+02 1.04354009e+02 1.05002373e+02 1.49150000e+05 0.00000000e+00 0.00000000e+00 0.00000000e+00]
 [1.05429386e+02 1.05887983e+02 1.05302874e+02 1.05808922e+02 2.26600000e+05 0.00000000e+00 0.00000000e+00 0.00000000e+00]
 [1.06330757e+02 1.06520525e+02 1.05476820e+02 1.05777283e+02 2.51250000e+05 0.00000000e+00 0.00000000e+00 0.00000000e+00]
 [1.05413590e+02 1.05587529e+02 1.05239639e+02 1.05461029e+02 1.39750000e+05 0.00000000e+00 0.00000000e+00 0.00000000e+00]
 [1.05350329e+02 1.05397768e+02 1.04354063e+02 1.04433136e+02 3.60050000e+05 0.00000000e+00 0.00000000e+00 0.00000000e+00]
 [1.04338262e+02 1.04433140e+02 1.03595020e+02 1.03721519e+02 2.91950000e+05 0.00000000e+00 0.00000000e+00 0.00000000e+00]
 [1.04433154e+02 1.04591288e+02 1.03784790e+02 1.03784790e+02 4.36200000e+05 0.00000000e+00 0.00000000e+00 0.00000000e+00]
 [1.03816399e+02 1.04180106e+02 1.03215474e+02 1.03421059e+02 5.03150000e+05 0.00000000e+00 0.00000000e+00 0.00000000e+00]
 [1.03674072e+02 1.04385692e+02 1.03357804e+02 1.04290802e+02 3.61350000e+05 0.00000000e+00 0.00000000e+00 0.00000000e+00]
 [1.04765256e+02 1.05429426e+02 1.04733634e+02 1.05350365e+02 8.39250000e+05 0.00000000e+00 0.00000000e+00 0.00000000e+00]
 [1.05429396e+02 1.05919626e+02 1.05318701e+02 1.05840553e+02 1.63500000e+05 0.00000000e+00 0.00000000e+00 0.00000000e+00]
 [1.05555869e+02 1.06061904e+02 1.05207967e+02 1.05571686e+02 2.11900000e+05 0.00000000e+00 0.00000000e+00 0.00000000e+00]
 [1.05350344e+02 1.05350344e+02 1.03563397e+02 1.03768982e+02 3.53600000e+05 0.00000000e+00 0.00000000e+00 0.00000000e+00]
 [1.03642439e+02 1.03974523e+02 1.02994075e+02 1.03832207e+02 5.03500000e+05 0.00000000e+00 0.00000000e+00 0.00000000e+00]
 [1.02725260e+02 1.02820137e+02 1.01966213e+02 1.02314102e+02 5.19000000e+05 0.00000000e+00 0.00000000e+00 0.00000000e+00]
 [1.02709435e+02 1.02867581e+02 1.01934571e+02 1.02092705e+02 3.65650000e+05 0.00000000e+00 0.00000000e+00 0.00000000e+00]
 [1.02851771e+02 1.02978283e+02 1.01776444e+02 1.02377357e+02 4.85500000e+05 0.00000000e+00 0.00000000e+00 0.00000000e+00]
 [1.02266645e+02 1.02661985e+02 1.01634098e+02 1.02298279e+02 3.07100000e+05 0.00000000e+00 0.00000000e+00 0.00000000e+00]
 [1.02741054e+02 1.02804309e+02 1.01839678e+02 1.02203384e+02 5.86700000e+05 0.00000000e+00 0.00000000e+00 0.00000000e+00]
 [1.02567138e+02 1.03500136e+02 1.02488065e+02 1.03405258e+02 3.17650000e+05 0.00000000e+00 0.00000000e+00 0.00000000e+00]
 [1.04037781e+02 1.04037781e+02 1.02393164e+02 1.02472237e+02 9.02700000e+05 0.00000000e+00 0.00000000e+00 0.00000000e+00]
 [1.02314102e+02 1.02899210e+02 1.02045273e+02 1.02709442e+02 3.71250000e+05 0.00000000e+00 0.00000000e+00 0.00000000e+00]
 [1.02978250e+02 1.03863808e+02 1.02899177e+02 1.03468468e+02 2.75100000e+05 0.00000000e+00 0.00000000e+00 0.00000000e+00]
 [1.02567110e+02 1.02567110e+02 1.00669475e+02 1.01207138e+02 1.03985000e+06 0.00000000e+00 0.00000000e+00 0.00000000e+00]
 [1.01128079e+02 1.01634109e+02 9.98629913e+01 9.98629913e+01 8.19250000e+05 0.00000000e+00 0.00000000e+00 0.00000000e+00]
 [9.96257771e+01 1.00938310e+02 9.95625212e+01 9.99736786e+01 1.03275000e+06 0.00000000e+00 0.00000000e+00 0.00000000e+00]
 [1.00321585e+02 1.00463908e+02 9.98946169e+01 1.00116013e+02 1.79700000e+05 0.00000000e+00 0.00000000e+00 0.00000000e+00]
 [9.95625287e+01 1.00780178e+02 9.94360229e+01 9.97522964e+01 4.38750000e+05 0.00000000e+00 0.00000000e+00 0.00000000e+00]
 [1.00068570e+02 1.00179264e+02 9.81709402e+01 9.85346527e+01 3.40050000e+05 0.00000000e+00 0.00000000e+00 0.00000000e+00]
 [9.84397741e+01 9.87876756e+01 9.78546719e+01 9.81551285e+01 6.15400000e+05 0.00000000e+00 0.00000000e+00 0.00000000e+00]
 [9.83923271e+01 9.88983624e+01 9.75542013e+01 9.86611557e+01 4.03450000e+05 0.00000000e+00 0.00000000e+00 0.00000000e+00]
 [9.98313975e+01 1.00701145e+02 9.97839525e+01 1.00669518e+02 3.34250000e+05 0.00000000e+00 0.00000000e+00 0.00000000e+00]
 [1.00558792e+02 1.00906694e+02 9.99578731e+01 1.00780182e+02 3.68750000e+05 0.00000000e+00 0.00000000e+00 0.00000000e+00]
 [1.00843453e+02 1.01033215e+02 1.00653691e+02 1.01001587e+02 1.43850000e+05 0.00000000e+00 0.00000000e+00 0.00000000e+00]
 [1.01460183e+02 1.02345742e+02 1.01381110e+02 1.02282486e+02 1.82700000e+05 0.00000000e+00 0.00000000e+00 0.00000000e+00]
 [1.01839677e+02 1.02155945e+02 1.01491776e+02 1.02155945e+02 3.96800000e+05 0.00000000e+00 0.00000000e+00 0.00000000e+00]
 [1.02013658e+02 1.02345742e+02 1.01523427e+02 1.01665756e+02 2.94950000e+05 0.00000000e+00 0.00000000e+00 0.00000000e+00]
 [1.01191320e+02 1.02456408e+02 1.00637840e+02 1.02424774e+02 2.53350000e+05 0.00000000e+00 0.00000000e+00 0.00000000e+00]
 [1.02835931e+02 1.03199649e+02 1.02377334e+02 1.02883369e+02 2.93200000e+05 0.00000000e+00 0.00000000e+00 0.00000000e+00]
 [1.02915040e+02 1.03088991e+02 1.02567139e+02 1.02788528e+02 3.87400000e+05 0.00000000e+00 0.00000000e+00 0.00000000e+00]
 [1.03373601e+02 1.03436857e+02 1.02314079e+02 1.02424774e+02 4.06950000e+05 0.00000000e+00 0.00000000e+00 0.00000000e+00]
 [1.02424802e+02 1.02693643e+02 1.01966218e+02 1.02235046e+02 2.43700000e+05 0.00000000e+00 0.00000000e+00 0.00000000e+00]
 [1.02361558e+02 1.02883399e+02 1.01649938e+02 1.02456436e+02 2.56950000e+05 0.00000000e+00 0.00000000e+00 0.00000000e+00]
 [1.02361560e+02 1.02835961e+02 1.02235048e+02 1.02772705e+02 1.19900000e+05 0.00000000e+00 0.00000000e+00 0.00000000e+00]
 [1.03215481e+02 1.03310371e+02 1.02582946e+02 1.03088982e+02 2.95350000e+05 0.00000000e+00 0.00000000e+00 0.00000000e+00]
 [1.02978279e+02 1.03389424e+02 1.02930828e+02 1.03152229e+02 2.31750000e+05 0.00000000e+00 0.00000000e+00 0.00000000e+00]
 [1.03595032e+02 1.04322457e+02 1.03547593e+02 1.03816422e+02 5.86950000e+05 0.00000000e+00 0.00000000e+00 0.00000000e+00]
 [1.04290772e+02 1.04654490e+02 1.03800554e+02 1.03895432e+02 3.53600000e+05 0.00000000e+00 0.00000000e+00 0.00000000e+00]
 [1.03879647e+02 1.04132658e+02 1.03009893e+02 1.03262917e+02 3.54800000e+05 0.00000000e+00 0.00000000e+00 0.00000000e+00]
 [1.03041539e+02 1.03231295e+02 1.02725259e+02 1.02930832e+02 3.16050000e+05 0.00000000e+00 0.00000000e+00 0.00000000e+00]
 [1.03136389e+02 1.04164276e+02 1.03136389e+02 1.04164276e+02 4.57200000e+05 0.00000000e+00 0.00000000e+00 0.00000000e+00]
 [1.04274994e+02 1.05366125e+02 1.04132665e+02 1.05223808e+02 8.02550000e+05 0.00000000e+00 0.00000000e+00 0.00000000e+00]
 [1.05413591e+02 1.05413591e+02 1.04448959e+02 1.04448959e+02 1.52225000e+06 0.00000000e+00 0.00000000e+00 0.00000000e+00]
 [1.04543839e+02 1.05113130e+02 1.04275010e+02 1.05097313e+02 1.86220000e+06 0.00000000e+00 0.00000000e+00 0.00000000e+00]
 [1.03658260e+02 1.04322429e+02 1.03547565e+02 1.04116844e+02 7.47750000e+05 0.00000000e+00 0.00000000e+00 0.00000000e+00]
 [1.03957587e+02 1.03957587e+02 1.03702756e+02 1.03814247e+02 2.57950000e+05 9.40000000e-01 0.00000000e+00 0.00000000e+00]
 [1.04005325e+02 1.04069023e+02 1.03097468e+02 1.03320450e+02 3.89650000e+05 0.00000000e+00 0.00000000e+00 0.00000000e+00]
 [1.03384190e+02 1.03591240e+02 1.02062220e+02 1.03224907e+02 7.16400000e+05 0.00000000e+00 0.00000000e+00 0.00000000e+00]
 [1.02619668e+02 1.03129341e+02 1.02046283e+02 1.02078133e+02 5.43150000e+05 0.00000000e+00 0.00000000e+00 0.00000000e+00]
 [1.01871112e+02 1.03957587e+02 1.01775552e+02 1.03830177e+02 1.26505000e+06 0.00000000e+00 0.00000000e+00 0.00000000e+00]
 [1.05868851e+02 1.06474084e+02 1.05566228e+02 1.06394455e+02 2.16660000e+06 0.00000000e+00 0.00000000e+00 0.00000000e+00]
 [1.06426303e+02 1.06697064e+02 1.05948479e+02 1.06298882e+02 1.14610000e+06 0.00000000e+00 0.00000000e+00 0.00000000e+00]
 [1.06410386e+02 1.06888210e+02 1.06203335e+02 1.06744858e+02 5.74300000e+05 0.00000000e+00 0.00000000e+00 0.00000000e+00]
 [1.06346677e+02 1.06537809e+02 1.06028136e+02 1.06458168e+02 5.98200000e+05 0.00000000e+00 0.00000000e+00 0.00000000e+00]
 [1.06267047e+02 1.06394468e+02 1.05725512e+02 1.06139626e+02 4.76100000e+05 0.00000000e+00 0.00000000e+00 0.00000000e+00]
 [1.06378539e+02 1.06697080e+02 1.06251117e+02 1.06458168e+02 1.21460000e+06 0.00000000e+00 0.00000000e+00 0.00000000e+00]
 [1.07047470e+02 1.07286382e+02 1.06458155e+02 1.07238602e+02 5.08050000e+05 0.00000000e+00 0.00000000e+00 0.00000000e+00]
 [1.07270431e+02 1.07286362e+02 1.06920028e+02 1.07286362e+02 5.62500000e+05 0.00000000e+00 0.00000000e+00 0.00000000e+00]
 [1.07158973e+02 1.07254533e+02 1.06792651e+02 1.07190834e+02 4.75600000e+05 0.00000000e+00 0.00000000e+00 0.00000000e+00]
 [1.06681148e+02 1.07350092e+02 1.06617437e+02 1.07238602e+02 5.32350000e+05 0.00000000e+00 0.00000000e+00 0.00000000e+00]
 [1.07015620e+02 1.07397872e+02 1.06920048e+02 1.07238602e+02 3.99400000e+05 0.00000000e+00 0.00000000e+00 0.00000000e+00]
 [1.07716430e+02 1.08226104e+02 1.07509379e+02 1.07907562e+02 6.05700000e+05 0.00000000e+00 0.00000000e+00 0.00000000e+00]
 [1.07923528e+02 1.08273931e+02 1.07525345e+02 1.08210220e+02 2.08135000e+06 0.00000000e+00 0.00000000e+00 0.00000000e+00]
 [1.08194241e+02 1.08735764e+02 1.07923479e+02 1.08735764e+02 1.45805000e+06 0.00000000e+00 0.00000000e+00 0.00000000e+00]
 [1.08783536e+02 1.09022436e+02 1.08576474e+02 1.08895027e+02 8.12900000e+05 0.00000000e+00 0.00000000e+00 0.00000000e+00]
 [1.08751731e+02 1.09468467e+02 1.08672101e+02 1.08958794e+02 1.63555000e+06 0.00000000e+00 0.00000000e+00 0.00000000e+00]
 [1.09341006e+02 1.09563988e+02 1.09022453e+02 1.09563988e+02 6.13600000e+05 0.00000000e+00 0.00000000e+00 0.00000000e+00]
 [1.09611755e+02 1.09611755e+02 1.09070233e+02 1.09436554e+02 1.18865000e+06 0.00000000e+00 0.00000000e+00 0.00000000e+00]
 [1.09245428e+02 1.10009944e+02 1.09181729e+02 1.09882523e+02 6.80750000e+05 0.00000000e+00 0.00000000e+00 0.00000000e+00]
 [1.09882539e+02 1.10057741e+02 1.09356947e+02 1.09452507e+02 7.54750000e+05 0.00000000e+00 0.00000000e+00 0.00000000e+00]
 [1.09341015e+02 1.09659556e+02 1.09102102e+02 1.09197662e+02 4.43950000e+05 0.00000000e+00 0.00000000e+00 0.00000000e+00]
 [1.09882530e+02 1.10424065e+02 1.09707328e+02 1.10248863e+02 2.25335000e+06 0.00000000e+00 0.00000000e+00 0.00000000e+00]
 [1.09643625e+02 1.09802908e+02 1.08990611e+02 1.09038391e+02 5.41400000e+05 0.00000000e+00 0.00000000e+00 0.00000000e+00]
 [1.09675458e+02 1.10471824e+02 1.09611747e+02 1.10153282e+02 4.16600000e+05 0.00000000e+00 0.00000000e+00 0.00000000e+00]
 [1.09786970e+02 1.10312574e+02 1.09723259e+02 1.10248863e+02 4.15650000e+05 0.00000000e+00 0.00000000e+00 0.00000000e+00]
 [1.10280701e+02 1.10344411e+02 1.09309134e+02 1.10105499e+02 4.80050000e+05 0.00000000e+00 0.00000000e+00 0.00000000e+00]
 [1.10312556e+02 1.10758519e+02 1.10312556e+02 1.10710739e+02 4.41050000e+05 0.00000000e+00 0.00000000e+00 0.00000000e+00]
 [1.10694836e+02 1.10774477e+02 1.10439993e+02 1.10662987e+02 2.88100000e+05 0.00000000e+00 0.00000000e+00 0.00000000e+00]
 [1.10710764e+02 1.11077085e+02 1.10583342e+02 1.10838173e+02 4.09550000e+05 0.00000000e+00 0.00000000e+00 0.00000000e+00]
 [1.11108910e+02 1.11284111e+02 1.10662947e+02 1.10933708e+02 1.06470000e+06 0.00000000e+00 0.00000000e+00 0.00000000e+00]
 [1.10647047e+02 1.11204501e+02 1.10503695e+02 1.11093010e+02 2.72850000e+05 0.00000000e+00 0.00000000e+00 0.00000000e+00]
 [1.11188554e+02 1.11268195e+02 1.10519609e+02 1.10949654e+02 3.31350000e+05 0.00000000e+00 0.00000000e+00 0.00000000e+00]
 [1.11124895e+02 1.11777921e+02 1.11108977e+02 1.11714211e+02 3.63800000e+05 0.00000000e+00 0.00000000e+00 0.00000000e+00]
 [1.11682353e+02 1.11714203e+02 1.10328522e+02 1.10328522e+02 1.03320000e+06 0.00000000e+00 0.00000000e+00 0.00000000e+00]
 [1.10057741e+02 1.10073671e+02 1.09356947e+02 1.09802910e+02 1.41035000e+06 0.00000000e+00 0.00000000e+00 0.00000000e+00]
 [1.10248864e+02 1.10758537e+02 1.09962172e+02 1.10758537e+02 1.35235000e+06 0.00000000e+00 0.00000000e+00 0.00000000e+00]
 [1.11347831e+02 1.11475241e+02 1.08672043e+02 1.08672043e+02 1.06340000e+06 0.00000000e+00 0.00000000e+00 0.00000000e+00]
 [1.09181727e+02 1.09532118e+02 1.08480922e+02 1.09404709e+02 1.57140000e+06 0.00000000e+00 0.00000000e+00 0.00000000e+00]
 [1.09309160e+02 1.11093024e+02 1.09229531e+02 1.10774483e+02 7.83400000e+05 0.00000000e+00 0.00000000e+00 0.00000000e+00]
 [1.10774509e+02 1.11475302e+02 1.10392244e+02 1.10647087e+02 2.42670000e+06 0.00000000e+00 0.00000000e+00 0.00000000e+00]
 [1.10153273e+02 1.11092979e+02 1.09691380e+02 1.10933708e+02 1.54050000e+06 0.00000000e+00 0.00000000e+00 0.00000000e+00]
 [1.10694832e+02 1.11554909e+02 1.10519631e+02 1.11554909e+02 5.36550000e+05 0.00000000e+00 0.00000000e+00 0.00000000e+00]
 [1.12096407e+02 1.12829062e+02 1.12080489e+02 1.12510521e+02 5.32500000e+05 0.00000000e+00 0.00000000e+00 0.00000000e+00]
 [1.12956518e+02 1.12972448e+02 1.12462775e+02 1.12717606e+02 1.88440000e+06 0.00000000e+00 0.00000000e+00 0.00000000e+00]
 [1.12876864e+02 1.13036135e+02 1.12733512e+02 1.12924644e+02 4.54300000e+05 0.00000000e+00 0.00000000e+00 0.00000000e+00]
 [1.13370682e+02 1.13514022e+02 1.12829146e+02 1.13370682e+02 7.14350000e+05 0.00000000e+00 0.00000000e+00 0.00000000e+00]
 [1.13306935e+02 1.13816609e+02 1.13147664e+02 1.13784760e+02 3.60050000e+05 0.00000000e+00 0.00000000e+00 0.00000000e+00]
 [1.13736962e+02 1.13848453e+02 1.13195427e+02 1.13529900e+02 4.89850000e+05 0.00000000e+00 0.00000000e+00 0.00000000e+00]
 [1.13609534e+02 1.13864365e+02 1.13243200e+02 1.13689163e+02 4.56800000e+05 0.00000000e+00 0.00000000e+00 0.00000000e+00]
 [1.14023630e+02 1.14374032e+02 1.13959931e+02 1.14294403e+02 6.70500000e+05 0.00000000e+00 0.00000000e+00 0.00000000e+00]
 [1.14198853e+02 1.14342205e+02 1.13800670e+02 1.14135155e+02 7.67850000e+05 0.00000000e+00 0.00000000e+00 0.00000000e+00]
 [1.13083930e+02 1.14023635e+02 1.12972439e+02 1.13513962e+02 8.19550000e+05 0.00000000e+00 0.00000000e+00 0.00000000e+00]
 [1.13768768e+02 1.13896190e+02 1.12526440e+02 1.13243164e+02 6.03900000e+05 0.00000000e+00 0.00000000e+00 0.00000000e+00]
 [1.13896249e+02 1.14214791e+02 1.13752897e+02 1.14023659e+02 1.27995000e+06 0.00000000e+00 0.00000000e+00 0.00000000e+00]
 [1.13338796e+02 1.13752898e+02 1.12892821e+02 1.13099884e+02 3.12100000e+05 0.00000000e+00 0.00000000e+00 0.00000000e+00]
 [1.13443907e+02 1.13939990e+02 1.13363888e+02 1.13923996e+02 4.37050000e+05 6.70000000e-01 0.00000000e+00 0.00000000e+00]
 [1.14308078e+02 1.14500116e+02 1.13075867e+02 1.13603951e+02 6.15400000e+05 0.00000000e+00 0.00000000e+00 0.00000000e+00]
 [1.14036016e+02 1.14468086e+02 1.13891984e+02 1.14452080e+02 1.37455000e+06 0.00000000e+00 0.00000000e+00 0.00000000e+00]
 [1.13779924e+02 1.14468045e+02 1.13539880e+02 1.14388039e+02 3.92950000e+05 0.00000000e+00 0.00000000e+00 0.00000000e+00]
 [1.14388104e+02 1.14916187e+02 1.14228066e+02 1.14644142e+02 3.66400000e+05 0.00000000e+00 0.00000000e+00 0.00000000e+00]
 [1.14740138e+02 1.15380253e+02 1.14052017e+02 1.14324074e+02 6.18150000e+05 0.00000000e+00 0.00000000e+00 0.00000000e+00]
 [1.14724137e+02 1.15156208e+02 1.14580106e+02 1.14884163e+02 7.99350000e+05 0.00000000e+00 0.00000000e+00 0.00000000e+00]
 [1.14996172e+02 1.15060185e+02 1.13443898e+02 1.13731949e+02 7.71900000e+05 0.00000000e+00 0.00000000e+00 0.00000000e+00]
 [1.13859957e+02 1.14404046e+02 1.13651912e+02 1.14180008e+02 9.75050000e+05 0.00000000e+00 0.00000000e+00 0.00000000e+00]
 [1.12819789e+02 1.13827962e+02 1.12659764e+02 1.13731949e+02 6.42150000e+05 0.00000000e+00 0.00000000e+00 0.00000000e+00]
 [1.13779990e+02 1.14452105e+02 1.13379920e+02 1.14436111e+02 3.15950000e+05 0.00000000e+00 0.00000000e+00 0.00000000e+00]
 [1.14676138e+02 1.15268234e+02 1.14324074e+02 1.14852158e+02 3.69050000e+05 0.00000000e+00 0.00000000e+00 0.00000000e+00]
 [1.15172215e+02 1.16372426e+02 1.15140203e+02 1.16260406e+02 1.11020000e+06 0.00000000e+00 0.00000000e+00 0.00000000e+00]
 [1.16276405e+02 1.16996526e+02 1.16164373e+02 1.16644463e+02 4.50400000e+05 0.00000000e+00 0.00000000e+00 0.00000000e+00]
 [1.16276439e+02 1.16532478e+02 1.15716331e+02 1.16388458e+02 1.24120000e+06 0.00000000e+00 0.00000000e+00 0.00000000e+00]
 [1.15764300e+02 1.15844319e+02 1.13651930e+02 1.13731949e+02 6.71850000e+05 0.00000000e+00 0.00000000e+00 0.00000000e+00]
 [1.14548088e+02 1.15364222e+02 1.14228024e+02 1.15332222e+02 6.73400000e+05 0.00000000e+00 0.00000000e+00 0.00000000e+00]
 [1.14532109e+02 1.14532109e+02 1.13043847e+02 1.13635956e+02 7.67850000e+05 0.00000000e+00 0.00000000e+00 0.00000000e+00]
 [1.13843961e+02 1.13843961e+02 1.12483725e+02 1.12707764e+02 3.96690000e+06 0.00000000e+00 0.00000000e+00 0.00000000e+00]
 [1.13155931e+02 1.13956072e+02 1.12915887e+02 1.13908066e+02 7.31400000e+05 0.00000000e+00 0.00000000e+00 0.00000000e+00]
 [1.14132016e+02 1.14660111e+02 1.13379882e+02 1.14420067e+02 5.27900000e+05 0.00000000e+00 0.00000000e+00 0.00000000e+00]
 [1.14980186e+02 1.15700319e+02 1.14420090e+02 1.15636307e+02 8.75050000e+05 0.00000000e+00 0.00000000e+00 0.00000000e+00]
 [1.15636335e+02 1.15988399e+02 1.15428290e+02 1.15668335e+02 1.77575000e+06 0.00000000e+00 0.00000000e+00 0.00000000e+00]
 [1.16004342e+02 1.16692463e+02 1.15844317e+02 1.16180374e+02 3.00450000e+05 0.00000000e+00 0.00000000e+00 0.00000000e+00]
 [1.15988329e+02 1.16196361e+02 1.15572253e+02 1.15924316e+02 2.59750000e+05 0.00000000e+00 0.00000000e+00 0.00000000e+00]
 [1.16260384e+02 1.16964499e+02 1.16084352e+02 1.16676460e+02 5.19050000e+05 0.00000000e+00 0.00000000e+00 0.00000000e+00]
 [1.16708468e+02 1.17044525e+02 1.16228379e+02 1.17044525e+02 4.86350000e+05 0.00000000e+00 0.00000000e+00 0.00000000e+00]
 [1.16756501e+02 1.16788513e+02 1.15844341e+02 1.15988373e+02 4.62400000e+05 0.00000000e+00 0.00000000e+00 0.00000000e+00]
 [1.16308397e+02 1.17140538e+02 1.16180372e+02 1.17028519e+02 4.04700000e+05 0.00000000e+00 0.00000000e+00 0.00000000e+00]
 [1.18084707e+02 1.18612802e+02 1.18020694e+02 1.18132713e+02 4.75850000e+05 0.00000000e+00 0.00000000e+00 0.00000000e+00]
 [1.18340740e+02 1.18724816e+02 1.18276740e+02 1.18500778e+02 6.99750000e+05 0.00000000e+00 0.00000000e+00 0.00000000e+00]
 [1.18804822e+02 1.19188898e+02 1.18468764e+02 1.19108879e+02 3.91950000e+05 0.00000000e+00 0.00000000e+00 0.00000000e+00]
 [1.19044941e+02 1.19733063e+02 1.18964922e+02 1.19733063e+02 2.94900000e+05 0.00000000e+00 0.00000000e+00 0.00000000e+00]
 [1.19652958e+02 1.19957015e+02 1.19076868e+02 1.19380913e+02 3.97550000e+05 0.00000000e+00 0.00000000e+00 0.00000000e+00]
 [1.19492993e+02 1.19813057e+02 1.19124935e+02 1.19797050e+02 6.71150000e+05 0.00000000e+00 0.00000000e+00 0.00000000e+00]
 [1.19604989e+02 1.20021066e+02 1.19316938e+02 1.19781021e+02 1.20865000e+06 0.00000000e+00 0.00000000e+00 0.00000000e+00]
 [1.19973057e+02 1.21157261e+02 1.19941045e+02 1.21045242e+02 3.63000000e+05 0.00000000e+00 0.00000000e+00 0.00000000e+00]
 [1.20901258e+02 1.21973443e+02 1.20853239e+02 1.21733398e+02 7.07050000e+05 0.00000000e+00 0.00000000e+00 0.00000000e+00]
 [1.21509329e+02 1.21893393e+02 1.20997239e+02 1.21173271e+02 6.76650000e+05 0.00000000e+00 0.00000000e+00 0.00000000e+00]
 [1.21637341e+02 1.22405469e+02 1.21477316e+02 1.22325462e+02 6.60750000e+05 0.00000000e+00 0.00000000e+00 0.00000000e+00]
 [1.22229437e+02 1.22821545e+02 1.22117418e+02 1.22325462e+02 6.65450000e+05 0.00000000e+00 0.00000000e+00 0.00000000e+00]
 [1.22469521e+02 1.22965604e+02 1.22037450e+02 1.22485527e+02 4.81200000e+05 0.00000000e+00 0.00000000e+00 0.00000000e+00]
 [1.22677565e+02 1.23909776e+02 1.21061278e+02 1.21669380e+02 9.78050000e+05 0.00000000e+00 0.00000000e+00 0.00000000e+00]
 [1.20293079e+02 1.21557302e+02 1.20133054e+02 1.21237251e+02 1.13470000e+06 0.00000000e+00 0.00000000e+00 0.00000000e+00]
 [1.20501176e+02 1.21141279e+02 1.20181112e+02 1.21077278e+02 6.84800000e+05 0.00000000e+00 0.00000000e+00 0.00000000e+00]
 [1.22533530e+02 1.22965600e+02 1.21525357e+02 1.21941422e+02 5.66800000e+05 0.00000000e+00 0.00000000e+00 0.00000000e+00]
 [1.21221269e+02 1.21493314e+02 1.20437135e+02 1.21013237e+02 8.81200000e+05 0.00000000e+00 0.00000000e+00 0.00000000e+00]
 [1.21157310e+02 1.22085476e+02 1.21109304e+02 1.21541374e+02 4.44800000e+05 0.00000000e+00 0.00000000e+00 0.00000000e+00]
 [1.21205339e+02 1.21845455e+02 1.19621064e+02 1.19765083e+02 8.14800000e+05 0.00000000e+00 0.00000000e+00 0.00000000e+00]
 [1.20069081e+02 1.20501164e+02 1.19188934e+02 1.20389145e+02 1.00225000e+06 0.00000000e+00 0.00000000e+00 0.00000000e+00]
 [1.20485163e+02 1.20997252e+02 1.19252940e+02 1.20021080e+02 1.19065000e+06 0.00000000e+00 0.00000000e+00 0.00000000e+00]
 [1.19525006e+02 1.19733038e+02 1.18084750e+02 1.18180763e+02 1.12230000e+06 0.00000000e+00 0.00000000e+00 0.00000000e+00]
 [1.18148713e+02 1.19204892e+02 1.17428580e+02 1.19108879e+02 1.17250000e+06 0.00000000e+00 0.00000000e+00 0.00000000e+00]
 [1.20085072e+02 1.20869206e+02 1.19556977e+02 1.20773193e+02 1.46465000e+06 0.00000000e+00 0.00000000e+00 0.00000000e+00]
 [1.21189287e+02 1.21189287e+02 1.20453147e+02 1.20725204e+02 1.84125000e+06 0.00000000e+00 0.00000000e+00 0.00000000e+00]
 [1.19636997e+02 1.20565151e+02 1.19204915e+02 1.19492966e+02 1.50280000e+06 0.00000000e+00 0.00000000e+00 0.00000000e+00]
 [1.20357115e+02 1.20437134e+02 1.18420777e+02 1.18564796e+02 1.05830000e+06 0.00000000e+00 0.00000000e+00 0.00000000e+00]
 [1.18436767e+02 1.20501130e+02 1.18196722e+02 1.20277092e+02 1.28015000e+06 0.00000000e+00 0.00000000e+00 0.00000000e+00]
 [1.20165094e+02 1.20645183e+02 1.19348959e+02 1.19540985e+02 1.17265000e+06 0.00000000e+00 0.00000000e+00 0.00000000e+00]
 [1.20405165e+02 1.21045280e+02 1.19845069e+02 1.20501190e+02 1.04810000e+06 0.00000000e+00 0.00000000e+00 0.00000000e+00]
 [1.20581167e+02 1.21621352e+02 1.20581167e+02 1.21429314e+02 1.03330000e+06 0.00000000e+00 0.00000000e+00 0.00000000e+00]
 [1.21365319e+02 1.21573364e+02 1.19749044e+02 1.19813057e+02 9.90950000e+05 0.00000000e+00 0.00000000e+00 0.00000000e+00]
 [1.18596849e+02 1.18772881e+02 1.16468472e+02 1.16772530e+02 1.68620000e+06 0.00000000e+00 0.00000000e+00 0.00000000e+00]
 [1.17588638e+02 1.17700657e+02 1.16004351e+02 1.17140549e+02 1.56540000e+06 0.00000000e+00 0.00000000e+00 0.00000000e+00]
 [1.15964826e+02 1.16704684e+02 1.14726372e+02 1.15659241e+02 1.86375000e+06 7.38000000e-01 0.00000000e+00 0.00000000e+00]
 [1.16752931e+02 1.17219366e+02 1.15980912e+02 1.16817268e+02 1.52075000e+06 0.00000000e+00 0.00000000e+00 0.00000000e+00]
 [1.17766201e+02 1.18216547e+02 1.17315854e+02 1.17910950e+02 1.71080000e+06 0.00000000e+00 0.00000000e+00 0.00000000e+00]
 [1.18683009e+02 1.19213781e+02 1.18586510e+02 1.18699097e+02 7.56150000e+05 0.00000000e+00 0.00000000e+00 0.00000000e+00]
 [1.18345205e+02 1.18908138e+02 1.17782271e+02 1.17959183e+02 1.02645000e+06 0.00000000e+00 0.00000000e+00 0.00000000e+00]
 [1.18811710e+02 1.19664154e+02 1.18650861e+02 1.18843872e+02 1.39440000e+06 0.00000000e+00 0.00000000e+00 0.00000000e+00]
 [1.18666916e+02 1.19551535e+02 1.18216569e+02 1.18666916e+02 1.20875000e+06 0.00000000e+00 0.00000000e+00 0.00000000e+00]
 [1.18264849e+02 1.19149468e+02 1.18023589e+02 1.18779533e+02 5.13250000e+05 0.00000000e+00 0.00000000e+00 0.00000000e+00]
 [1.19728474e+02 1.20146646e+02 1.18843855e+02 1.20098396e+02 6.26450000e+05 0.00000000e+00 0.00000000e+00 0.00000000e+00]
 [1.20725677e+02 1.21095612e+02 1.20500504e+02 1.20725677e+02 8.36550000e+05 0.00000000e+00 0.00000000e+00 0.00000000e+00]
 [1.21513749e+02 1.21803259e+02 1.21015140e+02 1.21642410e+02 7.92000000e+05 0.00000000e+00 0.00000000e+00 0.00000000e+00]
 [1.21578125e+02 1.22092821e+02 1.21288627e+02 1.21674637e+02 7.71550000e+05 0.00000000e+00 0.00000000e+00 0.00000000e+00]
 [1.23106112e+02 1.23476034e+02 1.22704014e+02 1.23395622e+02 1.29835000e+06 0.00000000e+00 0.00000000e+00 0.00000000e+00]
 [1.23363428e+02 1.23669026e+02 1.23138254e+02 1.23427765e+02 9.71450000e+05 0.00000000e+00 0.00000000e+00 0.00000000e+00]
 [1.23717314e+02 1.24022912e+02 1.23540391e+02 1.23878151e+02 6.43900000e+05 0.00000000e+00 0.00000000e+00 0.00000000e+00]
 [1.23942403e+02 1.24006740e+02 1.23073872e+02 1.23411644e+02 6.98900000e+05 0.00000000e+00 0.00000000e+00 0.00000000e+00]
 [1.23878106e+02 1.24071117e+02 1.23572521e+02 1.23717270e+02 7.02400000e+05 0.00000000e+00 0.00000000e+00 0.00000000e+00]
 [1.23990723e+02 1.24698419e+02 1.23958561e+02 1.24424995e+02 4.32700000e+05 0.00000000e+00 0.00000000e+00 0.00000000e+00]
 [1.24167640e+02 1.24650162e+02 1.23990716e+02 1.24650162e+02 3.67600000e+05 0.00000000e+00 0.00000000e+00 0.00000000e+00]
 [1.24810991e+02 1.25052252e+02 1.24521481e+02 1.24875328e+02 4.20100000e+05 0.00000000e+00 0.00000000e+00 0.00000000e+00]
 [1.25116562e+02 1.25148725e+02 1.24537541e+02 1.24617966e+02 1.03485000e+06 0.00000000e+00 0.00000000e+00 0.00000000e+00]
 [1.25116589e+02 1.25132676e+02 1.23910297e+02 1.24151558e+02 7.90000000e+05 0.00000000e+00 0.00000000e+00 0.00000000e+00]
 [1.23894180e+02 1.24537538e+02 1.23733343e+02 1.24376701e+02 3.14200000e+05 0.00000000e+00 0.00000000e+00 0.00000000e+00]
 [1.23910236e+02 1.24617930e+02 1.23411639e+02 1.24537506e+02 8.76850000e+05 0.00000000e+00 0.00000000e+00 0.00000000e+00]
 [1.24264183e+02 1.24537606e+02 1.23829911e+02 1.24167671e+02 9.27100000e+05 0.00000000e+00 0.00000000e+00 0.00000000e+00]
 [1.24617995e+02 1.24714495e+02 1.23926388e+02 1.24183723e+02 4.46950000e+05 0.00000000e+00 0.00000000e+00 0.00000000e+00]
 [1.24457145e+02 1.25116591e+02 1.24119385e+02 1.24215897e+02 6.23550000e+05 0.00000000e+00 0.00000000e+00 0.00000000e+00]
 [1.25196959e+02 1.25824241e+02 1.25164796e+02 1.25727730e+02 4.91850000e+05 0.00000000e+00 0.00000000e+00 0.00000000e+00]
 [1.25470414e+02 1.25936848e+02 1.25277403e+02 1.25920761e+02 5.58650000e+05 0.00000000e+00 0.00000000e+00 0.00000000e+00]
 [1.25727761e+02 1.25952934e+02 1.25518674e+02 1.25840347e+02 3.17900000e+05 0.00000000e+00 0.00000000e+00 0.00000000e+00]
 [1.25550754e+02 1.25615091e+02 1.24778735e+02 1.25084320e+02 4.13650000e+05 0.00000000e+00 0.00000000e+00 0.00000000e+00]
 [1.24650162e+02 1.24810998e+02 1.24199815e+02 1.24650162e+02 4.31150000e+05 0.00000000e+00 0.00000000e+00 0.00000000e+00]
 [1.25229081e+02 1.25341668e+02 1.24424887e+02 1.25084320e+02 4.99050000e+05 0.00000000e+00 0.00000000e+00 0.00000000e+00]
 [1.24939662e+02 1.25309597e+02 1.24328478e+02 1.24730576e+02 6.18400000e+05 0.00000000e+00 0.00000000e+00 0.00000000e+00]
 [1.24119378e+02 1.24730574e+02 1.24071128e+02 1.24569725e+02 3.30550000e+05 0.00000000e+00 0.00000000e+00 0.00000000e+00]
 [1.24778869e+02 1.25148791e+02 1.24071173e+02 1.25052292e+02 2.05285000e+06 0.00000000e+00 0.00000000e+00 0.00000000e+00]
 [1.24907466e+02 1.25084378e+02 1.24280184e+02 1.24344521e+02 4.96300000e+05 0.00000000e+00 0.00000000e+00 0.00000000e+00]
 [1.23299132e+02 1.23299132e+02 1.22366263e+02 1.22527100e+02 7.50750000e+05 0.00000000e+00 0.00000000e+00 0.00000000e+00]
 [1.22334092e+02 1.22736190e+02 1.21899833e+02 1.22173256e+02 6.15000000e+05 0.00000000e+00 0.00000000e+00 0.00000000e+00]
 [1.21996288e+02 1.22414472e+02 1.21385104e+02 1.21401192e+02 8.25050000e+05 0.00000000e+00 0.00000000e+00 0.00000000e+00]
 [1.21594256e+02 1.22414538e+02 1.21449506e+02 1.21883766e+02 9.33300000e+05 0.00000000e+00 0.00000000e+00 0.00000000e+00]
 [1.21642472e+02 1.22285830e+02 1.20950864e+02 1.21256462e+02 4.98450000e+05 0.00000000e+00 0.00000000e+00 0.00000000e+00]
 [1.21465537e+02 1.22494917e+02 1.21465537e+02 1.22317993e+02 6.35800000e+05 0.00000000e+00 0.00000000e+00 0.00000000e+00]
 [1.22703998e+02 1.22880922e+02 1.22124977e+02 1.22720085e+02 4.24400000e+05 0.00000000e+00 0.00000000e+00 0.00000000e+00]
 [1.22880904e+02 1.23250827e+02 1.22205384e+02 1.22334045e+02 7.04050000e+05 0.00000000e+00 0.00000000e+00 0.00000000e+00]
 [1.21095625e+02 1.21529885e+02 1.20227094e+02 1.20323593e+02 8.03600000e+05 0.00000000e+00 0.00000000e+00 0.00000000e+00]
 [1.20259243e+02 1.21143862e+02 1.20098407e+02 1.20725677e+02 6.65900000e+05 0.00000000e+00 0.00000000e+00 0.00000000e+00]
 [1.20452229e+02 1.21545934e+02 1.20387892e+02 1.20918663e+02 9.23100000e+05 0.00000000e+00 0.00000000e+00 0.00000000e+00]
 [1.21143846e+02 1.21143846e+02 1.20194903e+02 1.20387901e+02 8.70300000e+05 0.00000000e+00 0.00000000e+00 0.00000000e+00]
 [1.21690720e+02 1.21948056e+02 1.20580928e+02 1.21095612e+02 1.56940000e+06 0.00000000e+00 0.00000000e+00 0.00000000e+00]
 [1.21127746e+02 1.22285788e+02 1.20918660e+02 1.22108864e+02 7.00250000e+05 0.00000000e+00 0.00000000e+00 0.00000000e+00]
 [1.22157103e+02 1.22559200e+02 1.22076691e+02 1.22076691e+02 6.92800000e+05 0.00000000e+00 0.00000000e+00 0.00000000e+00]
 [1.22671815e+02 1.22993500e+02 1.21159937e+02 1.22285805e+02 1.10925000e+06 0.00000000e+00 0.00000000e+00 0.00000000e+00]
 [1.22639652e+02 1.23540346e+02 1.22639652e+02 1.23492096e+02 1.18540000e+06 0.00000000e+00 0.00000000e+00 0.00000000e+00]
 [1.24231984e+02 1.24424995e+02 1.23974648e+02 1.24424995e+02 1.03865000e+06 0.00000000e+00 0.00000000e+00 0.00000000e+00]
 [1.24248048e+02 1.24810982e+02 1.24022875e+02 1.24810982e+02 8.07650000e+05 0.00000000e+00 0.00000000e+00 0.00000000e+00]
 [1.24778787e+02 1.24923536e+02 1.24296265e+02 1.24505363e+02 8.55500000e+05 0.00000000e+00 0.00000000e+00 0.00000000e+00]
 [1.24585802e+02 1.24859225e+02 1.24328466e+02 1.24762726e+02 5.40000000e+05 0.00000000e+00 0.00000000e+00 0.00000000e+00]
 [1.26113754e+02 1.26162004e+02 1.25277385e+02 1.25518646e+02 6.93950000e+05 0.00000000e+00 0.00000000e+00 0.00000000e+00]
 [1.25583009e+02 1.26033356e+02 1.25583009e+02 1.26033356e+02 2.35145000e+06 0.00000000e+00 0.00000000e+00 0.00000000e+00]
 [1.26001223e+02 1.27834799e+02 1.25679550e+02 1.27545288e+02 9.90900000e+05 0.00000000e+00 0.00000000e+00 0.00000000e+00]
 [1.27834806e+02 1.27899131e+02 1.27159273e+02 1.27336197e+02 2.96400000e+06 0.00000000e+00 0.00000000e+00 0.00000000e+00]
 [1.27593485e+02 1.27593485e+02 1.26306769e+02 1.26338943e+02 6.11450000e+05 0.00000000e+00 0.00000000e+00 0.00000000e+00]
 [1.26214451e+02 1.26327604e+02 1.25406213e+02 1.25874992e+02 1.40070000e+06 7.86000000e-01 0.00000000e+00 0.00000000e+00]
 [1.25794178e+02 1.26262958e+02 1.25293075e+02 1.25600197e+02 1.63240000e+06 0.00000000e+00 0.00000000e+00 0.00000000e+00]
 [1.25600187e+02 1.25810337e+02 1.25050591e+02 1.25196068e+02 7.89000000e+05 0.00000000e+00 0.00000000e+00 0.00000000e+00]
 [1.25373879e+02 1.25971980e+02 1.25163742e+02 1.25697182e+02 6.22250000e+05 0.00000000e+00 0.00000000e+00 0.00000000e+00]
 [1.25034421e+02 1.25228403e+02 1.24743455e+02 1.25163742e+02 1.40595000e+06 0.00000000e+00 0.00000000e+00 0.00000000e+00]
 [1.23983726e+02 1.24775808e+02 1.23741264e+02 1.24468674e+02 1.52180000e+06 0.00000000e+00 0.00000000e+00 0.00000000e+00]
 [1.24501025e+02 1.25487077e+02 1.24404041e+02 1.25422417e+02 1.11045000e+06 0.00000000e+00 0.00000000e+00 0.00000000e+00]
 [1.24614134e+02 1.25276895e+02 1.24258520e+02 1.25260727e+02 1.25360000e+06 0.00000000e+00 0.00000000e+00 0.00000000e+00]
 [1.24953655e+02 1.25050639e+02 1.23531147e+02 1.24145416e+02 1.44770000e+06 0.00000000e+00 0.00000000e+00 0.00000000e+00]
 [1.24210031e+02 1.25163759e+02 1.24048386e+02 1.25050606e+02 5.38450000e+05 0.00000000e+00 0.00000000e+00 0.00000000e+00]
 [1.23951395e+02 1.24711141e+02 1.23838242e+02 1.23983719e+02 6.90850000e+05 0.00000000e+00 0.00000000e+00 0.00000000e+00]
 [1.23935291e+02 1.24080781e+02 1.22431967e+02 1.22545120e+02 2.07160000e+06 0.00000000e+00 0.00000000e+00 0.00000000e+00]
 [1.22771426e+02 1.23046237e+02 1.21817711e+02 1.22545120e+02 1.34010000e+06 0.00000000e+00 0.00000000e+00 0.00000000e+00]
 [1.23822072e+02 1.25309227e+02 1.23822072e+02 1.25309227e+02 1.44120000e+06 0.00000000e+00 0.00000000e+00 0.00000000e+00]
 [1.25066752e+02 1.26101295e+02 1.24969755e+02 1.26052803e+02 1.23590000e+06 0.00000000e+00 0.00000000e+00 0.00000000e+00]
 [1.25293045e+02 1.26650879e+02 1.25179892e+02 1.26602386e+02 1.40845000e+06 0.00000000e+00 0.00000000e+00 0.00000000e+00]
 [1.26230582e+02 1.26699361e+02 1.25487004e+02 1.25664818e+02 1.65575000e+06 0.00000000e+00 0.00000000e+00 0.00000000e+00]
 [1.26376122e+02 1.27459158e+02 1.26327630e+02 1.27378342e+02 3.10285000e+06 0.00000000e+00 0.00000000e+00 0.00000000e+00]
 [1.26893417e+02 1.28315912e+02 1.26877249e+02 1.28251251e+02 2.54890000e+06 0.00000000e+00 0.00000000e+00 0.00000000e+00]
 [1.28703883e+02 1.29204986e+02 1.28477577e+02 1.29108002e+02 1.67195000e+06 0.00000000e+00 0.00000000e+00 0.00000000e+00]
 [1.29188794e+02 1.29366607e+02 1.28849335e+02 1.29172638e+02 1.00910000e+06 0.00000000e+00 0.00000000e+00 0.00000000e+00]
 [1.29528263e+02 1.30239517e+02 1.29334294e+02 1.29867722e+02 1.36495000e+06 0.00000000e+00 0.00000000e+00 0.00000000e+00]
 [1.29447451e+02 1.29479776e+02 1.28817027e+02 1.29269638e+02 9.48250000e+05 0.00000000e+00 0.00000000e+00 0.00000000e+00]
 [1.29495960e+02 1.29835418e+02 1.29204993e+02 1.29689941e+02 7.95600000e+05 0.00000000e+00 5.00000000e-01 0.00000000e+00]
 [1.29964719e+02 1.30288010e+02 1.29706077e+02 1.30288010e+02 1.01970000e+06 0.00000000e+00 0.00000000e+00 0.00000000e+00]
 [1.30247602e+02 1.30667889e+02 1.30094047e+02 1.30449661e+02 1.15500000e+06 0.00000000e+00 0.00000000e+00 0.00000000e+00]
 [1.30764869e+02 1.31249817e+02 1.30603224e+02 1.31249817e+02 8.44500000e+05 0.00000000e+00 0.00000000e+00 0.00000000e+00]
 [1.31362935e+02 1.31435673e+02 1.30069749e+02 1.30514282e+02 3.36210000e+06 0.00000000e+00 0.00000000e+00 0.00000000e+00]
 [1.30449648e+02 1.30966920e+02 1.29964713e+02 1.30029373e+02 1.43750000e+06 0.00000000e+00 0.00000000e+00 0.00000000e+00]
 [1.30352676e+02 1.30756796e+02 1.29746498e+02 1.30401169e+02 1.34130000e+06 0.00000000e+00 0.00000000e+00 0.00000000e+00]
 [1.30861829e+02 1.30991150e+02 1.30433464e+02 1.30991150e+02 2.94090000e+06 0.00000000e+00 0.00000000e+00 0.00000000e+00]
 [1.30401157e+02 1.30861859e+02 1.29997038e+02 1.30595139e+02 1.14700000e+06 0.00000000e+00 0.00000000e+00 0.00000000e+00]
 [1.31104325e+02 1.31411447e+02 1.30716361e+02 1.31201309e+02 1.51040000e+06 0.00000000e+00 0.00000000e+00 0.00000000e+00]
 [1.31459923e+02 1.31532674e+02 1.29398926e+02 1.29520157e+02 1.24210000e+06 0.00000000e+00 0.00000000e+00 0.00000000e+00]
 [1.29495956e+02 1.31298325e+02 1.29463620e+02 1.31298325e+02 1.62950000e+06 0.00000000e+00 0.00000000e+00 0.00000000e+00]
 [1.31160941e+02 1.31435739e+02 1.31007373e+02 1.31274094e+02 1.10990000e+06 0.00000000e+00 0.00000000e+00 0.00000000e+00]
 [1.31007321e+02 1.31314456e+02 1.30595124e+02 1.31039658e+02 9.29600000e+05 0.00000000e+00 0.00000000e+00 0.00000000e+00]
 [1.30393021e+02 1.32098404e+02 1.30393021e+02 1.32049911e+02 1.33630000e+06 0.00000000e+00 0.00000000e+00 0.00000000e+00]
 [1.32235926e+02 1.32858273e+02 1.32001542e+02 1.32785522e+02 1.72060000e+06 0.00000000e+00 0.00000000e+00 0.00000000e+00]
 [1.32955149e+02 1.33359268e+02 1.32809672e+02 1.33359268e+02 7.10300000e+05 0.00000000e+00 0.00000000e+00 0.00000000e+00]
 [1.33585603e+02 1.33658342e+02 1.32559138e+02 1.32866272e+02 1.31980000e+06 0.00000000e+00 0.00000000e+00 0.00000000e+00]
 [1.32777359e+02 1.33181478e+02 1.32340915e+02 1.32607635e+02 1.15650000e+06 0.00000000e+00 0.00000000e+00 0.00000000e+00]
 [1.32825881e+02 1.33213844e+02 1.31807505e+02 1.32187378e+02 1.46800000e+06 0.00000000e+00 0.00000000e+00 0.00000000e+00]
 [1.32551024e+02 1.33318847e+02 1.32454039e+02 1.33221863e+02 2.12160000e+06 0.00000000e+00 0.00000000e+00 0.00000000e+00]
 [1.33286546e+02 1.33900803e+02 1.33132979e+02 1.33900803e+02 1.40520000e+06 0.00000000e+00 0.00000000e+00 0.00000000e+00]
 [1.34110977e+02 1.34143313e+02 1.33569458e+02 1.33820023e+02 8.10000000e+05 0.00000000e+00 0.00000000e+00 0.00000000e+00]
 [1.33836188e+02 1.34175646e+02 1.33593714e+02 1.33755371e+02 7.73300000e+05 0.00000000e+00 0.00000000e+00 0.00000000e+00]
 [1.33925052e+02 1.34199850e+02 1.33771485e+02 1.34119034e+02 8.26300000e+05 0.00000000e+00 0.00000000e+00 0.00000000e+00]
 [1.34248367e+02 1.34579735e+02 1.33884650e+02 1.33925064e+02 6.14400000e+05 0.00000000e+00 0.00000000e+00 0.00000000e+00]
 [1.34127178e+02 1.34345406e+02 1.33480585e+02 1.33714981e+02 1.40900000e+06 0.00000000e+00 0.00000000e+00 0.00000000e+00]
 [1.33270401e+02 1.33569445e+02 1.32680390e+02 1.33197662e+02 1.07690000e+06 0.00000000e+00 0.00000000e+00 0.00000000e+00]
 [1.32631855e+02 1.33634062e+02 1.32058001e+02 1.33044052e+02 1.37410000e+06 0.00000000e+00 0.00000000e+00 0.00000000e+00]
 [1.32874386e+02 1.33076446e+02 1.32389450e+02 1.32534927e+02 1.16850000e+06 0.00000000e+00 0.00000000e+00 0.00000000e+00]
 [1.33803824e+02 1.34102869e+02 1.33407783e+02 1.34038208e+02 1.20870000e+06 0.00000000e+00 0.00000000e+00 0.00000000e+00]
 [1.34369644e+02 1.34515121e+02 1.34159507e+02 1.34345398e+02 1.58630000e+06 0.00000000e+00 0.00000000e+00 0.00000000e+00]
 [1.34022070e+02 1.34304946e+02 1.33771506e+02 1.33884659e+02 1.74770000e+06 0.00000000e+00 0.00000000e+00 0.00000000e+00]
 [1.33900806e+02 1.33925052e+02 1.32179254e+02 1.32365158e+02 1.07910000e+06 0.00000000e+00 0.00000000e+00 0.00000000e+00]
 [1.32260137e+02 1.32429873e+02 1.31637790e+02 1.31928757e+02 3.45380000e+06 0.00000000e+00 0.00000000e+00 0.00000000e+00]
 [1.32171194e+02 1.32292425e+02 1.31645844e+02 1.31888306e+02 2.15100000e+06 0.00000000e+00 0.00000000e+00 0.00000000e+00]
 [1.32518699e+02 1.33132955e+02 1.32470194e+02 1.32728836e+02 1.83810000e+06 0.00000000e+00 0.00000000e+00 0.00000000e+00]
 [1.32817803e+02 1.32842049e+02 1.31993396e+02 1.32260117e+02 1.47980000e+06 0.00000000e+00 0.00000000e+00 0.00000000e+00]
 [1.32486420e+02 1.34579755e+02 1.30942682e+02 1.34563599e+02 3.11240000e+06 0.00000000e+00 0.00000000e+00 0.00000000e+00]
 [1.34191800e+02 1.34547427e+02 1.33820018e+02 1.34442352e+02 1.24290000e+06 0.00000000e+00 0.00000000e+00 0.00000000e+00]
 [1.34523112e+02 1.35501073e+02 1.34523112e+02 1.35121201e+02 1.30350000e+06 0.00000000e+00 0.00000000e+00 0.00000000e+00]
 [1.35840593e+02 1.36551834e+02 1.35581951e+02 1.36551834e+02 1.48020000e+06 0.00000000e+00 0.00000000e+00 0.00000000e+00]
 [1.35896885e+02 1.36254446e+02 1.35888763e+02 1.36238190e+02 5.85700000e+05 9.14000000e-01 0.00000000e+00 0.00000000e+00]
 [1.36481918e+02 1.36953247e+02 1.36481918e+02 1.36871979e+02 9.68100000e+05 0.00000000e+00 0.00000000e+00 0.00000000e+00]
 [1.37107694e+02 1.37140194e+02 1.36742011e+02 1.36880157e+02 9.29700000e+05 0.00000000e+00 0.00000000e+00 0.00000000e+00]
 [1.36896419e+02 1.36977675e+02 1.36685126e+02 1.36823273e+02 1.11280000e+06 0.00000000e+00 0.00000000e+00 0.00000000e+00]
 [1.37058925e+02 1.37522120e+02 1.36945156e+02 1.37457108e+02 7.74400000e+05 0.00000000e+00 0.00000000e+00 0.00000000e+00]
 [1.36953275e+02 1.37018287e+02 1.35872469e+02 1.36221909e+02 1.73130000e+06 0.00000000e+00 0.00000000e+00 0.00000000e+00]
 [1.36425113e+02 1.36693284e+02 1.35978162e+02 1.36100052e+02 1.71050000e+06 0.00000000e+00 0.00000000e+00 0.00000000e+00]
 [1.36611997e+02 1.36652631e+02 1.35563704e+02 1.35758728e+02 1.33900000e+06 0.00000000e+00 0.00000000e+00 0.00000000e+00]
 [1.36303153e+02 1.36823238e+02 1.36221897e+02 1.36603836e+02 8.24700000e+05 0.00000000e+00 0.00000000e+00 0.00000000e+00]
 [1.36579495e+02 1.36847654e+02 1.36156922e+02 1.36660751e+02 3.14750000e+06 0.00000000e+00 0.00000000e+00 0.00000000e+00]
 [1.37067053e+02 1.37075175e+02 1.36108151e+02 1.36742004e+02 1.11720000e+06 0.00000000e+00 0.00000000e+00 0.00000000e+00]
 [1.36969539e+02 1.37132064e+02 1.36246295e+02 1.37058929e+02 9.90200000e+05 0.00000000e+00 0.00000000e+00 0.00000000e+00]
 [1.36758255e+02 1.37123950e+02 1.35019217e+02 1.35319901e+02 1.33850000e+06 0.00000000e+00 0.00000000e+00 0.00000000e+00]
 [1.35734339e+02 1.36815144e+02 1.35474302e+02 1.36725754e+02 8.66000000e+05 0.00000000e+00 0.00000000e+00 0.00000000e+00]
 [1.37034562e+02 1.37684659e+02 1.37002049e+02 1.37497757e+02 9.43100000e+05 0.00000000e+00 0.00000000e+00 0.00000000e+00]
 [1.37188972e+02 1.37335240e+02 1.36863910e+02 1.37286484e+02 7.78500000e+05 0.00000000e+00 0.00000000e+00 0.00000000e+00]
 [1.37091466e+02 1.37327137e+02 1.36498246e+02 1.36693283e+02 9.04300000e+05 0.00000000e+00 0.00000000e+00 0.00000000e+00]
 [1.37513978e+02 1.37562734e+02 1.36286904e+02 1.37123917e+02 1.36640000e+06 0.00000000e+00 0.00000000e+00 0.00000000e+00]
 [1.37383981e+02 1.37400237e+02 1.36920786e+02 1.37205200e+02 7.51200000e+05 0.00000000e+00 0.00000000e+00 0.00000000e+00]
 [1.36530747e+02 1.36530747e+02 1.35376808e+02 1.36100052e+02 1.29400000e+06 0.00000000e+00 0.00000000e+00 0.00000000e+00]
 [1.35198044e+02 1.35238678e+02 1.33166457e+02 1.33174591e+02 1.82890000e+06 0.00000000e+00 0.00000000e+00 0.00000000e+00]
 [1.33328957e+02 1.33637750e+02 1.31882456e+02 1.32524445e+02 2.88210000e+06 0.00000000e+00 0.00000000e+00 0.00000000e+00]
 [1.32654452e+02 1.33475209e+02 1.32605684e+02 1.33345184e+02 1.06740000e+06 0.00000000e+00 0.00000000e+00 0.00000000e+00]
 [1.32256268e+02 1.32922634e+02 1.31703682e+02 1.31955597e+02 1.34640000e+06 0.00000000e+00 0.00000000e+00 0.00000000e+00]
 [1.33182671e+02 1.33857159e+02 1.32727598e+02 1.33434586e+02 2.08670000e+06 0.00000000e+00 0.00000000e+00 0.00000000e+00]
 [1.31768670e+02 1.33475207e+02 1.31728048e+02 1.32605682e+02 1.32210000e+06 0.00000000e+00 0.00000000e+00 0.00000000e+00]
 [1.32475676e+02 1.32792603e+02 1.29420163e+02 1.29704590e+02 2.96940000e+06 0.00000000e+00 0.00000000e+00 0.00000000e+00]
 [1.30257168e+02 1.30899157e+02 1.29802095e+02 1.30582230e+02 1.11670000e+06 0.00000000e+00 0.00000000e+00 0.00000000e+00]
 [1.30102817e+02 1.30687915e+02 1.29355183e+02 1.30362854e+02 1.70140000e+06 0.00000000e+00 0.00000000e+00 0.00000000e+00]
 [1.30760994e+02 1.32126214e+02 1.30736616e+02 1.32109970e+02 1.10960000e+06 0.00000000e+00 0.00000000e+00 0.00000000e+00]
 [1.32760071e+02 1.33905888e+02 1.32337510e+02 1.33816498e+02 1.25820000e+06 0.00000000e+00 0.00000000e+00 0.00000000e+00]
 [1.33792158e+02 1.34052207e+02 1.33434597e+02 1.34027817e+02 9.37400000e+05 0.00000000e+00 0.00000000e+00 0.00000000e+00]
 [1.34182192e+02 1.35815595e+02 1.34060302e+02 1.35506790e+02 1.49740000e+06 0.00000000e+00 0.00000000e+00 0.00000000e+00]
 [1.35701870e+02 1.36116309e+02 1.35287418e+02 1.35628723e+02 1.85500000e+06 0.00000000e+00 0.00000000e+00 0.00000000e+00]
 [1.34653489e+02 1.36392526e+02 1.34653489e+02 1.36295013e+02 1.33660000e+06 0.00000000e+00 0.00000000e+00 0.00000000e+00]
 [1.36164981e+02 1.37262042e+02 1.36010579e+02 1.37018250e+02 9.17200000e+05 0.00000000e+00 0.00000000e+00 0.00000000e+00]
 [1.37123954e+02 1.37367734e+02 1.36742015e+02 1.37221466e+02 1.17430000e+06 0.00000000e+00 0.00000000e+00 0.00000000e+00]
 [1.36863968e+02 1.37725359e+02 1.36173236e+02 1.36278870e+02 1.92810000e+06 0.00000000e+00 0.00000000e+00 0.00000000e+00]
 [1.36465699e+02 1.37392114e+02 1.35978125e+02 1.37050797e+02 1.08000000e+06 0.00000000e+00 0.00000000e+00 0.00000000e+00]
 [1.37351462e+02 1.37668389e+02 1.36863876e+02 1.36985779e+02 7.06200000e+05 0.00000000e+00 0.00000000e+00 0.00000000e+00]
 [1.37229532e+02 1.38611020e+02 1.37156398e+02 1.37635849e+02 9.78600000e+05 0.00000000e+00 0.00000000e+00 0.00000000e+00]
 [1.37806573e+02 1.38172256e+02 1.37205219e+02 1.37587158e+02 1.00100000e+06 0.00000000e+00 0.00000000e+00 0.00000000e+00]
 [1.37814695e+02 1.38180378e+02 1.37262109e+02 1.37587158e+02 7.09000000e+05 0.00000000e+00 0.00000000e+00 0.00000000e+00]
 [1.37457080e+02 1.38367239e+02 1.37310812e+02 1.38350983e+02 1.03420000e+06 0.00000000e+00 0.00000000e+00 0.00000000e+00]
 [1.38326637e+02 1.39342431e+02 1.37798430e+02 1.38659821e+02 8.53900000e+05 0.00000000e+00 0.00000000e+00 0.00000000e+00]
 [1.37489631e+02 1.38058472e+02 1.36831399e+02 1.37709045e+02 2.23590000e+06 0.00000000e+00 0.00000000e+00 0.00000000e+00]
 [1.39098622e+02 1.39960013e+02 1.39066122e+02 1.39675598e+02 1.28150000e+06 0.00000000e+00 0.00000000e+00 0.00000000e+00]
 [1.39773192e+02 1.40025107e+02 1.39602533e+02 1.39700058e+02 9.83100000e+05 0.00000000e+00 0.00000000e+00 0.00000000e+00]
 [1.40211942e+02 1.40455735e+02 1.39927527e+02 1.40146942e+02 1.03700000e+06 0.00000000e+00 0.00000000e+00 0.00000000e+00]
 [1.40650767e+02 1.40691402e+02 1.39602462e+02 1.40114426e+02 1.20560000e+06 0.00000000e+00 0.00000000e+00 0.00000000e+00]
 [1.39968148e+02 1.40163172e+02 1.39342416e+02 1.40138794e+02 8.85300000e+05 0.00000000e+00 0.00000000e+00 0.00000000e+00]
 [1.40366343e+02 1.40520745e+02 1.39098635e+02 1.39366806e+02 9.45700000e+05 0.00000000e+00 0.00000000e+00 0.00000000e+00]
 [1.38757322e+02 1.39488688e+02 1.38440395e+02 1.39464310e+02 1.06500000e+06 0.00000000e+00 0.00000000e+00 0.00000000e+00]
 [1.39886892e+02 1.39968161e+02 1.37505880e+02 1.37920319e+02 1.65940000e+06 0.00000000e+00 0.00000000e+00 0.00000000e+00]
 [1.37619619e+02 1.38326607e+02 1.37335192e+02 1.37522095e+02 1.32350000e+06 0.00000000e+00 0.00000000e+00 0.00000000e+00]
 [1.38196604e+02 1.39074251e+02 1.38139727e+02 1.38757324e+02 1.69540000e+06 0.00000000e+00 0.00000000e+00 0.00000000e+00]
 [1.39017402e+02 1.39919415e+02 1.38903621e+02 1.39740646e+02 7.79700000e+05 0.00000000e+00 0.00000000e+00 0.00000000e+00]
 [1.39797533e+02 1.39960057e+02 1.38139763e+02 1.38976776e+02 1.16630000e+06 0.00000000e+00 0.00000000e+00 0.00000000e+00]
 [1.38700453e+02 1.39903161e+02 1.38448538e+02 1.39765015e+02 8.18200000e+05 0.00000000e+00 0.00000000e+00 0.00000000e+00]
 [1.40431365e+02 1.40740170e+02 1.39155535e+02 1.39301804e+02 8.25200000e+05 0.00000000e+00 0.00000000e+00 0.00000000e+00]
 [1.39749972e+02 1.39913238e+02 1.38092794e+02 1.38713211e+02 2.00490000e+06 7.79000000e-01 0.00000000e+00 0.00000000e+00]
 [1.39415221e+02 1.39798904e+02 1.38598877e+02 1.39390732e+02 1.20210000e+06 0.00000000e+00 0.00000000e+00 0.00000000e+00]
 [1.39913185e+02 1.40117271e+02 1.38329476e+02 1.38362137e+02 1.15560000e+06 0.00000000e+00 0.00000000e+00 0.00000000e+00]
 [1.38223384e+02 1.38598895e+02 1.37537646e+02 1.38084595e+02 9.80700000e+05 0.00000000e+00 0.00000000e+00 0.00000000e+00]
 [1.38476526e+02 1.39423476e+02 1.38370397e+02 1.38696930e+02 5.48900000e+05 0.00000000e+00 0.00000000e+00 0.00000000e+00]
 [1.39627462e+02 1.40076454e+02 1.39488685e+02 1.39880539e+02 8.22000000e+05 0.00000000e+00 0.00000000e+00 0.00000000e+00]
 [1.40305081e+02 1.40892850e+02 1.40215282e+02 1.40819382e+02 1.24750000e+06 0.00000000e+00 0.00000000e+00 0.00000000e+00]
 [1.40998952e+02 1.41464261e+02 1.40737715e+02 1.41300995e+02 1.97280000e+06 0.00000000e+00 0.00000000e+00 0.00000000e+00]
 [1.41496974e+02 1.41529622e+02 1.40672471e+02 1.41080643e+02 7.18300000e+05 0.00000000e+00 0.00000000e+00 0.00000000e+00]
 [1.41856183e+02 1.41897002e+02 1.39211222e+02 1.39382660e+02 2.27080000e+06 0.00000000e+00 0.00000000e+00 0.00000000e+00]
 [1.39072407e+02 1.39309141e+02 1.37611156e+02 1.37880539e+02 1.64500000e+06 0.00000000e+00 0.00000000e+00 0.00000000e+00]
 [1.37790671e+02 1.38680495e+02 1.37325361e+02 1.38451920e+02 2.06400000e+06 0.00000000e+00 0.00000000e+00 0.00000000e+00]
 [1.38843850e+02 1.39970409e+02 1.38460167e+02 1.39945908e+02 7.68800000e+05 0.00000000e+00 0.00000000e+00 0.00000000e+00]
 [1.39937767e+02 1.39994917e+02 1.36835655e+02 1.36958115e+02 1.28690000e+06 0.00000000e+00 0.00000000e+00 0.00000000e+00]
 [1.36264178e+02 1.37186651e+02 1.35602941e+02 1.35725388e+02 1.76240000e+06 0.00000000e+00 0.00000000e+00 0.00000000e+00]
 [1.36802945e+02 1.37145808e+02 1.35725364e+02 1.36819275e+02 1.45660000e+06 0.00000000e+00 0.00000000e+00 0.00000000e+00]
 [1.37129518e+02 1.37856064e+02 1.35782555e+02 1.37766266e+02 2.16010000e+06 0.00000000e+00 0.00000000e+00 0.00000000e+00]
 [1.38713185e+02 1.39227486e+02 1.38117258e+02 1.39219315e+02 2.41000000e+06 0.00000000e+00 0.00000000e+00 0.00000000e+00]
 [1.39064286e+02 1.39790832e+02 1.38803050e+02 1.39382660e+02 9.25500000e+05 0.00000000e+00 0.00000000e+00 0.00000000e+00]
 [1.39472422e+02 1.39937731e+02 1.39317314e+02 1.39896912e+02 8.04400000e+05 0.00000000e+00 0.00000000e+00 0.00000000e+00]
 [1.40060176e+02 1.40917327e+02 1.39994867e+02 1.40509155e+02 1.05330000e+06 0.00000000e+00 0.00000000e+00 0.00000000e+00]
 [1.40484656e+02 1.40541806e+02 1.40125463e+02 1.40174454e+02 7.24500000e+05 0.00000000e+00 0.00000000e+00 0.00000000e+00]
 [1.40925482e+02 1.40925482e+02 1.39839743e+02 1.40484650e+02 5.43900000e+05 0.00000000e+00 0.00000000e+00 0.00000000e+00]
 [1.40043819e+02 1.40109128e+02 1.39039720e+02 1.39358093e+02 1.35790000e+06 0.00000000e+00 0.00000000e+00 0.00000000e+00]
 [1.39913211e+02 1.40378533e+02 1.38362162e+02 1.39782593e+02 6.47800000e+05 0.00000000e+00 0.00000000e+00 0.00000000e+00]
 [1.40239769e+02 1.40647941e+02 1.39945884e+02 1.40452026e+02 1.06590000e+06 0.00000000e+00 0.00000000e+00 0.00000000e+00]
 [1.40207111e+02 1.40990807e+02 1.40003025e+02 1.40892838e+02 6.05300000e+05 0.00000000e+00 0.00000000e+00 0.00000000e+00]
 [1.40819362e+02 1.41252023e+02 1.40435679e+02 1.40901001e+02 6.23900000e+05 0.00000000e+00 0.00000000e+00 0.00000000e+00]
 [1.40868400e+02 1.41439839e+02 1.40460228e+02 1.40672485e+02 7.54800000e+05 0.00000000e+00 0.00000000e+00 0.00000000e+00]
 [1.39994885e+02 1.40998985e+02 1.39611202e+02 1.40966324e+02 7.92600000e+05 0.00000000e+00 0.00000000e+00 0.00000000e+00]
 [1.40631569e+02 1.40721368e+02 1.39684607e+02 1.39741745e+02 5.67700000e+05 0.00000000e+00 0.00000000e+00 0.00000000e+00]
 [1.40190776e+02 1.40590789e+02 1.39137697e+02 1.40566299e+02 1.16060000e+06 0.00000000e+00 0.00000000e+00 0.00000000e+00]
 [1.40378610e+02 1.41390869e+02 1.39945936e+02 1.40394928e+02 1.39070000e+06 0.00000000e+00 0.00000000e+00 0.00000000e+00]
 [1.40394895e+02 1.40647960e+02 1.39758148e+02 1.40639801e+02 9.55400000e+05 0.00000000e+00 0.00000000e+00 0.00000000e+00]
 [1.41194874e+02 1.42027536e+02 1.41194874e+02 1.41970398e+02 7.80100000e+05 0.00000000e+00 0.00000000e+00 0.00000000e+00]
 [1.42117346e+02 1.42443891e+02 1.41954080e+02 1.42101028e+02 9.94800000e+05 0.00000000e+00 0.00000000e+00 0.00000000e+00]
 [1.41970404e+02 1.42019382e+02 1.41227528e+02 1.41415283e+02 1.33570000e+06 0.00000000e+00 0.00000000e+00 0.00000000e+00]
 [1.41145946e+02 1.41170435e+02 1.39488768e+02 1.40141846e+02 3.19110000e+06 0.00000000e+00 0.00000000e+00 0.00000000e+00]
 [1.40247900e+02 1.40705051e+02 1.39676462e+02 1.40688721e+02 6.99600000e+05 0.00000000e+00 0.00000000e+00 0.00000000e+00]
 [1.40394886e+02 1.41309200e+02 1.40256109e+02 1.41170410e+02 9.26900000e+05 0.00000000e+00 0.00000000e+00 0.00000000e+00]
 [1.41113256e+02 1.41129586e+02 1.39929559e+02 1.40239761e+02 6.69400000e+05 0.00000000e+00 0.00000000e+00 0.00000000e+00]
 [1.40705050e+02 1.41529553e+02 1.40664231e+02 1.41456085e+02 9.91300000e+05 0.00000000e+00 0.00000000e+00 0.00000000e+00]
 [1.41513281e+02 1.42092878e+02 1.41276534e+02 1.41839813e+02 8.59000000e+05 0.00000000e+00 0.00000000e+00 0.00000000e+00]
 [1.41970416e+02 1.42484704e+02 1.41896948e+02 1.42427567e+02 6.13900000e+05 0.00000000e+00 0.00000000e+00 0.00000000e+00]
 [1.42933759e+02 1.43309283e+02 1.42860291e+02 1.43268463e+02 8.90000000e+05 0.00000000e+00 0.00000000e+00 0.00000000e+00]
 [1.43284711e+02 1.43505115e+02 1.42933677e+02 1.43121445e+02 9.90900000e+05 0.00000000e+00 0.00000000e+00 0.00000000e+00]
 [1.43529633e+02 1.43937805e+02 1.43162268e+02 1.43937805e+02 5.41000000e+05 0.00000000e+00 0.00000000e+00 0.00000000e+00]
 [1.43807237e+02 1.44239898e+02 1.43660288e+02 1.44125610e+02 8.74700000e+05 0.00000000e+00 0.00000000e+00 0.00000000e+00]
 [1.44354163e+02 1.44370494e+02 1.43627618e+02 1.44321503e+02 1.62020000e+06 0.00000000e+00 0.00000000e+00 0.00000000e+00]
 [1.43962322e+02 1.44321503e+02 1.43856193e+02 1.44231705e+02 1.25290000e+06 0.00000000e+00 0.00000000e+00 0.00000000e+00]
 [1.43978665e+02 1.44615412e+02 1.43839888e+02 1.44492966e+02 9.84900000e+05 0.00000000e+00 0.00000000e+00 0.00000000e+00]
 [1.44688896e+02 1.45619528e+02 1.44190926e+02 1.45472580e+02 8.53600000e+05 0.00000000e+00 0.00000000e+00 0.00000000e+00]
 [1.45815408e+02 1.46199091e+02 1.45733781e+02 1.46166443e+02 5.86800000e+05 0.00000000e+00 0.00000000e+00 0.00000000e+00]
 [1.46158308e+02 1.46688939e+02 1.46019531e+02 1.46313416e+02 4.61800000e+05 0.00000000e+00 0.00000000e+00 0.00000000e+00]
 [1.46150081e+02 1.46370498e+02 1.45848038e+02 1.46346008e+02 9.59900000e+05 0.00000000e+00 0.00000000e+00 0.00000000e+00]
 [1.45831754e+02 1.45978703e+02 1.45513380e+02 1.45872574e+02 5.58100000e+05 0.00000000e+00 0.00000000e+00 0.00000000e+00]
 [1.45652188e+02 1.45733828e+02 1.44476650e+02 1.44786865e+02 8.91400000e+05 0.00000000e+00 0.00000000e+00 0.00000000e+00]
 [1.45088865e+02 1.45366432e+02 1.44631715e+02 1.45243973e+02 7.31200000e+05 0.00000000e+00 0.00000000e+00 0.00000000e+00]
 [1.45056195e+02 1.45643963e+02 1.44901087e+02 1.45366409e+02 7.56700000e+05 0.00000000e+00 0.00000000e+00 0.00000000e+00]
 [1.45170525e+02 1.45864410e+02 1.45007258e+02 1.45750122e+02 2.93440000e+06 0.00000000e+00 0.00000000e+00 0.00000000e+00]
 [1.45790896e+02 1.46917455e+02 1.45448033e+02 1.46835815e+02 5.01900000e+05 0.00000000e+00 0.00000000e+00 0.00000000e+00]
 [1.46974653e+02 1.47113442e+02 1.46541991e+02 1.47015472e+02 7.46900000e+05 0.00000000e+00 0.00000000e+00 0.00000000e+00]
 [1.47358305e+02 1.47407296e+02 1.47146060e+02 1.47309326e+02 8.30300000e+05 0.00000000e+00 0.00000000e+00 0.00000000e+00]
 [1.47357661e+02 1.47382261e+02 1.47005058e+02 1.47242859e+02 7.37700000e+05 8.09000000e-01 0.00000000e+00 0.00000000e+00]
 [1.47021499e+02 1.47718521e+02 1.46217882e+02 1.46373688e+02 3.91700000e+05 0.00000000e+00 0.00000000e+00 0.00000000e+00]
 [1.46078483e+02 1.47185516e+02 1.46070288e+02 1.46996902e+02 5.86000000e+05 0.00000000e+00 0.00000000e+00 0.00000000e+00]
 [1.47078886e+02 1.47095290e+02 1.45947254e+02 1.46923080e+02 6.76800000e+05 0.00000000e+00 0.00000000e+00 0.00000000e+00]
 [1.46611476e+02 1.47242895e+02 1.46529481e+02 1.47177292e+02 1.03230000e+06 0.00000000e+00 0.00000000e+00 0.00000000e+00]
 [1.47136322e+02 1.47456142e+02 1.47013324e+02 1.47136322e+02 1.26120000e+06 0.00000000e+00 0.00000000e+00 0.00000000e+00]
 [1.47505295e+02 1.48579520e+02 1.47464292e+02 1.48169510e+02 1.19900000e+06 0.00000000e+00 0.00000000e+00 0.00000000e+00]
 [1.48153128e+02 1.48448336e+02 1.48071133e+02 1.48276138e+02 5.11500000e+05 0.00000000e+00 0.00000000e+00 0.00000000e+00]
 [1.48677916e+02 1.49063327e+02 1.48587714e+02 1.49022324e+02 3.27900000e+05 0.00000000e+00 0.00000000e+00 0.00000000e+00]
 [1.48735323e+02 1.48833721e+02 1.48292505e+02 1.48538513e+02 1.15180000e+06 0.00000000e+00 0.00000000e+00 0.00000000e+00]
 [1.48235090e+02 1.48276093e+02 1.47193660e+02 1.47579071e+02 7.49400000e+05 0.00000000e+00 0.00000000e+00 0.00000000e+00]
 [1.47898930e+02 1.48325344e+02 1.47603722e+02 1.48194138e+02 9.30300000e+05 0.00000000e+00 0.00000000e+00 0.00000000e+00]
 [1.46791871e+02 1.47989107e+02 1.46652469e+02 1.47628296e+02 6.14600000e+05 0.00000000e+00 0.00000000e+00 0.00000000e+00]
 [1.47554511e+02 1.47898918e+02 1.47201895e+02 1.47825119e+02 5.20400000e+05 0.00000000e+00 0.00000000e+00 0.00000000e+00]
 [1.48587773e+02 1.48759983e+02 1.48440175e+02 1.48554977e+02 4.93100000e+05 0.00000000e+00 0.00000000e+00 0.00000000e+00]
 [1.48628754e+02 1.48940366e+02 1.47652927e+02 1.48300751e+02 1.20700000e+06 0.00000000e+00 0.00000000e+00 0.00000000e+00]
 [1.48956719e+02 1.49046922e+02 1.48431906e+02 1.48866516e+02 5.39400000e+05 0.00000000e+00 0.00000000e+00 0.00000000e+00]
 [1.48390938e+02 1.48932142e+02 1.46939498e+02 1.47119904e+02 1.10390000e+06 0.00000000e+00 0.00000000e+00 0.00000000e+00]
 [1.47620068e+02 1.48784495e+02 1.47554465e+02 1.48669693e+02 5.71500000e+05 0.00000000e+00 0.00000000e+00 0.00000000e+00]
 [1.48185913e+02 1.48489317e+02 1.47710300e+02 1.48349915e+02 8.66000000e+05 0.00000000e+00 0.00000000e+00 0.00000000e+00]
 [1.48899327e+02 1.49276530e+02 1.48768121e+02 1.49014130e+02 1.50950000e+06 0.00000000e+00 0.00000000e+00 0.00000000e+00]
 [1.49243747e+02 1.49506160e+02 1.48948539e+02 1.49366745e+02 7.50900000e+05 0.00000000e+00 0.00000000e+00 0.00000000e+00]
 [1.49538955e+02 1.49653757e+02 1.49219147e+02 1.49366745e+02 5.35800000e+05 0.00000000e+00 0.00000000e+00 0.00000000e+00]
 [1.48956693e+02 1.49055104e+02 1.48374486e+02 1.48653290e+02 6.35700000e+05 0.00000000e+00 0.00000000e+00 0.00000000e+00]
 [1.48710737e+02 1.48915743e+02 1.47833309e+02 1.48718933e+02 4.85700000e+05 0.00000000e+00 0.00000000e+00 0.00000000e+00]
 [1.48997717e+02 1.49153523e+02 1.48071102e+02 1.48087494e+02 6.39000000e+05 0.00000000e+00 0.00000000e+00 0.00000000e+00]
 [1.48604111e+02 1.48784516e+02 1.47488882e+02 1.48087494e+02 1.12850000e+06 0.00000000e+00 0.00000000e+00 0.00000000e+00]
 [1.47070688e+02 1.47193687e+02 1.45110840e+02 1.45110840e+02 2.43050000e+06 0.00000000e+00 0.00000000e+00 0.00000000e+00]
 [1.44749998e+02 1.45652013e+02 1.44036572e+02 1.44758194e+02 3.39800000e+06 0.00000000e+00 0.00000000e+00 0.00000000e+00]
 [1.44987799e+02 1.46053828e+02 1.44380992e+02 1.45775024e+02 2.21200000e+06 0.00000000e+00 0.00000000e+00 0.00000000e+00]
 [1.45176411e+02 1.45537222e+02 1.43831578e+02 1.44298996e+02 1.25130000e+06 0.00000000e+00 0.00000000e+00 0.00000000e+00]
 [1.43667614e+02 1.44996056e+02 1.43651210e+02 1.44389236e+02 1.18580000e+06 0.00000000e+00 0.00000000e+00 0.00000000e+00]
 [1.45061657e+02 1.45176460e+02 1.43257614e+02 1.43610229e+02 1.52710000e+06 0.00000000e+00 0.00000000e+00 0.00000000e+00]
 [1.43905409e+02 1.45365044e+02 1.43585601e+02 1.45274841e+02 1.20990000e+06 0.00000000e+00 0.00000000e+00 0.00000000e+00]
 [1.45857042e+02 1.46349060e+02 1.45643841e+02 1.45684845e+02 1.19120000e+06 0.00000000e+00 0.00000000e+00 0.00000000e+00]
 [1.45529053e+02 1.45955468e+02 1.45061636e+02 1.45512650e+02 5.13900000e+05 0.00000000e+00 0.00000000e+00 0.00000000e+00]
 [1.46086645e+02 1.46644265e+02 1.45857040e+02 1.46537659e+02 7.81600000e+05 0.00000000e+00 0.00000000e+00 0.00000000e+00]
 [1.46718082e+02 1.47177292e+02 1.46595084e+02 1.47177292e+02 8.42000000e+05 0.00000000e+00 0.00000000e+00 0.00000000e+00]
 [1.47726738e+02 1.47849749e+02 1.46111296e+02 1.47136322e+02 1.69430000e+06 0.00000000e+00 0.00000000e+00 0.00000000e+00]
 [1.47980952e+02 1.48448357e+02 1.47882541e+02 1.48358154e+02 1.03910000e+06 0.00000000e+00 0.00000000e+00 0.00000000e+00]
 [1.48751706e+02 1.49268323e+02 1.48612304e+02 1.49145325e+02 5.83000000e+05 0.00000000e+00 0.00000000e+00 0.00000000e+00]
 [1.48964958e+02 1.49743975e+02 1.48956750e+02 1.49555374e+02 1.50780000e+06 0.00000000e+00 0.00000000e+00 0.00000000e+00]
 [1.49719396e+02 1.50203205e+02 1.49588190e+02 1.49981796e+02 7.56600000e+05 0.00000000e+00 0.00000000e+00 0.00000000e+00]
 [1.49899748e+02 1.50137549e+02 1.49440539e+02 1.49743942e+02 6.56500000e+05 0.00000000e+00 0.00000000e+00 0.00000000e+00]
 [1.50506576e+02 1.50768988e+02 1.50285179e+02 1.50522980e+02 1.09720000e+06 0.00000000e+00 0.00000000e+00 0.00000000e+00]
 [1.50654161e+02 1.51023168e+02 1.50596754e+02 1.50645966e+02 7.49500000e+05 0.00000000e+00 0.00000000e+00 0.00000000e+00]
 [1.50727975e+02 1.50801774e+02 1.50342564e+02 1.50621368e+02 6.02600000e+05 0.00000000e+00 0.00000000e+00 0.00000000e+00]
 [1.50080160e+02 1.50572164e+02 1.49940758e+02 1.50506561e+02 4.47700000e+05 0.00000000e+00 0.00000000e+00 0.00000000e+00]
 [1.50744358e+02 1.50932959e+02 1.50252341e+02 1.50875565e+02 6.17200000e+05 0.00000000e+00 0.00000000e+00 0.00000000e+00]
 [1.51129833e+02 1.51129833e+02 1.50285213e+02 1.50834625e+02 5.53800000e+05 0.00000000e+00 0.00000000e+00 0.00000000e+00]
 [1.51416823e+02 1.51441423e+02 1.50547603e+02 1.50769012e+02 6.27600000e+05 0.00000000e+00 0.00000000e+00 0.00000000e+00]
 [1.50982189e+02 1.51556214e+02 1.50145777e+02 1.50522980e+02 5.36700000e+05 0.00000000e+00 0.00000000e+00 0.00000000e+00]
 [1.50498361e+02 1.51269183e+02 1.49965353e+02 1.51244583e+02 5.02300000e+05 0.00000000e+00 0.00000000e+00 0.00000000e+00]
 [1.51080570e+02 1.51260976e+02 1.50391744e+02 1.50859161e+02 6.35900000e+05 0.00000000e+00 0.00000000e+00 0.00000000e+00]
 [1.50711624e+02 1.50785436e+02 1.49580004e+02 1.49883408e+02 5.15300000e+05 0.00000000e+00 0.00000000e+00 0.00000000e+00]
 [1.49973572e+02 1.50514789e+02 1.49465164e+02 1.50473785e+02 8.49800000e+05 0.00000000e+00 0.00000000e+00 0.00000000e+00]
 [1.49858757e+02 1.50637774e+02 1.49743955e+02 1.50613174e+02 5.25700000e+05 0.00000000e+00 0.00000000e+00 0.00000000e+00]
 [1.50465551e+02 1.50481943e+02 1.49309320e+02 1.49719330e+02 7.24000000e+05 0.00000000e+00 0.00000000e+00 0.00000000e+00]
 [1.49768554e+02 1.49850561e+02 1.49153539e+02 1.49620956e+02 1.02170000e+06 0.00000000e+00 0.00000000e+00 0.00000000e+00]
 [1.49333920e+02 1.50982156e+02 1.49243717e+02 1.50736160e+02 5.65100000e+05 0.00000000e+00 0.00000000e+00 0.00000000e+00]
 [1.50974017e+02 1.51638232e+02 1.50227795e+02 1.50949417e+02 9.75000000e+05 0.00000000e+00 0.00000000e+00 0.00000000e+00]
 [1.51416795e+02 1.51753007e+02 1.51236390e+02 1.51736603e+02 7.40000000e+05 0.00000000e+00 0.00000000e+00 0.00000000e+00]
 [1.52228635e+02 1.52392637e+02 1.51359415e+02 1.51589020e+02 9.64000000e+05 0.00000000e+00 0.00000000e+00 0.00000000e+00]
 [1.51355015e+02 1.51387979e+02 1.50143844e+02 1.50415741e+02 8.36700000e+05 8.76000000e-01 0.00000000e+00 0.00000000e+00]
 [1.49913109e+02 1.50531053e+02 1.49550580e+02 1.49567062e+02 7.52200000e+05 0.00000000e+00 0.00000000e+00 0.00000000e+00]
 [1.49641204e+02 1.50835904e+02 1.49229241e+02 1.50769989e+02 9.68500000e+05 0.00000000e+00 0.00000000e+00 0.00000000e+00]
 [1.50366254e+02 1.50382736e+02 1.48298208e+02 1.48347641e+02 1.60300000e+06 0.00000000e+00 0.00000000e+00 0.00000000e+00]
 [1.48603085e+02 1.49855454e+02 1.48413585e+02 1.49542358e+02 9.16900000e+05 0.00000000e+00 0.00000000e+00 0.00000000e+00]
 [1.48248849e+02 1.49501219e+02 1.48117030e+02 1.49245804e+02 1.48280000e+06 0.00000000e+00 0.00000000e+00 0.00000000e+00]
 [1.49377564e+02 1.49797761e+02 1.48545392e+02 1.48792572e+02 7.67700000e+05 0.00000000e+00 0.00000000e+00 0.00000000e+00]
 [1.48586606e+02 1.48652522e+02 1.46502077e+02 1.46839890e+02 2.38020000e+06 0.00000000e+00 0.00000000e+00 0.00000000e+00]
 [1.46699849e+02 1.47342510e+02 1.45340365e+02 1.46831680e+02 1.26380000e+06 0.00000000e+00 0.00000000e+00 0.00000000e+00]
 [1.47878041e+02 1.48759646e+02 1.47383693e+02 1.48471268e+02 1.21740000e+06 0.00000000e+00 0.00000000e+00 0.00000000e+00]
 [1.49080921e+02 1.49278655e+02 1.47779118e+02 1.48289948e+02 1.30700000e+06 0.00000000e+00 0.00000000e+00 0.00000000e+00]
 [1.47523760e+02 1.47853325e+02 1.45999494e+02 1.46015976e+02 9.30600000e+05 0.00000000e+00 0.00000000e+00 0.00000000e+00]
 [1.46106620e+02 1.48751412e+02 1.45323893e+02 1.48570160e+02 1.89750000e+06 0.00000000e+00 0.00000000e+00 0.00000000e+00]
 [1.48306528e+02 1.48487793e+02 1.45505188e+02 1.45571091e+02 1.42860000e+06 0.00000000e+00 0.00000000e+00 0.00000000e+00]
 [1.45546379e+02 1.46287920e+02 1.43906776e+02 1.43939728e+02 2.46990000e+06 0.00000000e+00 0.00000000e+00 0.00000000e+00]
 [1.43882004e+02 1.44392834e+02 1.41492615e+02 1.41575012e+02 2.10920000e+06 0.00000000e+00 0.00000000e+00 0.00000000e+00]
 [1.42316585e+02 1.43379456e+02 1.41303161e+02 1.41805756e+02 2.43130000e+06 0.00000000e+00 0.00000000e+00 0.00000000e+00]
 [1.39902457e+02 1.41138344e+02 1.37471881e+02 1.40751099e+02 5.46030000e+06 0.00000000e+00 0.00000000e+00 0.00000000e+00]
 [1.38271054e+02 1.41673855e+02 1.38155693e+02 1.40660431e+02 4.45260000e+06 0.00000000e+00 0.00000000e+00 0.00000000e+00]
 [1.42316528e+02 1.43346434e+02 1.41748018e+02 1.42398926e+02 2.25940000e+06 0.00000000e+00 0.00000000e+00 0.00000000e+00]
 [1.42151742e+02 1.43857272e+02 1.42085826e+02 1.43799591e+02 1.37940000e+06 0.00000000e+00 0.00000000e+00 0.00000000e+00]
 [1.44829514e+02 1.46691579e+02 1.44672966e+02 1.46592712e+02 2.88420000e+06 0.00000000e+00 0.00000000e+00 0.00000000e+00]
 [1.46897554e+02 1.47251849e+02 1.45513367e+02 1.45595764e+02 2.37420000e+06 0.00000000e+00 0.00000000e+00 0.00000000e+00]
 [1.47029396e+02 1.48182898e+02 1.46798698e+02 1.47268341e+02 1.81240000e+06 0.00000000e+00 0.00000000e+00 0.00000000e+00]
 [1.47507267e+02 1.48446541e+02 1.46955239e+02 1.48372391e+02 1.15260000e+06 0.00000000e+00 0.00000000e+00 0.00000000e+00]
 [1.47902717e+02 1.48413559e+02 1.47375406e+02 1.48182861e+02 1.47600000e+06 0.00000000e+00 0.00000000e+00 0.00000000e+00]
 [1.48710221e+02 1.49904910e+02 1.48636058e+02 1.49888428e+02 1.33000000e+06 0.00000000e+00 0.00000000e+00 0.00000000e+00]
 [1.49979042e+02 1.50432204e+02 1.48693722e+02 1.49715393e+02 1.60070000e+06 0.00000000e+00 0.00000000e+00 0.00000000e+00]
 [1.49270483e+02 1.51050164e+02 1.49171616e+02 1.50662918e+02 1.58890000e+06 0.00000000e+00 0.00000000e+00 0.00000000e+00]
 [1.52442586e+02 1.52467303e+02 1.51684577e+02 1.52368423e+02 1.94610000e+06 0.00000000e+00 0.00000000e+00 0.00000000e+00]
 [1.52590846e+02 1.52936893e+02 1.52096499e+02 1.52459015e+02 2.27000000e+06 0.00000000e+00 0.00000000e+00 0.00000000e+00]
 [1.52063599e+02 1.52302544e+02 1.51149042e+02 1.51915298e+02 1.63940000e+06 0.00000000e+00 0.00000000e+00 0.00000000e+00]
 [1.53035797e+02 1.53068749e+02 1.52211872e+02 1.52912201e+02 1.82650000e+06 0.00000000e+00 0.00000000e+00 0.00000000e+00]
 [1.52895753e+02 1.53563131e+02 1.52343713e+02 1.53530167e+02 1.75860000e+06 0.00000000e+00 0.00000000e+00 0.00000000e+00]
 [1.53530172e+02 1.53810303e+02 1.53085258e+02 1.53662003e+02 1.39640000e+06 0.00000000e+00 0.00000000e+00 0.00000000e+00]
 [1.53645550e+02 1.54156392e+02 1.53472533e+02 1.54123428e+02 1.87640000e+06 0.00000000e+00 0.00000000e+00 0.00000000e+00]
 [1.54189316e+02 1.54354098e+02 1.53892702e+02 1.54271713e+02 1.03160000e+06 0.00000000e+00 0.00000000e+00 0.00000000e+00]
 [1.53653754e+02 1.54304650e+02 1.53629038e+02 1.54148102e+02 2.74290000e+06 0.00000000e+00 0.00000000e+00 0.00000000e+00]
 [1.54271754e+02 1.54766101e+02 1.53563178e+02 1.54288223e+02 1.16360000e+06 0.00000000e+00 0.00000000e+00 0.00000000e+00]
 [1.54230552e+02 1.54510684e+02 1.53950421e+02 1.54345901e+02 1.46450000e+06 0.00000000e+00 0.00000000e+00 0.00000000e+00]
 [1.54016336e+02 1.54560130e+02 1.53876271e+02 1.54428299e+02 5.84600000e+05 0.00000000e+00 0.00000000e+00 0.00000000e+00]
 [1.54469473e+02 1.55573543e+02 1.54469473e+02 1.55318115e+02 1.25260000e+06 0.00000000e+00 0.00000000e+00 0.00000000e+00]
 [1.55103834e+02 1.55293333e+02 1.54378776e+02 1.55037918e+02 1.88080000e+06 0.00000000e+00 0.00000000e+00 0.00000000e+00]
 [1.54312926e+02 1.55425230e+02 1.54312926e+02 1.55318115e+02 8.66800000e+05 0.00000000e+00 0.00000000e+00 0.00000000e+00]
 [1.56900000e+02 1.56941199e+02 1.55680595e+02 1.56191437e+02 1.58620000e+06 0.00000000e+00 0.00000000e+00 0.00000000e+00]
 [1.56562202e+02 1.56718750e+02 1.56356221e+02 1.56595154e+02 1.36590000e+06 0.00000000e+00 0.00000000e+00 0.00000000e+00]
 [1.56825847e+02 1.57007111e+02 1.56265584e+02 1.56545715e+02 1.73670000e+06 0.00000000e+00 0.00000000e+00 0.00000000e+00]
 [1.56628133e+02 1.56974180e+02 1.56446868e+02 1.56908264e+02 8.24400000e+05 0.00000000e+00 0.00000000e+00 0.00000000e+00]
 [1.56792913e+02 1.57064810e+02 1.56347987e+02 1.56570450e+02 4.30200000e+05 0.00000000e+00 0.00000000e+00 0.00000000e+00]
 [1.55960725e+02 1.56043122e+02 1.55194480e+02 1.55499329e+02 2.08360000e+06 0.00000000e+00 0.00000000e+00 0.00000000e+00]
 [1.55482855e+02 1.56652827e+02 1.55482855e+02 1.56479797e+02 1.44680000e+06 0.00000000e+00 0.00000000e+00 0.00000000e+00]
 [1.56628165e+02 1.57270826e+02 1.56521051e+02 1.57081314e+02 2.24010000e+06 0.00000000e+00 0.00000000e+00 0.00000000e+00]
 [1.56834081e+02 1.57361392e+02 1.56191421e+02 1.56924713e+02 1.57300000e+06 0.00000000e+00 0.00000000e+00 0.00000000e+00]
 [1.57081299e+02 1.57526225e+02 1.56834131e+02 1.57204895e+02 2.21590000e+06 0.00000000e+00 0.00000000e+00 0.00000000e+00]
 [1.56834130e+02 1.57229611e+02 1.55598243e+02 1.56133789e+02 1.52780000e+06 0.00000000e+00 0.00000000e+00 0.00000000e+00]
 [1.54428231e+02 1.56109045e+02 1.54057467e+02 1.56010178e+02 1.76310000e+06 0.00000000e+00 0.00000000e+00 0.00000000e+00]
 [1.55606425e+02 1.55606425e+02 1.53332397e+02 1.53563095e+02 1.74980000e+06 0.00000000e+00 0.00000000e+00 0.00000000e+00]
 [1.54057490e+02 1.55779503e+02 1.53917424e+02 1.54279953e+02 1.97260000e+06 0.00000000e+00 0.00000000e+00 0.00000000e+00]
 [1.53250058e+02 1.53991586e+02 1.51742274e+02 1.51775238e+02 2.61440000e+06 0.00000000e+00 0.00000000e+00 0.00000000e+00]
 [1.52640343e+02 1.53019354e+02 1.50176815e+02 1.50720596e+02 2.80140000e+06 0.00000000e+00 0.00000000e+00 0.00000000e+00]
 [1.50036731e+02 1.52871022e+02 1.49492938e+02 1.49558853e+02 3.83750000e+06 0.00000000e+00 0.00000000e+00 0.00000000e+00]
 [1.49929625e+02 1.52879278e+02 1.49822511e+02 1.52574417e+02 5.58860000e+06 0.00000000e+00 0.00000000e+00 0.00000000e+00]
 [1.53859742e+02 1.55375760e+02 1.53250033e+02 1.55351044e+02 3.82020000e+06 0.00000000e+00 0.00000000e+00 0.00000000e+00]
 [1.55960726e+02 1.56652833e+02 1.55383981e+02 1.56067841e+02 1.80080000e+06 0.00000000e+00 0.00000000e+00 0.00000000e+00]
 [1.56191451e+02 1.56759949e+02 1.56001939e+02 1.56759949e+02 3.00580000e+06 0.00000000e+00 0.00000000e+00 0.00000000e+00]
 [1.57320201e+02 1.57344918e+02 1.56792890e+02 1.56998871e+02 1.92680000e+06 0.00000000e+00 0.00000000e+00 0.00000000e+00]
 [1.57213105e+02 1.57410851e+02 1.56957690e+02 1.56982407e+02 9.52700000e+05 0.00000000e+00 0.00000000e+00 0.00000000e+00]
 [1.57419044e+02 1.57798055e+02 1.57361376e+02 1.57493195e+02 6.50300000e+05 0.00000000e+00 0.00000000e+00 0.00000000e+00]
 [1.57344919e+02 1.57888713e+02 1.57287239e+02 1.57715683e+02 8.78600000e+05 0.00000000e+00 0.00000000e+00 0.00000000e+00]
 [1.57328441e+02 1.57443790e+02 1.56792895e+02 1.56858810e+02 3.22450000e+06 0.00000000e+00 0.00000000e+00 0.00000000e+00]
 [1.57163722e+02 1.57295553e+02 1.55211024e+02 1.55227493e+02 1.36600000e+06 0.00000000e+00 0.00000000e+00 0.00000000e+00]
 [1.55960786e+02 1.56315081e+02 1.54288219e+02 1.55227493e+02 1.86500000e+06 0.00000000e+00 0.00000000e+00 0.00000000e+00]
 [1.54288160e+02 1.54411756e+02 1.52145962e+02 1.52500244e+02 2.73470000e+06 0.00000000e+00 0.00000000e+00 0.00000000e+00]
 [1.52730952e+02 1.53151162e+02 1.50250943e+02 1.51000717e+02 2.24530000e+06 0.00000000e+00 0.00000000e+00 0.00000000e+00]
 [1.52203668e+02 1.53175906e+02 1.51791706e+02 1.52887527e+02 2.30560000e+06 0.00000000e+00 0.00000000e+00 0.00000000e+00]
 [1.54181097e+02 1.55763031e+02 1.54131663e+02 1.55573532e+02 1.74060000e+06 0.00000000e+00 0.00000000e+00 0.00000000e+00]
 [1.55968943e+02 1.56001894e+02 1.53785535e+02 1.54263412e+02 2.52520000e+06 0.00000000e+00 0.00000000e+00 0.00000000e+00]
 [1.54452931e+02 1.54568280e+02 1.52582618e+02 1.53118164e+02 1.84750000e+06 0.00000000e+00 0.00000000e+00 0.00000000e+00]
 [1.54255259e+02 1.55235732e+02 1.51519822e+02 1.52714523e+02 2.15850000e+06 0.00000000e+00 0.00000000e+00 0.00000000e+00]
 [1.50860708e+02 1.51931801e+02 1.50045018e+02 1.51816452e+02 5.21630000e+06 0.00000000e+00 0.00000000e+00 0.00000000e+00]
 [1.52327225e+02 1.52632073e+02 1.50283882e+02 1.50399231e+02 1.94070000e+06 0.00000000e+00 0.00000000e+00 0.00000000e+00]
 [1.50209760e+02 1.52492035e+02 1.50028495e+02 1.52261337e+02 1.47280000e+06 0.00000000e+00 0.00000000e+00 0.00000000e+00]
 [1.52936918e+02 1.53167616e+02 1.51256117e+02 1.52640305e+02 1.63760000e+06 0.00000000e+00 0.00000000e+00 0.00000000e+00]
 [1.52236621e+02 1.53859754e+02 1.51849376e+02 1.53439545e+02 1.58650000e+06 0.00000000e+00 0.00000000e+00 0.00000000e+00]
 [1.54148150e+02 1.55845434e+02 1.52920510e+02 1.55787766e+02 6.07490000e+06 0.00000000e+00 0.00000000e+00 0.00000000e+00]
 [1.55491092e+02 1.55738272e+02 1.54724835e+02 1.54930817e+02 3.10980000e+06 0.00000000e+00 0.00000000e+00 0.00000000e+00]
 [1.54724891e+02 1.55318118e+02 1.54016315e+02 1.55235733e+02 2.01800000e+06 0.00000000e+00 0.00000000e+00 0.00000000e+00]
 [1.53365390e+02 1.54222266e+02 1.52442598e+02 1.53200607e+02 1.97910000e+06 0.00000000e+00 0.00000000e+00 0.00000000e+00]
 [1.54296396e+02 1.54337594e+02 1.51066612e+02 1.51181961e+02 2.53080000e+06 0.00000000e+00 0.00000000e+00 0.00000000e+00]
 [1.51388016e+02 1.52862837e+02 1.50127412e+02 1.52648621e+02 4.33820000e+06 0.00000000e+00 0.00000000e+00 0.00000000e+00]
 [1.51569197e+02 1.52739169e+02 1.50473376e+02 1.50769989e+02 2.30250000e+06 0.00000000e+00 0.00000000e+00 0.00000000e+00]
 [1.51190207e+02 1.52640310e+02 1.49517640e+02 1.52500244e+02 3.39780000e+06 0.00000000e+00 0.00000000e+00 0.00000000e+00]
 [1.53357133e+02 1.54782519e+02 1.53076989e+02 1.54724838e+02 1.43500000e+06 0.00000000e+00 0.00000000e+00 0.00000000e+00]
 [1.54098704e+02 1.55186291e+02 1.53785608e+02 1.54197571e+02 1.86120000e+06 0.00000000e+00 0.00000000e+00 0.00000000e+00]
 [1.54807245e+02 1.55878349e+02 1.54774293e+02 1.55763000e+02 1.03380000e+06 0.00000000e+00 0.00000000e+00 0.00000000e+00]
 [1.56125533e+02 1.56586929e+02 1.54848447e+02 1.55326324e+02 1.45470000e+06 0.00000000e+00 0.00000000e+00 0.00000000e+00]
 [1.54741336e+02 1.55383996e+02 1.54255223e+02 1.54617752e+02 2.28930000e+06 0.00000000e+00 0.00000000e+00 0.00000000e+00]
 [1.55573485e+02 1.56488030e+02 1.54774277e+02 1.56265579e+02 1.79800000e+06 0.00000000e+00 0.00000000e+00 0.00000000e+00]
 [1.56141998e+02 1.56735225e+02 1.55540536e+02 1.56372696e+02 1.74440000e+06 0.00000000e+00 0.00000000e+00 0.00000000e+00]
 [1.57122535e+02 1.57905261e+02 1.56933035e+02 1.57822876e+02 2.00850000e+06 0.00000000e+00 0.00000000e+00 0.00000000e+00]
 [1.57962895e+02 1.58556122e+02 1.57748679e+02 1.58514923e+02 1.07310000e+06 0.00000000e+00 0.00000000e+00 0.00000000e+00]
 [1.58251291e+02 1.58918668e+02 1.58020580e+02 1.58770355e+02 1.70040000e+06 0.00000000e+00 0.00000000e+00 0.00000000e+00]
 [1.58424288e+02 1.58836250e+02 1.58193590e+02 1.58803299e+02 1.86300000e+06 0.00000000e+00 0.00000000e+00 0.00000000e+00]
 [1.58267692e+02 1.58992750e+02 1.58102910e+02 1.58696136e+02 1.01760000e+06 0.00000000e+00 0.00000000e+00 0.00000000e+00]
 [1.58300731e+02 1.59693166e+02 1.57740455e+02 1.59660202e+02 1.37400000e+06 0.00000000e+00 0.00000000e+00 0.00000000e+00]
 [1.59421224e+02 1.59618958e+02 1.59042213e+02 1.59618958e+02 1.49770000e+06 0.00000000e+00 0.00000000e+00 0.00000000e+00]
 [1.59586044e+02 1.60245186e+02 1.59371815e+02 1.60088638e+02 1.24420000e+06 0.00000000e+00 0.00000000e+00 0.00000000e+00]
 [1.59956757e+02 1.60376954e+02 1.59602475e+02 1.59915558e+02 1.98360000e+06 0.00000000e+00 0.00000000e+00 0.00000000e+00]
 [1.59833239e+02 1.59965058e+02 1.59190579e+02 1.59734360e+02 9.94200000e+05 0.00000000e+00 0.00000000e+00 0.00000000e+00]
 [1.59651925e+02 1.59882623e+02 1.59174047e+02 1.59182281e+02 9.66600000e+05 0.00000000e+00 0.00000000e+00 0.00000000e+00]
 [1.59272882e+02 1.60228638e+02 1.59264647e+02 1.60228638e+02 1.01660000e+06 0.00000000e+00 0.00000000e+00 0.00000000e+00]
 [1.59808446e+02 1.59857880e+02 1.58762059e+02 1.59544785e+02 1.38810000e+06 0.00000000e+00 0.00000000e+00 0.00000000e+00]
 [1.59017568e+02 1.59058767e+02 1.57971180e+02 1.58877502e+02 1.49750000e+06 0.00000000e+00 0.00000000e+00 0.00000000e+00]
 [1.59141124e+02 1.59289437e+02 1.58589095e+02 1.59050491e+02 1.13580000e+06 0.00000000e+00 0.00000000e+00 0.00000000e+00]
 [1.58193613e+02 1.58646775e+02 1.56496330e+02 1.56801178e+02 1.81560000e+06 0.00000000e+00 0.00000000e+00 0.00000000e+00]
 [1.56974143e+02 1.57756869e+02 1.56891746e+02 1.57468491e+02 1.13200000e+06 0.00000000e+00 0.00000000e+00 0.00000000e+00]
 [1.56191459e+02 1.56240892e+02 1.54873174e+02 1.54881409e+02 2.39050000e+06 0.00000000e+00 0.00000000e+00 0.00000000e+00]
 [1.55112148e+02 1.55285178e+02 1.54461253e+02 1.54518921e+02 1.85750000e+06 0.00000000e+00 0.00000000e+00 0.00000000e+00]
 [1.55070903e+02 1.56545723e+02 1.55062656e+02 1.56512772e+02 2.64690000e+06 0.00000000e+00 0.00000000e+00 0.00000000e+00]
 [1.56282098e+02 1.56372730e+02 1.54584815e+02 1.55557053e+02 1.79220000e+06 0.00000000e+00 0.00000000e+00 0.00000000e+00]
 [1.56207892e+02 1.57682724e+02 1.56174940e+02 1.57682724e+02 1.05470000e+06 0.00000000e+00 0.00000000e+00 0.00000000e+00]
 [1.56941251e+02 1.57476810e+02 1.56405704e+02 1.57147232e+02 1.46090000e+06 0.00000000e+00 0.00000000e+00 0.00000000e+00]
 [1.56685808e+02 1.59643696e+02 1.56125545e+02 1.59017517e+02 2.28740000e+06 0.00000000e+00 0.00000000e+00 0.00000000e+00]
 [1.58654974e+02 1.58893919e+02 1.57987597e+02 1.58284210e+02 1.37200000e+06 0.00000000e+00 0.00000000e+00 0.00000000e+00]
 [1.59174071e+02 1.60162779e+02 1.59124638e+02 1.59717865e+02 1.35010000e+06 0.00000000e+00 0.00000000e+00 0.00000000e+00]
 [1.59704574e+02 1.60234575e+02 1.59406447e+02 1.59431290e+02 7.07100000e+05 9.84000000e-01 0.00000000e+00 0.00000000e+00]
 [1.59315375e+02 1.59704596e+02 1.58445837e+02 1.58503799e+02 1.58770000e+06 0.00000000e+00 0.00000000e+00 0.00000000e+00]
 [1.58702542e+02 1.58893008e+02 1.56160194e+02 1.56193314e+02 1.21670000e+06 0.00000000e+00 0.00000000e+00 0.00000000e+00]
 [1.55588799e+02 1.56640513e+02 1.54984256e+02 1.55804108e+02 1.90620000e+06 0.00000000e+00 0.00000000e+00 0.00000000e+00]
 [1.55721318e+02 1.56334138e+02 1.55547418e+02 1.56127106e+02 1.83700000e+06 0.00000000e+00 0.00000000e+00 0.00000000e+00]
 [1.57137377e+02 1.58329884e+02 1.57112534e+02 1.58073166e+02 1.41470000e+06 0.00000000e+00 0.00000000e+00 0.00000000e+00]
 [1.57327855e+02 1.58818488e+02 1.56657072e+02 1.56681915e+02 2.76520000e+06 0.00000000e+00 0.00000000e+00 0.00000000e+00]
 [1.56657104e+02 1.56657104e+02 1.55249288e+02 1.56176788e+02 3.37990000e+06 0.00000000e+00 0.00000000e+00 0.00000000e+00]
 [1.56077397e+02 1.57087715e+02 1.55911774e+02 1.56640518e+02 1.80350000e+06 0.00000000e+00 0.00000000e+00 0.00000000e+00]
 [1.55878669e+02 1.58205709e+02 1.55762731e+02 1.57741959e+02 1.24250000e+06 0.00000000e+00 0.00000000e+00 0.00000000e+00]
 [1.57741906e+02 1.58445820e+02 1.57319565e+02 1.57319565e+02 1.37230000e+06 0.00000000e+00 0.00000000e+00 0.00000000e+00]
 [1.57543194e+02 1.58222253e+02 1.57187092e+02 1.57891006e+02 1.41210000e+06 0.00000000e+00 0.00000000e+00 0.00000000e+00]
 [1.57717108e+02 1.58760558e+02 1.57311333e+02 1.58578369e+02 7.94800000e+05 0.00000000e+00 0.00000000e+00 0.00000000e+00]
 [1.58785353e+02 1.59472701e+02 1.58619717e+02 1.59447845e+02 1.05690000e+06 0.00000000e+00 0.00000000e+00 0.00000000e+00]
 [1.59298828e+02 1.59861949e+02 1.58669455e+02 1.58727417e+02 1.22780000e+06 0.00000000e+00 0.00000000e+00 0.00000000e+00]
 [1.58520375e+02 1.59182881e+02 1.57982097e+02 1.59017258e+02 2.64780000e+06 0.00000000e+00 0.00000000e+00 0.00000000e+00]
 [1.59447875e+02 1.60176633e+02 1.59373347e+02 1.59746002e+02 9.34900000e+05 0.00000000e+00 0.00000000e+00 0.00000000e+00]
 [1.59456144e+02 1.60135203e+02 1.59249112e+02 1.59688019e+02 8.23300000e+05 0.00000000e+00 0.00000000e+00 0.00000000e+00]
 [1.58611435e+02 1.58810191e+02 1.57137368e+02 1.57832993e+02 2.05930000e+06 0.00000000e+00 0.00000000e+00 0.00000000e+00]
 [1.58727434e+02 1.59580406e+02 1.58628063e+02 1.59274002e+02 1.43030000e+06 0.00000000e+00 0.00000000e+00 0.00000000e+00]
 [1.59919893e+02 1.60044108e+02 1.58835047e+02 1.59116608e+02 1.08950000e+06 0.00000000e+00 0.00000000e+00 0.00000000e+00]
 [1.59406451e+02 1.60060667e+02 1.58586599e+02 1.59903320e+02 1.12540000e+06 0.00000000e+00 0.00000000e+00 0.00000000e+00]
 [1.59538925e+02 1.60872212e+02 1.59414711e+02 1.60317368e+02 9.56400000e+05 0.00000000e+00 0.00000000e+00 0.00000000e+00]
 [1.60673483e+02 1.60897068e+02 1.60259418e+02 1.60640350e+02 9.78300000e+05 0.00000000e+00 0.00000000e+00 0.00000000e+00]
 [1.61178642e+02 1.61269736e+02 1.59828788e+02 1.60002701e+02 8.98200000e+05 0.00000000e+00 0.00000000e+00 0.00000000e+00]
 [1.59969571e+02 1.60532705e+02 1.58950977e+02 1.60499573e+02 1.10380000e+06 0.00000000e+00 0.00000000e+00 0.00000000e+00]
 [1.59671440e+02 1.60375354e+02 1.59116595e+02 1.59845352e+02 1.40890000e+06 0.00000000e+00 0.00000000e+00 0.00000000e+00]
 [1.59331913e+02 1.59663172e+02 1.57609417e+02 1.58255356e+02 2.50610000e+06 0.00000000e+00 0.00000000e+00 0.00000000e+00]
 [1.58967555e+02 1.59977860e+02 1.58876460e+02 1.59911621e+02 1.92120000e+06 0.00000000e+00 0.00000000e+00 0.00000000e+00]
 [1.60358792e+02 1.60913637e+02 1.60242855e+02 1.60408478e+02 1.06000000e+06 0.00000000e+00 0.00000000e+00 0.00000000e+00]
 [1.60160067e+02 1.60491326e+02 1.58445847e+02 1.58536942e+02 1.13830000e+06 0.00000000e+00 0.00000000e+00 0.00000000e+00]
 [1.59075233e+02 1.59323674e+02 1.56955226e+02 1.57899292e+02 1.58810000e+06 0.00000000e+00 0.00000000e+00 0.00000000e+00]
 [1.57833027e+02 1.58917874e+02 1.57543190e+02 1.58536942e+02 1.32070000e+06 0.00000000e+00 0.00000000e+00 0.00000000e+00]
 [1.60077276e+02 1.60806021e+02 1.60019301e+02 1.60615555e+02 1.32290000e+06 0.00000000e+00 0.00000000e+00 0.00000000e+00]
 [1.60598939e+02 1.60822538e+02 1.59795666e+02 1.59845352e+02 1.09010000e+06 0.00000000e+00 0.00000000e+00 0.00000000e+00]
 [1.59124892e+02 1.59886781e+02 1.58363015e+02 1.59381622e+02 1.85270000e+06 0.00000000e+00 0.00000000e+00 0.00000000e+00]
 [1.59795668e+02 1.60333947e+02 1.59215968e+02 1.59431290e+02 5.89000000e+05 0.00000000e+00 0.00000000e+00 0.00000000e+00]
 [1.60358822e+02 1.61153831e+02 1.60102104e+02 1.61095856e+02 9.02300000e+05 0.00000000e+00 0.00000000e+00 0.00000000e+00]
 [1.61220081e+02 1.61385717e+02 1.60839149e+02 1.61261490e+02 7.19000000e+05 0.00000000e+00 0.00000000e+00 0.00000000e+00]
 [1.61178690e+02 1.61998529e+02 1.61054463e+02 1.61758377e+02 9.84500000e+05 0.00000000e+00 0.00000000e+00 0.00000000e+00]
 [1.61849434e+02 1.62122718e+02 1.61451936e+02 1.61675522e+02 9.80400000e+05 0.00000000e+00 0.00000000e+00 0.00000000e+00]
 [1.61791503e+02 1.62271819e+02 1.61319476e+02 1.61567917e+02 3.40130000e+06 0.00000000e+00 0.00000000e+00 0.00000000e+00]
 [1.61526456e+02 1.62255200e+02 1.61344267e+02 1.62056458e+02 7.56200000e+05 0.00000000e+00 0.00000000e+00 0.00000000e+00]
 [1.61741757e+02 1.62106135e+02 1.61642385e+02 1.61700348e+02 8.31600000e+05 0.00000000e+00 0.00000000e+00 0.00000000e+00]
 [1.61261505e+02 1.61294637e+02 1.59580405e+02 1.59961349e+02 1.23530000e+06 0.00000000e+00 0.00000000e+00 0.00000000e+00]
 [1.60375421e+02 1.61683866e+02 1.60077294e+02 1.61435425e+02 1.42010000e+06 0.00000000e+00 0.00000000e+00 0.00000000e+00]
 [1.61203480e+02 1.61377380e+02 1.60656912e+02 1.61286285e+02 1.11450000e+06 0.00000000e+00 0.00000000e+00 0.00000000e+00]
 [1.61211790e+02 1.61253198e+02 1.60035848e+02 1.60234604e+02 1.53090000e+06 0.00000000e+00 0.00000000e+00 0.00000000e+00]
 [1.60847452e+02 1.61186987e+02 1.59903385e+02 1.60607300e+02 1.15740000e+06 0.00000000e+00 0.00000000e+00 0.00000000e+00]
 [1.60184905e+02 1.61071008e+02 1.59621783e+02 1.60441635e+02 1.09440000e+06 0.00000000e+00 0.00000000e+00 0.00000000e+00]
 [1.60913613e+02 1.61427048e+02 1.60441586e+02 1.60880493e+02 1.21380000e+06 0.00000000e+00 0.00000000e+00 0.00000000e+00]
 [1.60259492e+02 1.60764651e+02 1.59232608e+02 1.59572144e+02 1.38340000e+06 0.00000000e+00 0.00000000e+00 0.00000000e+00]
 [1.59398157e+02 1.59845353e+02 1.58652846e+02 1.59249100e+02 1.56780000e+06 0.00000000e+00 0.00000000e+00 0.00000000e+00]
 [1.59141440e+02 1.59265667e+02 1.58189098e+02 1.58263626e+02 1.13010000e+06 0.00000000e+00 0.00000000e+00 0.00000000e+00]
 [1.58255346e+02 1.58710806e+02 1.57650803e+02 1.58222214e+02 1.46610000e+06 0.00000000e+00 0.00000000e+00 0.00000000e+00]
 [1.58967564e+02 1.60474752e+02 1.58901313e+02 1.60102097e+02 1.24770000e+06 0.00000000e+00 0.00000000e+00 0.00000000e+00]
 [1.60615535e+02 1.60963347e+02 1.60350540e+02 1.60598969e+02 7.24700000e+05 0.00000000e+00 0.00000000e+00 0.00000000e+00]
 [1.59837099e+02 1.60011012e+02 1.59174606e+02 1.59423035e+02 2.14770000e+06 0.00000000e+00 0.00000000e+00 0.00000000e+00]
 [1.58354743e+02 1.58975839e+02 1.57733647e+02 1.58685989e+02 1.39260000e+06 0.00000000e+00 0.00000000e+00 0.00000000e+00]
 [1.58586611e+02 1.59671457e+02 1.58454107e+02 1.59613495e+02 8.19800000e+05 0.00000000e+00 0.00000000e+00 0.00000000e+00]
 [1.59878475e+02 1.60400200e+02 1.58959252e+02 1.59886765e+02 1.17060000e+06 0.00000000e+00 0.00000000e+00 0.00000000e+00]
 [1.60334004e+02 1.61924010e+02 1.60325727e+02 1.61468536e+02 1.04160000e+06 0.00000000e+00 0.00000000e+00 0.00000000e+00]
 [1.61319480e+02 1.61360889e+02 1.60532761e+02 1.60532761e+02 6.91400000e+05 0.00000000e+00 0.00000000e+00 0.00000000e+00]
 [1.61715852e+02 1.62173455e+02 1.61449619e+02 1.61632660e+02 1.02700000e+06 9.02000000e-01 0.00000000e+00 0.00000000e+00]
 [1.61807364e+02 1.62040323e+02 1.61408007e+02 1.61749130e+02 1.72720000e+06 0.00000000e+00 0.00000000e+00 0.00000000e+00]
 [1.61557777e+02 1.61840667e+02 1.60567708e+02 1.60592667e+02 2.16060000e+06 0.00000000e+00 0.00000000e+00 0.00000000e+00]
 [1.61000337e+02 1.61150104e+02 1.60043542e+02 1.60093460e+02 2.28760000e+06 0.00000000e+00 0.00000000e+00 0.00000000e+00]
 [1.60426268e+02 1.60634268e+02 1.59577624e+02 1.60093460e+02 1.63190000e+06 0.00000000e+00 0.00000000e+00 0.00000000e+00]
 [1.58728937e+02 1.59269732e+02 1.56632294e+02 1.56707184e+02 2.74680000e+06 0.00000000e+00 0.00000000e+00 0.00000000e+00]
 [1.58229776e+02 1.58229776e+02 1.56615706e+02 1.57114899e+02 2.67940000e+06 0.00000000e+00 0.00000000e+00 0.00000000e+00]
 [1.58620747e+02 1.58703952e+02 1.57622350e+02 1.58304596e+02 2.78230000e+06 0.00000000e+00 0.00000000e+00 0.00000000e+00]
 [1.58787182e+02 1.58911977e+02 1.57813731e+02 1.58188141e+02 3.08710000e+06 0.00000000e+00 0.00000000e+00 0.00000000e+00]
 [1.57015025e+02 1.58412778e+02 1.56815340e+02 1.57730545e+02 1.74110000e+06 0.00000000e+00 0.00000000e+00 0.00000000e+00]
 [1.57963485e+02 1.58828759e+02 1.55742047e+02 1.58703964e+02 3.50750000e+06 0.00000000e+00 0.00000000e+00 0.00000000e+00]
 [1.57547537e+02 1.57738893e+02 1.55841934e+02 1.56008331e+02 1.87400000e+06 0.00000000e+00 0.00000000e+00 0.00000000e+00]
 [1.57996804e+02 1.58188173e+02 1.56274570e+02 1.56291214e+02 2.22490000e+06 0.00000000e+00 0.00000000e+00 0.00000000e+00]
 [1.58229793e+02 1.58670765e+02 1.57539244e+02 1.58279724e+02 1.64860000e+06 0.00000000e+00 0.00000000e+00 0.00000000e+00]
 [1.59402845e+02 1.60143324e+02 1.59394529e+02 1.60051804e+02 1.02610000e+06 0.00000000e+00 0.00000000e+00 0.00000000e+00]
 [1.60051798e+02 1.61016921e+02 1.59968605e+02 1.60759003e+02 1.12890000e+06 0.00000000e+00 0.00000000e+00 0.00000000e+00]
 [1.60817315e+02 1.61183397e+02 1.60259876e+02 1.60692520e+02 1.17480000e+06 0.00000000e+00 0.00000000e+00 0.00000000e+00]
 [1.61665910e+02 1.61965431e+02 1.61449595e+02 1.61923828e+02 9.49500000e+05 0.00000000e+00 0.00000000e+00 0.00000000e+00]
 [1.61973737e+02 1.62173422e+02 1.61607668e+02 1.62115189e+02 8.72100000e+05 0.00000000e+00 0.00000000e+00 0.00000000e+00]
 [1.62314874e+02 1.62622722e+02 1.61907202e+02 1.62190079e+02 1.10350000e+06 0.00000000e+00 0.00000000e+00 0.00000000e+00]
 [1.62090261e+02 1.62281618e+02 1.61291536e+02 1.61549454e+02 7.72400000e+05 0.00000000e+00 0.00000000e+00 0.00000000e+00]
 [1.60892136e+02 1.61541094e+02 1.60892136e+02 1.61233246e+02 1.19380000e+06 0.00000000e+00 0.00000000e+00 0.00000000e+00]
 [1.61408000e+02 1.61432958e+02 1.60026876e+02 1.60309753e+02 8.99300000e+05 0.00000000e+00 0.00000000e+00 0.00000000e+00]
 [1.60459487e+02 1.60484446e+02 1.58379487e+02 1.58637405e+02 1.58910000e+06 0.00000000e+00 0.00000000e+00 0.00000000e+00]
 [1.57896943e+02 1.58346230e+02 1.57372779e+02 1.57738861e+02 1.74560000e+06 0.00000000e+00 0.00000000e+00 0.00000000e+00]
 [1.58570924e+02 1.59827252e+02 1.57772211e+02 1.59652527e+02 9.31300000e+05 0.00000000e+00 0.00000000e+00 0.00000000e+00]
 [1.59802228e+02 1.60991981e+02 1.59669104e+02 1.60783981e+02 2.47120000e+06 0.00000000e+00 0.00000000e+00 0.00000000e+00]
 [1.60384614e+02 1.60975327e+02 1.59760614e+02 1.60808929e+02 9.24400000e+05 0.00000000e+00 0.00000000e+00 0.00000000e+00]
 [1.61341404e+02 1.61341404e+02 1.60334691e+02 1.60534363e+02 1.43720000e+06 0.00000000e+00 0.00000000e+00 0.00000000e+00]
 [1.60575982e+02 1.60584297e+02 1.59186543e+02 1.60035187e+02 3.08170000e+06 0.00000000e+00 0.00000000e+00 0.00000000e+00]
 [1.60035189e+02 1.60376299e+02 1.59294709e+02 1.59719025e+02 1.60170000e+06 0.00000000e+00 0.00000000e+00 0.00000000e+00]
 [1.60609284e+02 1.61200010e+02 1.60001928e+02 1.60276489e+02 1.36990000e+06 0.00000000e+00 0.00000000e+00 0.00000000e+00]
 [1.60384641e+02 1.60517752e+02 1.58404477e+02 1.59053436e+02 1.32120000e+06 0.00000000e+00 0.00000000e+00 0.00000000e+00]
 [1.58812131e+02 1.58903651e+02 1.57822049e+02 1.58637405e+02 1.85410000e+06 0.00000000e+00 0.00000000e+00 0.00000000e+00]
 [1.59660827e+02 1.60700827e+02 1.59660827e+02 1.60650909e+02 1.34670000e+06 0.00000000e+00 0.00000000e+00 0.00000000e+00]
 [1.59444517e+02 1.59777312e+02 1.58496037e+02 1.59178284e+02 4.99630000e+06 0.00000000e+00 0.00000000e+00 0.00000000e+00]
 [1.57980151e+02 1.59544302e+02 1.56665590e+02 1.59319672e+02 3.75870000e+06 0.00000000e+00 0.00000000e+00 0.00000000e+00]
 [1.59261453e+02 1.59843851e+02 1.58720658e+02 1.59144974e+02 1.15590000e+06 0.00000000e+00 0.00000000e+00 0.00000000e+00]
 [1.59011828e+02 1.59810553e+02 1.58895348e+02 1.59760635e+02 7.42500000e+05 0.00000000e+00 0.00000000e+00 0.00000000e+00]
 [1.59261471e+02 1.60650909e+02 1.58795553e+02 1.60650909e+02 1.92630000e+06 0.00000000e+00 0.00000000e+00 0.00000000e+00]
 [1.60442804e+02 1.60709050e+02 1.59976886e+02 1.60159927e+02 1.02380000e+06 0.00000000e+00 0.00000000e+00 0.00000000e+00]
 [1.59560973e+02 1.60201617e+02 1.58179850e+02 1.58895370e+02 1.77190000e+06 0.00000000e+00 0.00000000e+00 0.00000000e+00]
 [1.57547531e+02 1.58021765e+02 1.55542408e+02 1.55559052e+02 4.19570000e+06 0.00000000e+00 0.00000000e+00 0.00000000e+00]
 [1.53986546e+02 1.54776944e+02 1.50625259e+02 1.50625259e+02 6.14590000e+06 0.00000000e+00 0.00000000e+00 0.00000000e+00]
 [1.43104015e+02 1.49377290e+02 1.39842576e+02 1.44485138e+02 1.23250000e+07 0.00000000e+00 0.00000000e+00 0.00000000e+00]
 [1.49061151e+02 1.49593631e+02 1.42579863e+02 1.42729630e+02 8.13220000e+06 0.00000000e+00 0.00000000e+00 0.00000000e+00]
 [1.46623389e+02 1.48520349e+02 1.43669786e+02 1.48395554e+02 7.08610000e+06 0.00000000e+00 0.00000000e+00 0.00000000e+00]
 [1.50425587e+02 1.52089587e+02 1.48878067e+02 1.52023026e+02 7.16880000e+06 0.00000000e+00 0.00000000e+00 0.00000000e+00]
 [1.51399026e+02 1.52414066e+02 1.50949739e+02 1.52023026e+02 2.94500000e+06 0.00000000e+00 0.00000000e+00 0.00000000e+00]
 [1.51157781e+02 1.51873302e+02 1.50259232e+02 1.50683548e+02 1.92300000e+06 0.00000000e+00 0.00000000e+00 0.00000000e+00]
 [1.47355524e+02 1.48512004e+02 1.45458565e+02 1.46082565e+02 8.53180000e+06 0.00000000e+00 0.00000000e+00 0.00000000e+00]
 [1.48495337e+02 1.49036145e+02 1.46764776e+02 1.49027817e+02 2.42400000e+06 0.00000000e+00 0.00000000e+00 0.00000000e+00]
 [1.49726746e+02 1.51041295e+02 1.48686746e+02 1.49152664e+02 2.42020000e+06 0.00000000e+00 0.00000000e+00 0.00000000e+00]
 [1.47164171e+02 1.47838089e+02 1.46132486e+02 1.46839691e+02 2.31770000e+06 0.00000000e+00 0.00000000e+00 0.00000000e+00]
 [1.49485434e+02 1.50716791e+02 1.48861434e+02 1.50600311e+02 2.24850000e+06 0.00000000e+00 0.00000000e+00 0.00000000e+00]
 [1.52089608e+02 1.52131211e+02 1.48237444e+02 1.48570251e+02 2.12550000e+06 0.00000000e+00 0.00000000e+00 0.00000000e+00]
 [1.48303991e+02 1.50408950e+02 1.48154237e+02 1.49402237e+02 1.77440000e+06 0.00000000e+00 0.00000000e+00 0.00000000e+00]
 [1.49002876e+02 1.50109437e+02 1.48370561e+02 1.50026245e+02 2.18500000e+06 0.00000000e+00 0.00000000e+00 0.00000000e+00]
 [1.50242592e+02 1.50242592e+02 1.49077785e+02 1.49460510e+02 9.05300000e+05 0.00000000e+00 0.00000000e+00 0.00000000e+00]
 [1.49942973e+02 1.51773369e+02 1.49568576e+02 1.51407288e+02 1.64150000e+06 0.00000000e+00 0.00000000e+00 0.00000000e+00]
 [1.51706856e+02 1.52855020e+02 1.51349102e+02 1.52730225e+02 2.09890000e+06 0.00000000e+00 0.00000000e+00 0.00000000e+00]
 [1.52588744e+02 1.54743633e+02 1.52039634e+02 1.52330826e+02 3.10620000e+06 0.00000000e+00 0.00000000e+00 0.00000000e+00]
 [1.50101123e+02 1.51457274e+02 1.49502082e+02 1.49868164e+02 3.20520000e+06 0.00000000e+00 0.00000000e+00 0.00000000e+00]
 [1.50682070e+02 1.51560319e+02 1.49670002e+02 1.50640259e+02 1.46760000e+06 9.53000000e-01 0.00000000e+00 0.00000000e+00]
 [1.48716445e+02 1.49092834e+02 1.47662541e+02 1.48674622e+02 2.46950000e+06 0.00000000e+00 0.00000000e+00 0.00000000e+00]
 [1.48875300e+02 1.49260048e+02 1.47921776e+02 1.48406891e+02 1.67030000e+06 0.00000000e+00 0.00000000e+00 0.00000000e+00]
 [1.47252695e+02 1.48306587e+02 1.46115156e+02 1.47946930e+02 2.56240000e+06 0.00000000e+00 0.00000000e+00 0.00000000e+00]
 [1.49285103e+02 1.49477489e+02 1.47068582e+02 1.47846451e+02 3.43630000e+06 0.00000000e+00 0.00000000e+00 0.00000000e+00]
 [1.47093701e+02 1.47102061e+02 1.43881832e+02 1.44124390e+02 3.73290000e+06 0.00000000e+00 0.00000000e+00 0.00000000e+00]
 [1.44425515e+02 1.45471046e+02 1.43329800e+02 1.44199677e+02 3.21950000e+06 0.00000000e+00 0.00000000e+00 0.00000000e+00]
 [1.46006350e+02 1.47076973e+02 1.45261932e+02 1.46968246e+02 4.12360000e+06 0.00000000e+00 0.00000000e+00 0.00000000e+00]
 [1.47185693e+02 1.47570441e+02 1.45537935e+02 1.47378067e+02 3.94840000e+06 0.00000000e+00 0.00000000e+00 0.00000000e+00]
 [1.45537967e+02 1.49510986e+02 1.44994296e+02 1.49510986e+02 2.30720000e+06 0.00000000e+00 0.00000000e+00 0.00000000e+00]
 [1.50673653e+02 1.52379955e+02 1.50556554e+02 1.52195953e+02 2.04910000e+06 0.00000000e+00 0.00000000e+00 0.00000000e+00]
 [1.52129004e+02 1.52572308e+02 1.51050008e+02 1.51685699e+02 1.32540000e+06 0.00000000e+00 0.00000000e+00 0.00000000e+00]
 [1.52563971e+02 1.53224755e+02 1.51434805e+02 1.52957092e+02 1.69380000e+06 0.00000000e+00 0.00000000e+00 0.00000000e+00]
 [1.52597409e+02 1.54554641e+02 1.52296296e+02 1.54303711e+02 3.10960000e+06 0.00000000e+00 0.00000000e+00 0.00000000e+00]
 [1.54454321e+02 1.54805618e+02 1.53827002e+02 1.54387405e+02 1.65100000e+06 0.00000000e+00 0.00000000e+00 0.00000000e+00]
 [1.54470940e+02 1.54680046e+02 1.54052727e+02 1.54571320e+02 8.85100000e+05 0.00000000e+00 0.00000000e+00 0.00000000e+00]
 [1.53885512e+02 1.54997959e+02 1.53392024e+02 1.53542587e+02 1.02230000e+06 0.00000000e+00 0.00000000e+00 0.00000000e+00]
 [1.53442158e+02 1.54010934e+02 1.52555550e+02 1.52823212e+02 1.18410000e+06 0.00000000e+00 0.00000000e+00 0.00000000e+00]
 [1.53400362e+02 1.55148500e+02 1.53082529e+02 1.55115036e+02 2.52310000e+06 0.00000000e+00 0.00000000e+00 0.00000000e+00]
 [1.55508157e+02 1.55859454e+02 1.54839015e+02 1.55742355e+02 1.24120000e+06 0.00000000e+00 0.00000000e+00 0.00000000e+00]
 [1.55290683e+02 1.55934721e+02 1.54997929e+02 1.55926361e+02 7.68900000e+05 0.00000000e+00 0.00000000e+00 0.00000000e+00]
 [1.55591783e+02 1.56302736e+02 1.55324121e+02 1.55725601e+02 1.15120000e+06 0.00000000e+00 0.00000000e+00 0.00000000e+00]
 [1.56235849e+02 1.56252581e+02 1.54621555e+02 1.54713562e+02 1.55690000e+06 0.00000000e+00 0.00000000e+00 0.00000000e+00]
 [1.55591843e+02 1.57565807e+02 1.55550019e+02 1.57390152e+02 1.49830000e+06 0.00000000e+00 0.00000000e+00 0.00000000e+00]
 [1.58920783e+02 1.59447735e+02 1.58201457e+02 1.59104797e+02 1.62430000e+06 0.00000000e+00 0.00000000e+00 0.00000000e+00]
 [1.59012790e+02 1.59021150e+02 1.58410563e+02 1.58728409e+02 1.15050000e+06 0.00000000e+00 0.00000000e+00 0.00000000e+00]
 [1.58151281e+02 1.58720044e+02 1.57791611e+02 1.58418930e+02 1.44240000e+06 0.00000000e+00 0.00000000e+00 0.00000000e+00]
 [1.58786978e+02 1.60259094e+02 1.58134567e+02 1.60259094e+02 2.25190000e+06 0.00000000e+00 0.00000000e+00 0.00000000e+00]
 [1.59790693e+02 1.60468209e+02 1.59665235e+02 1.60200546e+02 1.77900000e+06 0.00000000e+00 0.00000000e+00 0.00000000e+00]
 [1.60443095e+02 1.60593645e+02 1.59389191e+02 1.59389191e+02 2.01160000e+06 0.00000000e+00 0.00000000e+00 0.00000000e+00]
 [1.59740524e+02 1.61505382e+02 1.59631797e+02 1.61279556e+02 2.40350000e+06 0.00000000e+00 0.00000000e+00 0.00000000e+00]
 [1.61045286e+02 1.62316655e+02 1.60827820e+02 1.61789703e+02 3.92040000e+06 0.00000000e+00 0.00000000e+00 0.00000000e+00]
 [1.62074130e+02 1.62182857e+02 1.60827852e+02 1.61329712e+02 1.78670000e+06 0.00000000e+00 0.00000000e+00 0.00000000e+00]
 [1.61421721e+02 1.61798110e+02 1.60351098e+02 1.61128967e+02 2.18510000e+06 0.00000000e+00 0.00000000e+00 0.00000000e+00]
 [1.60811097e+02 1.61287865e+02 1.59857573e+02 1.61062027e+02 2.17260000e+06 0.00000000e+00 0.00000000e+00 0.00000000e+00]
 [1.60501683e+02 1.60602050e+02 1.58711733e+02 1.59556519e+02 2.12780000e+06 0.00000000e+00 0.00000000e+00 0.00000000e+00]
 [1.59138263e+02 1.59966329e+02 1.58845522e+02 1.59857590e+02 1.25750000e+06 0.00000000e+00 0.00000000e+00 0.00000000e+00]
 [1.60158694e+02 1.60217250e+02 1.59246994e+02 1.59246994e+02 1.11470000e+06 0.00000000e+00 0.00000000e+00 0.00000000e+00]
 [1.58385475e+02 1.58761864e+02 1.57063922e+02 1.57114105e+02 2.45490000e+06 0.00000000e+00 0.00000000e+00 0.00000000e+00]
 [1.56704258e+02 1.56930084e+02 1.55223782e+02 1.55299057e+02 3.22400000e+06 0.00000000e+00 0.00000000e+00 0.00000000e+00]
 [1.55156899e+02 1.57707999e+02 1.55039800e+02 1.57682907e+02 1.68710000e+06 0.00000000e+00 0.00000000e+00 0.00000000e+00]
 [1.57967262e+02 1.58745132e+02 1.57105745e+02 1.57490494e+02 1.87990000e+06 0.00000000e+00 0.00000000e+00 0.00000000e+00]
 [1.58009099e+02 1.60183797e+02 1.57992367e+02 1.60024887e+02 2.85860000e+06 0.00000000e+00 0.00000000e+00 0.00000000e+00]
 [1.60008123e+02 1.60325956e+02 1.59673546e+02 1.59941208e+02 2.15480000e+06 0.00000000e+00 0.00000000e+00 0.00000000e+00]
 [1.60601980e+02 1.61145664e+02 1.60175408e+02 1.60535065e+02 1.31760000e+06 0.00000000e+00 0.00000000e+00 0.00000000e+00]
 [1.60501609e+02 1.61045281e+02 1.59924474e+02 1.60351059e+02 1.30810000e+06 0.00000000e+00 0.00000000e+00 0.00000000e+00]
 [1.59447736e+02 1.60911480e+02 1.59071335e+02 1.60610367e+02 1.57200000e+06 0.00000000e+00 0.00000000e+00 0.00000000e+00]
 [1.60719106e+02 1.60852937e+02 1.60317625e+02 1.60560196e+02 7.58700000e+05 0.00000000e+00 0.00000000e+00 0.00000000e+00]
 [1.60660558e+02 1.60911488e+02 1.60175430e+02 1.60719101e+02 8.94500000e+05 0.00000000e+00 0.00000000e+00 0.00000000e+00]
 [1.60970037e+02 1.60986769e+02 1.59957970e+02 1.60066696e+02 1.55100000e+06 0.00000000e+00 0.00000000e+00 0.00000000e+00]
 [1.60635459e+02 1.61680990e+02 1.60409620e+02 1.61614075e+02 1.81290000e+06 0.00000000e+00 0.00000000e+00 0.00000000e+00]
 [1.61580626e+02 1.61806465e+02 1.59690310e+02 1.59907776e+02 1.99960000e+06 0.00000000e+00 0.00000000e+00 0.00000000e+00]
 [1.60225570e+02 1.60384493e+02 1.57022060e+02 1.57632660e+02 2.72440000e+06 0.00000000e+00 0.00000000e+00 0.00000000e+00]
 [1.58075997e+02 1.61028576e+02 1.57950525e+02 1.60727463e+02 2.90070000e+06 0.00000000e+00 0.00000000e+00 0.00000000e+00]
 [1.60493260e+02 1.60493260e+02 1.58904044e+02 1.59715378e+02 1.75280000e+06 0.00000000e+00 0.00000000e+00 0.00000000e+00]
 [1.58293481e+02 1.59523027e+02 1.57808353e+02 1.58694962e+02 1.72170000e+06 0.00000000e+00 0.00000000e+00 0.00000000e+00]
 [1.58184674e+02 1.60024819e+02 1.56578739e+02 1.57507172e+02 4.50030000e+06 0.00000000e+00 0.00000000e+00 0.00000000e+00]
 [1.57666151e+02 1.59071339e+02 1.57331586e+02 1.57866898e+02 4.08380000e+06 0.00000000e+00 0.00000000e+00 0.00000000e+00]
 [1.55943126e+02 1.56536980e+02 1.54529565e+02 1.54721939e+02 3.08440000e+06 0.00000000e+00 0.00000000e+00 0.00000000e+00]
 [1.55006307e+02 1.55650345e+02 1.53325084e+02 1.55650345e+02 2.72260000e+06 0.00000000e+00 0.00000000e+00 0.00000000e+00]
 [1.57038812e+02 1.58050892e+02 1.56854798e+02 1.57273010e+02 3.79930000e+06 0.00000000e+00 0.00000000e+00 0.00000000e+00]
 [1.58318586e+02 1.59824154e+02 1.56997032e+02 1.59481216e+02 6.36170000e+06 0.00000000e+00 0.00000000e+00 0.00000000e+00]
 [1.59874311e+02 1.59891044e+02 1.57097386e+02 1.57155930e+02 3.09600000e+06 0.00000000e+00 0.00000000e+00 0.00000000e+00]
 [1.56369734e+02 1.56478474e+02 1.54236847e+02 1.54236847e+02 4.53140000e+06 0.00000000e+00 0.00000000e+00 0.00000000e+00]
 [1.55441706e+02 1.55719372e+02 1.54373114e+02 1.55601562e+02 2.16840000e+06 1.09200000e+00 0.00000000e+00 0.00000000e+00]
 [1.56375673e+02 1.57250732e+02 1.55492192e+02 1.57006729e+02 2.42330000e+06 0.00000000e+00 0.00000000e+00 0.00000000e+00]
 [1.57974302e+02 1.58975580e+02 1.57822855e+02 1.58891434e+02 2.27550000e+06 0.00000000e+00 0.00000000e+00 0.00000000e+00]
 [1.58765291e+02 1.59169163e+02 1.58470793e+02 1.58613831e+02 1.17080000e+06 0.00000000e+00 0.00000000e+00 0.00000000e+00]
 [1.58058462e+02 1.58336115e+02 1.57343260e+02 1.58268814e+02 2.66830000e+06 0.00000000e+00 0.00000000e+00 0.00000000e+00]
 [1.59387925e+02 1.60296647e+02 1.59312201e+02 1.60035812e+02 1.75710000e+06 0.00000000e+00 0.00000000e+00 0.00000000e+00]
 [1.59842295e+02 1.59859127e+02 1.58748462e+02 1.58857849e+02 2.53580000e+06 0.00000000e+00 0.00000000e+00 0.00000000e+00]
 [1.58285656e+02 1.58824156e+02 1.57284378e+02 1.57284378e+02 2.39520000e+06 0.00000000e+00 0.00000000e+00 0.00000000e+00]
 [1.54625556e+02 1.55088333e+02 1.53203574e+02 1.55079910e+02 4.19350000e+06 0.00000000e+00 0.00000000e+00 0.00000000e+00]
 [1.55298698e+02 1.55761462e+02 1.54339480e+02 1.55357590e+02 2.88250000e+06 0.00000000e+00 0.00000000e+00 0.00000000e+00]
 [1.53077342e+02 1.54297394e+02 1.52454709e+02 1.53388672e+02 2.75510000e+06 0.00000000e+00 0.00000000e+00 0.00000000e+00]
 [1.50738227e+02 1.52294837e+02 1.49349909e+02 1.49652817e+02 4.95250000e+06 0.00000000e+00 0.00000000e+00 0.00000000e+00]
 [1.50586769e+02 1.51057956e+02 1.47793289e+02 1.48062546e+02 7.35730000e+06 0.00000000e+00 0.00000000e+00 0.00000000e+00]
 [1.48962860e+02 1.49198466e+02 1.46455467e+02 1.48079391e+02 4.49330000e+06 0.00000000e+00 0.00000000e+00 0.00000000e+00]
 [1.49560286e+02 1.50073546e+02 1.47465176e+02 1.49307861e+02 2.99880000e+06 0.00000000e+00 0.00000000e+00 0.00000000e+00]
 [1.50132443e+02 1.50309144e+02 1.45328010e+02 1.45656158e+02 4.12570000e+06 0.00000000e+00 0.00000000e+00 0.00000000e+00]
 [1.46228289e+02 1.49080662e+02 1.44772657e+02 1.48020493e+02 5.08140000e+06 0.00000000e+00 0.00000000e+00 0.00000000e+00]
 [1.44049038e+02 1.45614058e+02 1.43123497e+02 1.44848373e+02 8.08730000e+06 0.00000000e+00 0.00000000e+00 0.00000000e+00]
 [1.46573259e+02 1.46648983e+02 1.43645163e+02 1.45008240e+02 5.86330000e+06 0.00000000e+00 0.00000000e+00 0.00000000e+00]
 [1.42694387e+02 1.44621219e+02 1.39640085e+02 1.43308624e+02 8.57760000e+06 0.00000000e+00 0.00000000e+00 0.00000000e+00]
 [1.43704035e+02 1.45681349e+02 1.42475587e+02 1.44006943e+02 3.00460000e+06 0.00000000e+00 0.00000000e+00 0.00000000e+00]
 [1.46430206e+02 1.47128576e+02 1.45715004e+02 1.46960297e+02 2.61170000e+06 0.00000000e+00 0.00000000e+00 0.00000000e+00]
 [1.46489155e+02 1.46682675e+02 1.44579155e+02 1.44781097e+02 2.75640000e+06 0.00000000e+00 0.00000000e+00 0.00000000e+00]
 [1.45437375e+02 1.46960321e+02 1.45050321e+02 1.46741547e+02 2.26370000e+06 0.00000000e+00 0.00000000e+00 0.00000000e+00]
 [1.46312448e+02 1.47768080e+02 1.44301483e+02 1.45075577e+02 3.54300000e+06 0.00000000e+00 0.00000000e+00 0.00000000e+00]
 [1.46514373e+02 1.46699484e+02 1.44427672e+02 1.45866486e+02 2.61640000e+06 0.00000000e+00 0.00000000e+00 0.00000000e+00]
 [1.46691083e+02 1.49560287e+02 1.46472321e+02 1.49560287e+02 4.45310000e+06 0.00000000e+00 0.00000000e+00 0.00000000e+00]
 [1.48601068e+02 1.50098773e+02 1.48012085e+02 1.49425644e+02 3.92320000e+06 0.00000000e+00 0.00000000e+00 0.00000000e+00]
 [1.47969980e+02 1.48163501e+02 1.46236682e+02 1.46716278e+02 5.10120000e+06 0.00000000e+00 0.00000000e+00 0.00000000e+00]
 [1.47641869e+02 1.47927944e+02 1.44360382e+02 1.47574554e+02 3.87100000e+06 0.00000000e+00 0.00000000e+00 0.00000000e+00]
 [1.47204357e+02 1.48676821e+02 1.46598542e+02 1.47759689e+02 3.56220000e+06 0.00000000e+00 0.00000000e+00 0.00000000e+00]
 [1.47280057e+02 1.47406276e+02 1.44427685e+02 1.44983017e+02 2.37190000e+06 0.00000000e+00 0.00000000e+00 0.00000000e+00]
 [1.43283346e+02 1.43561012e+02 1.41036789e+02 1.42988861e+02 3.40200000e+06 0.00000000e+00 0.00000000e+00 0.00000000e+00]
 [1.41507955e+02 1.44192048e+02 1.41331267e+02 1.43030914e+02 2.36070000e+06 0.00000000e+00 0.00000000e+00 0.00000000e+00]
 [1.43821822e+02 1.45269045e+02 1.42803726e+02 1.42938354e+02 1.95360000e+06 0.00000000e+00 0.00000000e+00 0.00000000e+00]
 [1.40733904e+02 1.41962366e+02 1.39715808e+02 1.41104126e+02 3.43920000e+06 0.00000000e+00 0.00000000e+00 0.00000000e+00]
 [1.42652293e+02 1.43998550e+02 1.41945513e+02 1.43998550e+02 1.80030000e+06 0.00000000e+00 0.00000000e+00 0.00000000e+00]
 [1.45731883e+02 1.46413422e+02 1.44764269e+02 1.46413422e+02 2.36100000e+06 0.00000000e+00 0.00000000e+00 0.00000000e+00]
 [1.47515654e+02 1.49139565e+02 1.47347362e+02 1.48811417e+02 2.26540000e+06 0.00000000e+00 0.00000000e+00 0.00000000e+00]
 [1.49097521e+02 1.49114353e+02 1.47919555e+02 1.48180389e+02 1.64600000e+06 0.00000000e+00 0.00000000e+00 0.00000000e+00]
 [1.47481963e+02 1.48256057e+02 1.46951872e+02 1.48146683e+02 1.13690000e+06 0.00000000e+00 0.00000000e+00 0.00000000e+00]
 [1.49585506e+02 1.50401672e+02 1.49526614e+02 1.50267044e+02 2.60310000e+06 0.00000000e+00 0.00000000e+00 0.00000000e+00]
 [1.49703297e+02 1.49930481e+02 1.48272907e+02 1.48382294e+02 2.07600000e+06 0.00000000e+00 0.00000000e+00 0.00000000e+00]
 [1.47069724e+02 1.49307872e+02 1.46068459e+02 1.49080688e+02 2.59980000e+06 0.00000000e+00 0.00000000e+00 0.00000000e+00]
 [1.49518181e+02 1.50872849e+02 1.48786161e+02 1.50872849e+02 2.54600000e+06 0.00000000e+00 0.00000000e+00 0.00000000e+00]
 [1.51621703e+02 1.51756331e+02 1.50393255e+02 1.50595184e+02 2.56080000e+06 0.00000000e+00 0.00000000e+00 0.00000000e+00]
 [1.50561495e+02 1.51411312e+02 1.49248901e+02 1.49248901e+02 3.12840000e+06 0.00000000e+00 0.00000000e+00 0.00000000e+00]
 [1.50477373e+02 1.52925873e+02 1.50048260e+02 1.52925873e+02 3.04140000e+06 0.00000000e+00 0.00000000e+00 0.00000000e+00]
 [1.52597755e+02 1.53590610e+02 1.52219124e+02 1.53573792e+02 3.83920000e+06 0.00000000e+00 0.00000000e+00 0.00000000e+00]
 [1.53363449e+02 1.54171193e+02 1.52883840e+02 1.54137543e+02 3.15040000e+06 0.00000000e+00 0.00000000e+00 0.00000000e+00]
 [1.54356291e+02 1.55374400e+02 1.53599029e+02 1.54633957e+02 2.82100000e+06 0.00000000e+00 0.00000000e+00 0.00000000e+00]
 [1.53851418e+02 1.55147181e+02 1.53767272e+02 1.54802200e+02 3.44990000e+06 0.00000000e+00 0.00000000e+00 0.00000000e+00]
 [1.53834595e+02 1.54255299e+02 1.52951114e+02 1.53060501e+02 3.38540000e+06 0.00000000e+00 0.00000000e+00 0.00000000e+00]
 [1.53851510e+02 1.54162827e+02 1.53144718e+02 1.53901993e+02 1.64160000e+06 0.00000000e+00 0.00000000e+00 0.00000000e+00]
 [1.54297368e+02 1.55147185e+02 1.52320054e+02 1.53986038e+02 2.09050000e+06 0.00000000e+00 0.00000000e+00 0.00000000e+00]
 [1.55298656e+02 1.56510272e+02 1.55206100e+02 1.56485031e+02 2.23100000e+06 0.00000000e+00 0.00000000e+00 0.00000000e+00]
 [1.55997011e+02 1.56670139e+02 1.55719357e+02 1.56249435e+02 1.41280000e+06 0.00000000e+00 0.00000000e+00 0.00000000e+00]
 [1.55407992e+02 1.56047470e+02 1.55172399e+02 1.56047470e+02 1.32530000e+06 0.00000000e+00 0.00000000e+00 0.00000000e+00]
 [1.55559525e+02 1.57284401e+02 1.55542693e+02 1.56981506e+02 2.70070000e+06 0.00000000e+00 0.00000000e+00 0.00000000e+00]
 [1.56855276e+02 1.58386645e+02 1.56501886e+02 1.57974350e+02 1.93730000e+06 0.00000000e+00 0.00000000e+00 0.00000000e+00]
 [1.58479191e+02 1.58849400e+02 1.58108969e+02 1.58563324e+02 2.62340000e+06 0.00000000e+00 0.00000000e+00 0.00000000e+00]
 [1.58340022e+02 1.58982932e+02 1.58111632e+02 1.58805283e+02 1.53540000e+06 1.00600000e+00 0.00000000e+00 0.00000000e+00]
 [1.58094684e+02 1.59211310e+02 1.57942424e+02 1.58720673e+02 1.52160000e+06 0.00000000e+00 0.00000000e+00 0.00000000e+00]
 [1.58340009e+02 1.58492282e+02 1.57494085e+02 1.57705566e+02 1.63330000e+06 0.00000000e+00 0.00000000e+00 0.00000000e+00]
 [1.56707389e+02 1.57612534e+02 1.56504363e+02 1.57595612e+02 1.87480000e+06 0.00000000e+00 0.00000000e+00 0.00000000e+00]
 [1.57984723e+02 1.58136996e+02 1.57274150e+02 1.57705566e+02 1.27120000e+06 0.00000000e+00 0.00000000e+00 0.00000000e+00]
 [1.57333381e+02 1.59219788e+02 1.57028848e+02 1.59219788e+02 1.60490000e+06 0.00000000e+00 0.00000000e+00 0.00000000e+00]
 [1.60023412e+02 1.60488673e+02 1.59524320e+02 1.59888062e+02 1.90840000e+06 0.00000000e+00 0.00000000e+00 0.00000000e+00]
 [1.59752726e+02 1.60124921e+02 1.59304387e+02 1.59507401e+02 3.00780000e+06 0.00000000e+00 0.00000000e+00 0.00000000e+00]
 [1.58526097e+02 1.60691672e+02 1.58272330e+02 1.60530945e+02 2.97180000e+06 0.00000000e+00 0.00000000e+00 0.00000000e+00]
 [1.60505574e+02 1.60640912e+02 1.59735781e+02 1.60023392e+02 1.25950000e+06 0.00000000e+00 0.00000000e+00 0.00000000e+00]
 [1.58813754e+02 1.59211339e+02 1.58187765e+02 1.58399246e+02 1.73750000e+06 0.00000000e+00 0.00000000e+00 0.00000000e+00]
 [1.58517658e+02 1.60201051e+02 1.58263879e+02 1.60124908e+02 1.86080000e+06 0.00000000e+00 0.00000000e+00 0.00000000e+00]
 [1.59177455e+02 1.59456612e+02 1.57561738e+02 1.58238480e+02 2.63530000e+06 0.00000000e+00 0.00000000e+00 0.00000000e+00]
 [1.59295882e+02 1.59685012e+02 1.58179269e+02 1.58669907e+02 2.04380000e+06 0.00000000e+00 0.00000000e+00 0.00000000e+00]
 [1.59253601e+02 1.59871134e+02 1.58213118e+02 1.58255417e+02 1.35530000e+06 0.00000000e+00 0.00000000e+00 0.00000000e+00]
 [1.58433091e+02 1.60031886e+02 1.58043973e+02 1.59795029e+02 1.59070000e+06 0.00000000e+00 0.00000000e+00 0.00000000e+00]
 [1.60623972e+02 1.61444519e+02 1.60480167e+02 1.61393753e+02 1.97290000e+06 0.00000000e+00 0.00000000e+00 0.00000000e+00]
 [1.61436085e+02 1.61833670e+02 1.61072344e+02 1.61376877e+02 3.21480000e+06 0.00000000e+00 0.00000000e+00 0.00000000e+00]
 [1.61402215e+02 1.61444513e+02 1.60911577e+02 1.61199188e+02 2.05970000e+06 0.00000000e+00 0.00000000e+00 0.00000000e+00]
 [1.60717029e+02 1.62366577e+02 1.60598600e+02 1.62366577e+02 2.34530000e+06 0.00000000e+00 0.00000000e+00 0.00000000e+00]
 [1.62721888e+02 1.63077174e+02 1.62112822e+02 1.62857239e+02 1.63330000e+06 0.00000000e+00 0.00000000e+00 0.00000000e+00]
 [1.62924983e+02 1.63627088e+02 1.62459722e+02 1.62992645e+02 1.63680000e+06 0.00000000e+00 0.00000000e+00 0.00000000e+00]
 [1.63009487e+02 1.63111006e+02 1.61884407e+02 1.62087433e+02 1.81470000e+06 0.00000000e+00 0.00000000e+00 0.00000000e+00]
 [1.61825197e+02 1.62366588e+02 1.61309183e+02 1.62129730e+02 1.86390000e+06 0.00000000e+00 0.00000000e+00 0.00000000e+00]
 [1.61630681e+02 1.61875993e+02 1.61021615e+02 1.61867538e+02 2.36800000e+06 0.00000000e+00 0.00000000e+00 0.00000000e+00]
 [1.62180515e+02 1.62552724e+02 1.61689878e+02 1.62104385e+02 1.71530000e+06 0.00000000e+00 0.00000000e+00 0.00000000e+00]
 [1.61749053e+02 1.62789535e+02 1.61402221e+02 1.62442703e+02 1.97170000e+06 0.00000000e+00 0.00000000e+00 0.00000000e+00]
 [1.61757573e+02 1.62755757e+02 1.60598661e+02 1.60979324e+02 1.57880000e+06 0.00000000e+00 0.00000000e+00 0.00000000e+00]
 [1.60404053e+02 1.60708586e+02 1.59075960e+02 1.60065689e+02 2.78550000e+06 0.00000000e+00 0.00000000e+00 0.00000000e+00]
 [1.60564815e+02 1.61529168e+02 1.60167230e+02 1.61343063e+02 1.63890000e+06 0.00000000e+00 0.00000000e+00 0.00000000e+00]
 [1.60251799e+02 1.60437903e+02 1.59270524e+02 1.59964188e+02 2.35190000e+06 0.00000000e+00 0.00000000e+00 0.00000000e+00]
 [1.59025162e+02 1.59693436e+02 1.58585278e+02 1.59025162e+02 2.07960000e+06 0.00000000e+00 0.00000000e+00 0.00000000e+00]
 [1.59515799e+02 1.59794942e+02 1.58669876e+02 1.59008240e+02 1.61160000e+06 0.00000000e+00 0.00000000e+00 0.00000000e+00]
 [1.58365377e+02 1.59642717e+02 1.58187727e+02 1.59583496e+02 1.55140000e+06 0.00000000e+00 0.00000000e+00 0.00000000e+00]
 [1.59498936e+02 1.60108003e+02 1.59338209e+02 1.59752716e+02 1.56900000e+06 0.00000000e+00 0.00000000e+00 0.00000000e+00]
 [1.60395617e+02 1.61749100e+02 1.60336396e+02 1.61732178e+02 1.02110000e+06 0.00000000e+00 0.00000000e+00 0.00000000e+00]
 [1.61326081e+02 1.61630614e+02 1.60209456e+02 1.60217911e+02 2.72550000e+06 0.00000000e+00 0.00000000e+00 0.00000000e+00]
 [1.60843971e+02 1.60970855e+02 1.59338228e+02 1.60311035e+02 1.78320000e+06 0.00000000e+00 0.00000000e+00 0.00000000e+00]
 [1.59964175e+02 1.60480189e+02 1.58576861e+02 1.58830627e+02 1.65870000e+06 0.00000000e+00 0.00000000e+00 0.00000000e+00]
 [1.59016694e+02 1.60860814e+02 1.58974395e+02 1.60412476e+02 1.07500000e+06 0.00000000e+00 0.00000000e+00 0.00000000e+00]
 [1.60175635e+02 1.60429402e+02 1.58466866e+02 1.58999802e+02 3.32710000e+06 0.00000000e+00 0.00000000e+00 0.00000000e+00]
 [1.58610655e+02 1.60048722e+02 1.58001589e+02 1.58974396e+02 1.94200000e+06 0.00000000e+00 0.00000000e+00 0.00000000e+00]
 [1.58314617e+02 1.58686825e+02 1.57316433e+02 1.58458435e+02 1.79600000e+06 0.00000000e+00 0.00000000e+00 0.00000000e+00]
 [1.59008312e+02 1.59921912e+02 1.58949092e+02 1.59448196e+02 1.58870000e+06 0.00000000e+00 0.00000000e+00 0.00000000e+00]
 [1.59439677e+02 1.59693457e+02 1.59050560e+02 1.59236664e+02 1.41540000e+06 0.00000000e+00 0.00000000e+00 0.00000000e+00]
 [1.59989492e+02 1.61579819e+02 1.59947193e+02 1.61258377e+02 1.98540000e+06 0.00000000e+00 0.00000000e+00 0.00000000e+00]
 [1.61892876e+02 1.62772631e+02 1.61875954e+02 1.62358124e+02 2.00670000e+06 0.00000000e+00 0.00000000e+00 0.00000000e+00]
 [1.62535818e+02 1.62721922e+02 1.62146687e+02 1.62434311e+02 1.22530000e+06 0.00000000e+00 0.00000000e+00 0.00000000e+00]
 [1.62578164e+02 1.63119555e+02 1.62552788e+02 1.63068802e+02 9.88600000e+05 0.00000000e+00 0.00000000e+00 0.00000000e+00]
 [1.63398642e+02 1.63491694e+02 1.62315861e+02 1.62874161e+02 2.82190000e+06 0.00000000e+00 0.00000000e+00 0.00000000e+00]
 [1.62315863e+02 1.63314047e+02 1.62104382e+02 1.63178696e+02 2.37550000e+06 0.00000000e+00 0.00000000e+00 0.00000000e+00]
 [1.62798026e+02 1.63669327e+02 1.62349688e+02 1.63669327e+02 1.60170000e+06 0.00000000e+00 0.00000000e+00 0.00000000e+00]
 [1.63136349e+02 1.63483168e+02 1.62070477e+02 1.63195557e+02 1.89710000e+06 0.00000000e+00 0.00000000e+00 0.00000000e+00]
 [1.63508602e+02 1.64312240e+02 1.63364797e+02 1.63982330e+02 1.17760000e+06 0.00000000e+00 0.00000000e+00 0.00000000e+00]
 [1.64151452e+02 1.64768973e+02 1.64126076e+02 1.64278336e+02 1.55120000e+06 0.00000000e+00 0.00000000e+00 0.00000000e+00]
 [1.64396817e+02 1.64912831e+02 1.64286855e+02 1.64819778e+02 1.04110000e+06 0.00000000e+00 0.00000000e+00 0.00000000e+00]
 [1.64126184e+02 1.64692952e+02 1.63897781e+02 1.64566055e+02 1.52160000e+06 0.00000000e+00 0.00000000e+00 0.00000000e+00]
 [1.63322493e+02 1.63627013e+02 1.62518855e+02 1.62984116e+02 1.93290000e+06 0.00000000e+00 0.00000000e+00 0.00000000e+00]
 [1.62442749e+02 1.63237920e+02 1.61672956e+02 1.61757553e+02 2.31820000e+06 0.00000000e+00 0.00000000e+00 0.00000000e+00]
 [1.61427675e+02 1.61952143e+02 1.60556374e+02 1.61402298e+02 2.05120000e+06 0.00000000e+00 0.00000000e+00 0.00000000e+00]
 [1.61791365e+02 1.62383522e+02 1.61030039e+02 1.61165390e+02 1.59070000e+06 0.00000000e+00 0.00000000e+00 0.00000000e+00]
 [1.60387148e+02 1.61850593e+02 1.59515848e+02 1.61689865e+02 2.74440000e+06 0.00000000e+00 0.00000000e+00 0.00000000e+00]
 [1.61655998e+02 1.61655998e+02 1.60497074e+02 1.61089218e+02 1.70100000e+06 0.00000000e+00 0.00000000e+00 0.00000000e+00]
 [1.62891086e+02 1.63483230e+02 1.62045162e+02 1.62121292e+02 1.19280000e+06 0.00000000e+00 0.00000000e+00 0.00000000e+00]
 [1.62506393e+02 1.62931468e+02 1.62081317e+02 1.62582916e+02 1.82650000e+06 9.53000000e-01 0.00000000e+00 0.00000000e+00]
 [1.62761401e+02 1.63407524e+02 1.62191801e+02 1.62310822e+02 2.24590000e+06 0.00000000e+00 0.00000000e+00 0.00000000e+00]
 [1.63671094e+02 1.64453231e+02 1.63229011e+02 1.64410721e+02 2.58220000e+06 0.00000000e+00 0.00000000e+00 0.00000000e+00]
 [1.58978278e+02 1.61375711e+02 1.58128127e+02 1.58417175e+02 1.03105000e+07 0.00000000e+00 0.00000000e+00 0.00000000e+00]
 [1.57328993e+02 1.57328993e+02 1.54957077e+02 1.55620193e+02 7.71700000e+06 0.00000000e+00 0.00000000e+00 0.00000000e+00]
 [1.57167449e+02 1.58502193e+02 1.56878401e+02 1.58493683e+02 4.47590000e+06 0.00000000e+00 0.00000000e+00 0.00000000e+00]
 [1.59785914e+02 1.61409706e+02 1.59709403e+02 1.61222672e+02 4.14780000e+06 0.00000000e+00 0.00000000e+00 0.00000000e+00]
 [1.61639317e+02 1.63433137e+02 1.61129221e+02 1.63399124e+02 3.82220000e+06 0.00000000e+00 0.00000000e+00 0.00000000e+00]
 [1.63305550e+02 1.64181205e+02 1.63288557e+02 1.63739136e+02 2.17090000e+06 0.00000000e+00 0.00000000e+00 0.00000000e+00]
 [1.62999515e+02 1.63076038e+02 1.62013349e+02 1.62591446e+02 2.23300000e+06 0.00000000e+00 0.00000000e+00 0.00000000e+00]
 [1.62132358e+02 1.63645626e+02 1.61503241e+02 1.63552109e+02 2.19780000e+06 0.00000000e+00 0.00000000e+00 0.00000000e+00]
 [1.63705119e+02 1.64300222e+02 1.62752954e+02 1.63441574e+02 1.70490000e+06 0.00000000e+00 0.00000000e+00 0.00000000e+00]
 [1.64614769e+02 1.66085527e+02 1.64427735e+02 1.65923996e+02 2.04820000e+06 0.00000000e+00 0.00000000e+00 0.00000000e+00]
 [1.66306607e+02 1.66978234e+02 1.66128083e+02 1.66502151e+02 3.59040000e+06 0.00000000e+00 0.00000000e+00 0.00000000e+00]
 [1.67343780e+02 1.67938884e+02 1.67131242e+02 1.67675339e+02 2.35670000e+06 0.00000000e+00 0.00000000e+00 0.00000000e+00]
 [1.68066409e+02 1.68066409e+02 1.67216257e+02 1.67615829e+02 2.76730000e+06 0.00000000e+00 0.00000000e+00 0.00000000e+00]
 [1.68823035e+02 1.69010069e+02 1.68236429e+02 1.68593491e+02 3.69110000e+06 0.00000000e+00 0.00000000e+00 0.00000000e+00]
 [1.69120593e+02 1.69120593e+02 1.67955890e+02 1.68338455e+02 2.34650000e+06 0.00000000e+00 0.00000000e+00 0.00000000e+00]
 [1.68457457e+02 1.68959056e+02 1.68244919e+02 1.68823029e+02 1.15570000e+06 0.00000000e+00 0.00000000e+00 0.00000000e+00]
 [1.68440409e+02 1.68661444e+02 1.68227872e+02 1.68635941e+02 1.00320000e+06 0.00000000e+00 0.00000000e+00 0.00000000e+00]
 [1.69112075e+02 1.69554158e+02 1.68678503e+02 1.69316116e+02 1.09690000e+06 0.00000000e+00 0.00000000e+00 0.00000000e+00]
 [1.69239631e+02 1.69452169e+02 1.68304459e+02 1.68678528e+02 4.50980000e+06 0.00000000e+00 0.00000000e+00 0.00000000e+00]
 [1.68857004e+02 1.69503127e+02 1.68584962e+02 1.69460617e+02 1.67890000e+06 0.00000000e+00 0.00000000e+00 0.00000000e+00]
 [1.69265150e+02 1.69324654e+02 1.68474503e+02 1.69052612e+02 1.17260000e+06 0.00000000e+00 0.00000000e+00 0.00000000e+00]
 [1.68925031e+02 1.69392617e+02 1.68304425e+02 1.69044052e+02 1.40530000e+06 0.00000000e+00 0.00000000e+00 0.00000000e+00]
 [1.69426624e+02 1.69469134e+02 1.68202417e+02 1.68933548e+02 2.12010000e+06 0.00000000e+00 0.00000000e+00 0.00000000e+00]
 [1.68746535e+02 1.69358645e+02 1.68312949e+02 1.69120590e+02 9.37200000e+05 0.00000000e+00 0.00000000e+00 0.00000000e+00]
 [1.68865528e+02 1.69690176e+02 1.68601983e+02 1.69418121e+02 1.75860000e+06 0.00000000e+00 0.00000000e+00 0.00000000e+00]
 [1.69460606e+02 1.69783667e+02 1.68822993e+02 1.69222565e+02 2.11150000e+06 0.00000000e+00 0.00000000e+00 0.00000000e+00]
 [1.69001556e+02 1.69129086e+02 1.67377777e+02 1.68168411e+02 4.08580000e+06 0.00000000e+00 0.00000000e+00 0.00000000e+00]
 [1.68108919e+02 1.68687015e+02 1.67819858e+02 1.68653015e+02 2.05750000e+06 0.00000000e+00 0.00000000e+00 0.00000000e+00]
 [1.68755028e+02 1.69095083e+02 1.68372462e+02 1.68814545e+02 1.38470000e+06 0.00000000e+00 0.00000000e+00 0.00000000e+00]
 [1.69469177e+02 1.70217315e+02 1.69341660e+02 1.70174805e+02 1.81860000e+06 0.00000000e+00 0.00000000e+00 0.00000000e+00]
 [1.70378785e+02 1.70463793e+02 1.69851683e+02 1.70089737e+02 1.44190000e+06 0.00000000e+00 0.00000000e+00 0.00000000e+00]
 [1.70191790e+02 1.70650866e+02 1.69911239e+02 1.70200287e+02 1.82110000e+06 0.00000000e+00 0.00000000e+00 0.00000000e+00]
 [1.70319286e+02 1.70370293e+02 1.69460638e+02 1.69766693e+02 1.22230000e+06 0.00000000e+00 0.00000000e+00 0.00000000e+00]
 [1.70293753e+02 1.70786842e+02 1.70030208e+02 1.70599808e+02 1.64470000e+06 0.00000000e+00 0.00000000e+00 0.00000000e+00]
 [1.70302262e+02 1.70625310e+02 1.70064207e+02 1.70429779e+02 1.71840000e+06 0.00000000e+00 0.00000000e+00 0.00000000e+00]
 [1.70786840e+02 1.71228922e+02 1.70752839e+02 1.70922867e+02 1.05110000e+06 0.00000000e+00 0.00000000e+00 0.00000000e+00]
 [1.70548823e+02 1.70591333e+02 1.70030230e+02 1.70038727e+02 1.73120000e+06 0.00000000e+00 0.00000000e+00 0.00000000e+00]
 [1.70072798e+02 1.70480867e+02 1.69299157e+02 1.70319336e+02 3.15770000e+06 0.00000000e+00 0.00000000e+00 0.00000000e+00]
 [1.70344793e+02 1.70761372e+02 1.70242779e+02 1.70727371e+02 5.21120000e+06 0.00000000e+00 0.00000000e+00 0.00000000e+00]
 [1.70319306e+02 1.70642368e+02 1.69868727e+02 1.70489334e+02 1.19080000e+06 0.00000000e+00 0.00000000e+00 0.00000000e+00]
 [1.70285286e+02 1.70667852e+02 1.69928224e+02 1.70472321e+02 8.80300000e+05 0.00000000e+00 0.00000000e+00 0.00000000e+00]
 [1.71033434e+02 1.71313985e+02 1.70761392e+02 1.70786896e+02 1.21440000e+06 0.00000000e+00 0.00000000e+00 0.00000000e+00]
 [1.70693365e+02 1.70769876e+02 1.69571172e+02 1.69962234e+02 1.16130000e+06 0.00000000e+00 0.00000000e+00 0.00000000e+00]
 [1.69588161e+02 1.70208781e+02 1.69460644e+02 1.69826202e+02 1.26260000e+06 0.00000000e+00 0.00000000e+00 0.00000000e+00]
 [1.69996233e+02 1.70922894e+02 1.68703999e+02 1.69503143e+02 2.89060000e+06 0.00000000e+00 0.00000000e+00 0.00000000e+00]
 [1.69630686e+02 1.70582851e+02 1.69596685e+02 1.70361816e+02 1.14070000e+06 0.00000000e+00 0.00000000e+00 0.00000000e+00]
 [1.70268271e+02 1.70514822e+02 1.69562644e+02 1.70038727e+02 1.40740000e+06 0.00000000e+00 0.00000000e+00 0.00000000e+00]
 [1.69775229e+02 1.69877256e+02 1.68882567e+02 1.69622208e+02 2.34390000e+06 0.00000000e+00 0.00000000e+00 0.00000000e+00]
 [1.69605172e+02 1.69851710e+02 1.68533986e+02 1.69588165e+02 2.19610000e+06 0.00000000e+00 0.00000000e+00 0.00000000e+00]
 [1.70378770e+02 1.70735832e+02 1.69843171e+02 1.70344757e+02 1.55580000e+06 0.00000000e+00 0.00000000e+00 0.00000000e+00]
 [1.70616811e+02 1.70914356e+02 1.69962191e+02 1.70880356e+02 1.58960000e+06 0.00000000e+00 0.00000000e+00 0.00000000e+00]
 [1.70727333e+02 1.71007871e+02 1.70302257e+02 1.70871857e+02 1.45540000e+06 0.00000000e+00 0.00000000e+00 0.00000000e+00]
 [1.70557328e+02 1.70812376e+02 1.70191769e+02 1.70472321e+02 2.18040000e+06 0.00000000e+00 0.00000000e+00 0.00000000e+00]
 [1.69248081e+02 1.69333088e+02 1.66349062e+02 1.66357559e+02 3.43560000e+06 0.00000000e+00 0.00000000e+00 0.00000000e+00]
 [1.65677455e+02 1.69137563e+02 1.65609441e+02 1.68737991e+02 2.79990000e+06 0.00000000e+00 0.00000000e+00 0.00000000e+00]
 [1.67587736e+02 1.67809758e+02 1.65768818e+02 1.66332428e+02 3.36530000e+06 8.83000000e-01 0.00000000e+00 0.00000000e+00]
 [1.66375135e+02 1.67476725e+02 1.65768825e+02 1.66229965e+02 2.96710000e+06 0.00000000e+00 0.00000000e+00 0.00000000e+00]
 [1.66101911e+02 1.68288035e+02 1.65982358e+02 1.67937912e+02 1.87440000e+06 0.00000000e+00 0.00000000e+00 0.00000000e+00]
 [1.67391337e+02 1.67536507e+02 1.66665474e+02 1.67280319e+02 1.77410000e+06 0.00000000e+00 0.00000000e+00 0.00000000e+00]
 [1.67912221e+02 1.68467283e+02 1.67066805e+02 1.67331528e+02 2.06140000e+06 0.00000000e+00 0.00000000e+00 0.00000000e+00]
 [1.68108633e+02 1.68253803e+02 1.67314452e+02 1.67348618e+02 1.29410000e+06 0.00000000e+00 0.00000000e+00 0.00000000e+00]
 [1.67963437e+02 1.69372450e+02 1.67357127e+02 1.69227280e+02 2.23880000e+06 0.00000000e+00 0.00000000e+00 0.00000000e+00]
 [1.70158100e+02 1.70542388e+02 1.69918995e+02 1.70243500e+02 2.21520000e+06 0.00000000e+00 0.00000000e+00 0.00000000e+00]
 [1.69919031e+02 1.70030049e+02 1.69270034e+02 1.69329803e+02 1.41340000e+06 0.00000000e+00 0.00000000e+00 0.00000000e+00]
 [1.68629604e+02 1.68740621e+02 1.67801271e+02 1.67980606e+02 2.45160000e+06 0.00000000e+00 0.00000000e+00 0.00000000e+00]
 [1.67826824e+02 1.69090667e+02 1.67510867e+02 1.69005280e+02 1.46800000e+06 0.00000000e+00 0.00000000e+00 0.00000000e+00]
 [1.69235828e+02 1.69995857e+02 1.68339191e+02 1.69918991e+02 1.41990000e+06 0.00000000e+00 0.00000000e+00 0.00000000e+00]
 [1.69688438e+02 1.70030013e+02 1.67835355e+02 1.68322113e+02 2.07460000e+06 0.00000000e+00 0.00000000e+00 0.00000000e+00]
 [1.69090709e+02 1.70226465e+02 1.68868687e+02 1.69671402e+02 3.14740000e+06 0.00000000e+00 0.00000000e+00 0.00000000e+00]
 [1.69235832e+02 1.69381015e+02 1.68612452e+02 1.69133362e+02 2.13600000e+06 0.00000000e+00 0.00000000e+00 0.00000000e+00]
 [1.69295633e+02 1.69483503e+02 1.67784138e+02 1.68347748e+02 2.84660000e+06 0.00000000e+00 0.00000000e+00 0.00000000e+00]
 [1.68885767e+02 1.69457912e+02 1.68843067e+02 1.69048019e+02 1.12670000e+06 0.00000000e+00 0.00000000e+00 0.00000000e+00]
 [1.68860110e+02 1.69372472e+02 1.68364817e+02 1.69244385e+02 1.11740000e+06 0.00000000e+00 0.00000000e+00 0.00000000e+00]
 [1.69440848e+02 1.69594566e+02 1.67929352e+02 1.68621063e+02 1.79510000e+06 0.00000000e+00 0.00000000e+00 0.00000000e+00]
 [1.68621032e+02 1.69893410e+02 1.68621032e+02 1.69398117e+02 1.29740000e+06 0.00000000e+00 0.00000000e+00 0.00000000e+00]
 [1.69082125e+02 1.69141908e+02 1.66682527e+02 1.67340073e+02 2.64350000e+06 0.00000000e+00 0.00000000e+00 0.00000000e+00]
 [1.67476708e+02 1.68006166e+02 1.67024116e+02 1.67553574e+02 1.45870000e+06 0.00000000e+00 0.00000000e+00 0.00000000e+00]
 [1.66375117e+02 1.67468172e+02 1.65598019e+02 1.67015579e+02 2.40710000e+06 0.00000000e+00 0.00000000e+00 0.00000000e+00]
 [1.67929293e+02 1.68330651e+02 1.67041191e+02 1.67058273e+02 1.21880000e+06 0.00000000e+00 0.00000000e+00 0.00000000e+00]
 [1.67066800e+02 1.67314440e+02 1.66358020e+02 1.66562973e+02 1.32320000e+06 0.00000000e+00 0.00000000e+00 0.00000000e+00]
 [1.67972034e+02 1.68023269e+02 1.67220567e+02 1.67545059e+02 1.26330000e+06 0.00000000e+00 0.00000000e+00 0.00000000e+00]
 [1.67792677e+02 1.68296504e+02 1.67485254e+02 1.68006165e+02 1.04130000e+06 0.00000000e+00 0.00000000e+00 0.00000000e+00]
 [1.67690210e+02 1.68202585e+02 1.67118065e+02 1.67732910e+02 1.30960000e+06 0.00000000e+00 0.00000000e+00 0.00000000e+00]
 [1.66981469e+02 1.67861050e+02 1.66844847e+02 1.67775650e+02 1.37630000e+06 0.00000000e+00 0.00000000e+00 0.00000000e+00]
 [1.68544173e+02 1.68783278e+02 1.68185516e+02 1.68458786e+02 8.17000000e+05 0.00000000e+00 0.00000000e+00 0.00000000e+00]
 [1.68339264e+02 1.68561286e+02 1.67784188e+02 1.67980606e+02 1.46530000e+06 0.00000000e+00 0.00000000e+00 0.00000000e+00]
 [1.67169290e+02 1.68108640e+02 1.66972885e+02 1.67604813e+02 1.20230000e+06 0.00000000e+00 0.00000000e+00 0.00000000e+00]
 [1.68262357e+02 1.68287987e+02 1.67075366e+02 1.67160767e+02 1.63550000e+06 0.00000000e+00 0.00000000e+00 0.00000000e+00]
 [1.67126564e+02 1.67715779e+02 1.66007878e+02 1.66631271e+02 2.63200000e+06 0.00000000e+00 0.00000000e+00 0.00000000e+00]
 [1.66938694e+02 1.67152181e+02 1.66503171e+02 1.66631271e+02 1.81630000e+06 0.00000000e+00 0.00000000e+00 0.00000000e+00]
 [1.66964353e+02 1.66981423e+02 1.64342720e+02 1.65469940e+02 2.45660000e+06 0.00000000e+00 0.00000000e+00 0.00000000e+00]
 [1.65171044e+02 1.65504084e+02 1.64043837e+02 1.64376877e+02 3.39590000e+06 0.00000000e+00 0.00000000e+00 0.00000000e+00]
 [1.64633042e+02 1.64812377e+02 1.63437517e+02 1.63736404e+02 1.51220000e+06 0.00000000e+00 0.00000000e+00 0.00000000e+00]
 [1.63787644e+02 1.64564742e+02 1.63377752e+02 1.63514374e+02 2.22130000e+06 0.00000000e+00 0.00000000e+00 0.00000000e+00]
 [1.65811522e+02 1.67152231e+02 1.65674887e+02 1.67100983e+02 2.69910000e+06 0.00000000e+00 0.00000000e+00 0.00000000e+00]
 [1.66785032e+02 1.68381915e+02 1.66537392e+02 1.67869553e+02 3.05590000e+06 0.00000000e+00 0.00000000e+00 0.00000000e+00]
 [1.66469046e+02 1.70226422e+02 1.66451963e+02 1.69662811e+02 6.11910000e+06 0.00000000e+00 0.00000000e+00 0.00000000e+00]
 [1.70388689e+02 1.71165787e+02 1.68749106e+02 1.70055649e+02 5.12640000e+06 0.00000000e+00 0.00000000e+00 0.00000000e+00]
 [1.69440828e+02 1.69901968e+02 1.68825982e+02 1.69739716e+02 1.95420000e+06 0.00000000e+00 0.00000000e+00 0.00000000e+00]
 [1.70192295e+02 1.70354548e+02 1.69133392e+02 1.69765320e+02 2.65100000e+06 0.00000000e+00 0.00000000e+00 0.00000000e+00]
 [1.70183719e+02 1.71148687e+02 1.69995862e+02 1.71140152e+02 2.53240000e+06 0.00000000e+00 0.00000000e+00 0.00000000e+00]
 [1.70602231e+02 1.71037741e+02 1.70491213e+02 1.70849884e+02 1.19500000e+06 0.00000000e+00 0.00000000e+00 0.00000000e+00]
 [1.70969374e+02 1.71755007e+02 1.70892509e+02 1.71661072e+02 1.17820000e+06 0.00000000e+00 0.00000000e+00 0.00000000e+00]
 [1.71780643e+02 1.71917279e+02 1.71165798e+02 1.71353668e+02 1.66830000e+06 0.00000000e+00 0.00000000e+00 0.00000000e+00]
 [1.71857508e+02 1.72651675e+02 1.71737955e+02 1.72617523e+02 2.64130000e+06 0.00000000e+00 0.00000000e+00 0.00000000e+00]
 [1.72993254e+02 1.73121342e+02 1.72301557e+02 1.72933472e+02 2.77340000e+06 0.00000000e+00 0.00000000e+00 0.00000000e+00]
 [1.72617498e+02 1.73104256e+02 1.72301541e+02 1.73087173e+02 1.46630000e+06 0.00000000e+00 0.00000000e+00 0.00000000e+00]
 [1.73420243e+02 1.73778900e+02 1.73317773e+02 1.73778900e+02 1.84310000e+06 0.00000000e+00 0.00000000e+00 0.00000000e+00]
 [1.73411697e+02 1.73667872e+02 1.72796852e+02 1.72959091e+02 2.19300000e+06 0.00000000e+00 0.00000000e+00 0.00000000e+00]
 [1.72933488e+02 1.73650816e+02 1.72643148e+02 1.73232376e+02 1.68960000e+06 0.00000000e+00 0.00000000e+00 0.00000000e+00]
 [1.73804476e+02 1.73941111e+02 1.72762656e+02 1.72839508e+02 2.36010000e+06 0.00000000e+00 0.00000000e+00 0.00000000e+00]
 [1.73078622e+02 1.73104252e+02 1.71848944e+02 1.72164902e+02 3.28410000e+06 0.00000000e+00 0.00000000e+00 0.00000000e+00]
 [1.72241724e+02 1.72694316e+02 1.71942849e+02 1.72284424e+02 2.11890000e+06 0.00000000e+00 0.00000000e+00 0.00000000e+00]
 [1.73044424e+02 1.73608034e+02 1.72856554e+02 1.73274994e+02 2.07050000e+06 0.00000000e+00 0.00000000e+00 0.00000000e+00]
 [1.73497042e+02 1.73889865e+02 1.73044450e+02 1.73881317e+02 2.41330000e+06 0.00000000e+00 0.00000000e+00 0.00000000e+00]
 [1.73736186e+02 1.76187032e+02 1.73608098e+02 1.76084549e+02 2.25390000e+06 0.00000000e+00 0.00000000e+00 0.00000000e+00]
 [1.76127214e+02 1.76998247e+02 1.75871026e+02 1.76545654e+02 2.98300000e+06 0.00000000e+00 0.00000000e+00 0.00000000e+00]
 [1.76784760e+02 1.77647245e+02 1.76750595e+02 1.77621628e+02 1.97200000e+06 0.00000000e+00 0.00000000e+00 0.00000000e+00]
 [1.77553365e+02 1.77980340e+02 1.77058072e+02 1.77425278e+02 2.41960000e+06 0.00000000e+00 0.00000000e+00 0.00000000e+00]
 [1.78074253e+02 1.79073373e+02 1.78023018e+02 1.78637863e+02 2.67020000e+06 0.00000000e+00 0.00000000e+00 0.00000000e+00]
 [1.78338965e+02 1.78979428e+02 1.76750617e+02 1.77160522e+02 4.23290000e+06 0.00000000e+00 0.00000000e+00 0.00000000e+00]
 [1.77382559e+02 1.78672020e+02 1.77263007e+02 1.77818069e+02 2.81250000e+06 0.00000000e+00 0.00000000e+00 0.00000000e+00]
 [1.78321914e+02 1.78338983e+02 1.77237393e+02 1.77510651e+02 3.07400000e+06 0.00000000e+00 0.00000000e+00 0.00000000e+00]
 [1.77707048e+02 1.78304810e+02 1.77561865e+02 1.77911987e+02 2.04200000e+06 0.00000000e+00 0.00000000e+00 0.00000000e+00]
 [1.78407253e+02 1.78740293e+02 1.78202301e+02 1.78595123e+02 3.19530000e+06 0.00000000e+00 0.00000000e+00 0.00000000e+00]
 [1.78526826e+02 1.78646378e+02 1.78108398e+02 1.78108398e+02 1.54660000e+06 0.00000000e+00 0.00000000e+00 0.00000000e+00]
 [1.78010463e+02 1.78079207e+02 1.77443328e+02 1.77881561e+02 1.86370000e+06 1.29600000e+00 0.00000000e+00 0.00000000e+00]
 [1.77855753e+02 1.78061987e+02 1.77675309e+02 1.78036209e+02 1.27890000e+06 0.00000000e+00 0.00000000e+00 0.00000000e+00]
 [1.78285427e+02 1.78861150e+02 1.78285427e+02 1.78474472e+02 1.81850000e+06 0.00000000e+00 0.00000000e+00 0.00000000e+00]
 [1.78732240e+02 1.78792397e+02 1.76936328e+02 1.77065216e+02 2.22800000e+06 0.00000000e+00 0.00000000e+00 0.00000000e+00]
 [1.77099613e+02 1.77417546e+02 1.76592622e+02 1.77030869e+02 1.77270000e+06 0.00000000e+00 0.00000000e+00 0.00000000e+00]
 [1.77331575e+02 1.77383131e+02 1.75733296e+02 1.76420731e+02 4.25100000e+06 0.00000000e+00 0.00000000e+00 0.00000000e+00]
 [1.77597968e+02 1.78156514e+02 1.76635568e+02 1.77649536e+02 4.75020000e+06 0.00000000e+00 0.00000000e+00 0.00000000e+00]
 [1.78044792e+02 1.78886892e+02 1.77976048e+02 1.78697861e+02 4.62240000e+06 0.00000000e+00 0.00000000e+00 0.00000000e+00]
 [1.78517442e+02 1.78766631e+02 1.77881563e+02 1.78560410e+02 2.77210000e+06 0.00000000e+00 0.00000000e+00 0.00000000e+00]
 [1.78723623e+02 1.79668833e+02 1.78216632e+02 1.79256378e+02 2.19460000e+06 0.00000000e+00 0.00000000e+00 0.00000000e+00]
 [1.79024408e+02 1.79144708e+02 1.78637730e+02 1.78689285e+02 1.70520000e+06 0.00000000e+00 0.00000000e+00 0.00000000e+00]
 [1.78646293e+02 1.79436851e+02 1.78311171e+02 1.78663483e+02 2.18940000e+06 0.00000000e+00 0.00000000e+00 0.00000000e+00]
 [1.78594749e+02 1.79170471e+02 1.77976059e+02 1.79170471e+02 5.67760000e+06 0.00000000e+00 0.00000000e+00 0.00000000e+00]
 [1.78706493e+02 1.78895538e+02 1.77477702e+02 1.78775238e+02 3.24460000e+06 0.00000000e+00 0.00000000e+00 0.00000000e+00]
 [1.78886935e+02 1.79402514e+02 1.78843981e+02 1.79127548e+02 2.82270000e+06 0.00000000e+00 0.00000000e+00 0.00000000e+00]
 [1.78551782e+02 1.78912695e+02 1.78156516e+02 1.78491638e+02 1.69000000e+06 0.00000000e+00 0.00000000e+00 0.00000000e+00]
 [1.78740880e+02 1.78921337e+02 1.78233902e+02 1.78869781e+02 1.98050000e+06 0.00000000e+00 0.00000000e+00 0.00000000e+00]
 [1.78964257e+02 1.79101733e+02 1.77847178e+02 1.78268234e+02 1.66690000e+06 0.00000000e+00 0.00000000e+00 0.00000000e+00]
 [1.78852537e+02 1.79333737e+02 1.78354147e+02 1.78843948e+02 2.08250000e+06 0.00000000e+00 0.00000000e+00 0.00000000e+00]
 [1.78594694e+02 1.78912640e+02 1.77726817e+02 1.78431427e+02 4.58660000e+06 0.00000000e+00 0.00000000e+00 0.00000000e+00]
 [1.78611968e+02 1.79935269e+02 1.78517446e+02 1.79565781e+02 1.94010000e+06 0.00000000e+00 0.00000000e+00 0.00000000e+00]
 [1.80433668e+02 1.81112514e+02 1.80270401e+02 1.81060959e+02 2.87300000e+06 0.00000000e+00 0.00000000e+00 0.00000000e+00]
 [1.81009383e+02 1.81224205e+02 1.80665672e+02 1.80923462e+02 2.48510000e+06 0.00000000e+00 0.00000000e+00 0.00000000e+00]
 [1.81009375e+02 1.81103898e+02 1.80476620e+02 1.80665665e+02 1.42820000e+06 0.00000000e+00 0.00000000e+00 0.00000000e+00]
 [1.80003986e+02 1.80038365e+02 1.78629130e+02 1.79574341e+02 2.78230000e+06 0.00000000e+00 0.00000000e+00 0.00000000e+00]
 [1.79024424e+02 1.79565781e+02 1.78551812e+02 1.79565781e+02 3.78710000e+06 0.00000000e+00 0.00000000e+00 0.00000000e+00]
 [1.80124308e+02 1.80330542e+02 1.79050196e+02 1.79591553e+02 2.69880000e+06 0.00000000e+00 0.00000000e+00 0.00000000e+00]
 [1.79239270e+02 1.79935293e+02 1.78929925e+02 1.79668915e+02 1.66130000e+06 0.00000000e+00 0.00000000e+00 0.00000000e+00]
 [1.80519578e+02 1.81078111e+02 1.80253200e+02 1.81000778e+02 4.26440000e+06 0.00000000e+00 0.00000000e+00 0.00000000e+00]
 [1.80553936e+02 1.80914836e+02 1.80313336e+02 1.80622681e+02 1.34550000e+06 0.00000000e+00 0.00000000e+00 0.00000000e+00]
 [1.81009375e+02 1.81172642e+02 1.80442254e+02 1.80665665e+02 1.19460000e+06 0.00000000e+00 0.00000000e+00 0.00000000e+00]
 [1.80665617e+02 1.80974962e+02 1.80132862e+02 1.80897629e+02 1.09610000e+06 0.00000000e+00 0.00000000e+00 0.00000000e+00]
 [1.80897688e+02 1.82203799e+02 1.80897688e+02 1.81928833e+02 1.23710000e+06 0.00000000e+00 0.00000000e+00 0.00000000e+00]
 [1.82281060e+02 1.82856782e+02 1.82177936e+02 1.82659149e+02 1.41240000e+06 0.00000000e+00 0.00000000e+00 0.00000000e+00]
 [1.83123241e+02 1.83888008e+02 1.83088875e+02 1.83630219e+02 1.75630000e+06 0.00000000e+00 0.00000000e+00 0.00000000e+00]
 [1.83501318e+02 1.84394974e+02 1.83166196e+02 1.84394974e+02 2.52810000e+06 0.00000000e+00 0.00000000e+00 0.00000000e+00]
 [1.84180129e+02 1.85512030e+02 1.84154351e+02 1.85331573e+02 2.05020000e+06 0.00000000e+00 0.00000000e+00 0.00000000e+00]
 [1.85383132e+02 1.85520608e+02 1.84515241e+02 1.85185486e+02 1.92010000e+06 0.00000000e+00 0.00000000e+00 0.00000000e+00]
 [1.84609766e+02 1.85469055e+02 1.84566799e+02 1.85469055e+02 1.45260000e+06 0.00000000e+00 0.00000000e+00 0.00000000e+00]
 [1.85881561e+02 1.86740851e+02 1.85821405e+02 1.86560394e+02 1.89300000e+06 0.00000000e+00 0.00000000e+00 0.00000000e+00]
 [1.86225253e+02 1.86629120e+02 1.86079176e+02 1.86474442e+02 1.47140000e+06 0.00000000e+00 0.00000000e+00 0.00000000e+00]
 [1.86929874e+02 1.86929874e+02 1.85864364e+02 1.86577576e+02 1.71720000e+06 0.00000000e+00 0.00000000e+00 0.00000000e+00]
 [1.85795567e+02 1.86826711e+02 1.85744011e+02 1.86800934e+02 1.63770000e+06 0.00000000e+00 0.00000000e+00 0.00000000e+00]
 [1.86740836e+02 1.87239212e+02 1.86483046e+02 1.87075958e+02 1.94220000e+06 0.00000000e+00 0.00000000e+00 0.00000000e+00]
 [1.86758015e+02 1.86964249e+02 1.86225260e+02 1.86526016e+02 2.18100000e+06 0.00000000e+00 0.00000000e+00 0.00000000e+00]
 [1.88098541e+02 1.89610899e+02 1.88072763e+02 1.89172653e+02 3.32550000e+06 0.00000000e+00 0.00000000e+00 0.00000000e+00]
 [1.89035150e+02 1.89060927e+02 1.87969626e+02 1.88064148e+02 1.65710000e+06 0.00000000e+00 0.00000000e+00 0.00000000e+00]
 [1.87926667e+02 1.88261789e+02 1.87591544e+02 1.88167267e+02 1.76590000e+06 0.00000000e+00 0.00000000e+00 0.00000000e+00]
 [1.87385329e+02 1.87883706e+02 1.87007239e+02 1.87582962e+02 1.53060000e+06 0.00000000e+00 0.00000000e+00 0.00000000e+00]
 [1.87307994e+02 1.87608751e+02 1.86826794e+02 1.87015839e+02 1.74320000e+06 0.00000000e+00 0.00000000e+00 0.00000000e+00]
 [1.87282201e+02 1.87497024e+02 1.86526035e+02 1.86620544e+02 1.78440000e+06 0.00000000e+00 0.00000000e+00 0.00000000e+00]
 [1.86749371e+02 1.87187603e+02 1.86001793e+02 1.86818115e+02 1.63620000e+06 0.00000000e+00 0.00000000e+00 0.00000000e+00]
 [1.87797771e+02 1.87806360e+02 1.86689280e+02 1.87471237e+02 1.81990000e+06 0.00000000e+00 0.00000000e+00 0.00000000e+00]
 [1.87479838e+02 1.87677484e+02 1.87204872e+02 1.87582962e+02 1.38810000e+06 0.00000000e+00 0.00000000e+00 0.00000000e+00]
 [1.87127509e+02 1.87161874e+02 1.86371330e+02 1.86947052e+02 1.42840000e+06 0.00000000e+00 0.00000000e+00 0.00000000e+00]
 [1.87436824e+02 1.88914803e+02 1.87213400e+02 1.88502335e+02 3.35880000e+06 0.00000000e+00 0.00000000e+00 0.00000000e+00]
 [1.88708554e+02 1.88742920e+02 1.87883631e+02 1.88184387e+02 1.71090000e+06 0.00000000e+00 0.00000000e+00 0.00000000e+00]
 [1.88442199e+02 1.88562499e+02 1.87806320e+02 1.87806320e+02 1.58850000e+06 0.00000000e+00 0.00000000e+00 0.00000000e+00]
 [1.87832126e+02 1.88089916e+02 1.87307959e+02 1.87643082e+02 1.03590000e+06 0.00000000e+00 0.00000000e+00 0.00000000e+00]
 [1.88184389e+02 1.88296101e+02 1.85099543e+02 1.85245621e+02 3.46870000e+06 0.00000000e+00 0.00000000e+00 0.00000000e+00]
 [1.85243977e+02 1.85900070e+02 1.84700102e+02 1.85623825e+02 2.60030000e+06 9.98000000e-01 0.00000000e+00 0.00000000e+00]
 [1.85433838e+02 1.86487048e+02 1.85123054e+02 1.85433838e+02 2.43670000e+06 0.00000000e+00 0.00000000e+00 0.00000000e+00]
 [1.85727379e+02 1.86271253e+02 1.84639643e+02 1.85373428e+02 2.64760000e+06 0.00000000e+00 0.00000000e+00 0.00000000e+00]
 [1.83767673e+02 1.85364757e+02 1.83551852e+02 1.85071243e+02 2.08290000e+06 0.00000000e+00 0.00000000e+00 0.00000000e+00]
 [1.84881348e+02 1.86866908e+02 1.84786386e+02 1.86443893e+02 3.05720000e+06 0.00000000e+00 0.00000000e+00 0.00000000e+00]
 [1.86228042e+02 1.86875506e+02 1.86020849e+02 1.86720108e+02 1.74850000e+06 0.00000000e+00 0.00000000e+00 0.00000000e+00]
 [1.86616543e+02 1.87445303e+02 1.86452516e+02 1.87220840e+02 2.49480000e+06 0.00000000e+00 0.00000000e+00 0.00000000e+00]
 [1.86953225e+02 1.87428035e+02 1.86771942e+02 1.86771942e+02 1.33140000e+06 0.00000000e+00 0.00000000e+00 0.00000000e+00]
 [1.86910040e+02 1.87065439e+02 1.85382034e+02 1.86538834e+02 2.84370000e+06 0.00000000e+00 0.00000000e+00 0.00000000e+00]
 [1.86219409e+02 1.86685577e+02 1.85891356e+02 1.86642410e+02 2.48160000e+06 0.00000000e+00 0.00000000e+00 0.00000000e+00]
 [1.87238088e+02 1.88135900e+02 1.85899993e+02 1.86072647e+02 2.31180000e+06 0.00000000e+00 0.00000000e+00 0.00000000e+00]
 [1.86219517e+02 1.87056893e+02 1.85796502e+02 1.86556198e+02 1.63550000e+06 0.00000000e+00 0.00000000e+00 0.00000000e+00]
 [1.86348938e+02 1.87022300e+02 1.85951821e+02 1.86392105e+02 1.83590000e+06 0.00000000e+00 0.00000000e+00 0.00000000e+00]
 [1.86521637e+02 1.87229538e+02 1.86038199e+02 1.86521637e+02 1.31190000e+06 0.00000000e+00 0.00000000e+00 0.00000000e+00]
 [1.86150382e+02 1.86366204e+02 1.84959043e+02 1.86288498e+02 1.78730000e+06 0.00000000e+00 0.00000000e+00 0.00000000e+00]
 [1.86029490e+02 1.86202145e+02 1.85278423e+02 1.85520142e+02 2.00270000e+06 0.00000000e+00 0.00000000e+00 0.00000000e+00]
 [1.85174828e+02 1.85813664e+02 1.84285645e+02 1.84285645e+02 1.80680000e+06 0.00000000e+00 0.00000000e+00 0.00000000e+00]
 [1.84743194e+02 1.85908635e+02 1.84570539e+02 1.85899994e+02 1.74690000e+06 0.00000000e+00 0.00000000e+00 0.00000000e+00]
 [1.85218001e+02 1.85813670e+02 1.84725922e+02 1.85390656e+02 2.69590000e+06 0.00000000e+00 0.00000000e+00 0.00000000e+00]
 [1.85874108e+02 1.86210789e+02 1.84795000e+02 1.84984924e+02 2.03240000e+06 0.00000000e+00 0.00000000e+00 0.00000000e+00]
 [1.85589244e+02 1.86901443e+02 1.85278460e+02 1.86495697e+02 2.73400000e+06 0.00000000e+00 0.00000000e+00 0.00000000e+00]
 [1.86443938e+02 1.86487105e+02 1.85546113e+02 1.85951859e+02 2.59440000e+06 0.00000000e+00 0.00000000e+00 0.00000000e+00]
 [1.87980560e+02 1.88153215e+02 1.87531648e+02 1.87937393e+02 2.36640000e+06 0.00000000e+00 0.00000000e+00 0.00000000e+00]
 [1.88550304e+02 1.89370423e+02 1.88446701e+02 1.89068268e+02 1.74510000e+06 0.00000000e+00 0.00000000e+00 0.00000000e+00]
 [1.89025153e+02 1.89836631e+02 1.88895652e+02 1.88930191e+02 2.82450000e+06 0.00000000e+00 0.00000000e+00 0.00000000e+00]
 [1.89232305e+02 1.89370434e+02 1.88602110e+02 1.89076920e+02 1.15420000e+06 0.00000000e+00 0.00000000e+00 0.00000000e+00]
 [1.89344520e+02 1.89353148e+02 1.88567555e+02 1.88714325e+02 1.25760000e+06 0.00000000e+00 0.00000000e+00 0.00000000e+00]
 [1.89197803e+02 1.89551754e+02 1.88757519e+02 1.89171906e+02 1.50670000e+06 0.00000000e+00 0.00000000e+00 0.00000000e+00]
 [1.89310008e+02 1.89387713e+02 1.88861108e+02 1.89232315e+02 2.57300000e+06 0.00000000e+00 0.00000000e+00 0.00000000e+00]
 [1.88869765e+02 1.89206446e+02 1.88403596e+02 1.89042419e+02 1.65460000e+06 0.00000000e+00 0.00000000e+00 0.00000000e+00]
 [1.89292748e+02 1.89361812e+02 1.88463987e+02 1.89215042e+02 1.43910000e+06 0.00000000e+00 0.00000000e+00 0.00000000e+00]
 [1.89543119e+02 1.89974762e+02 1.89163271e+02 1.89974762e+02 1.72970000e+06 0.00000000e+00 0.00000000e+00 0.00000000e+00]
 [1.90035148e+02 1.90138738e+02 1.89551710e+02 1.89983353e+02 2.22500000e+06 0.00000000e+00 0.00000000e+00 0.00000000e+00]
 [1.90173327e+02 1.90345995e+02 1.89439542e+02 1.89741684e+02 1.63690000e+06 0.00000000e+00 0.00000000e+00 0.00000000e+00]
 [1.89715764e+02 1.90112881e+02 1.89534481e+02 1.90095612e+02 1.06690000e+06 0.00000000e+00 0.00000000e+00 0.00000000e+00]
 [1.89698464e+02 1.89862477e+02 1.88731575e+02 1.89707092e+02 1.85570000e+06 0.00000000e+00 0.00000000e+00 0.00000000e+00]
 [1.89491282e+02 1.89577616e+02 1.89163229e+02 1.89413589e+02 1.05650000e+06 0.00000000e+00 0.00000000e+00 0.00000000e+00]
 [1.89819324e+02 1.90544481e+02 1.89776157e+02 1.90371826e+02 1.44060000e+06 0.00000000e+00 0.00000000e+00 0.00000000e+00]
 [1.90682633e+02 1.90734428e+02 1.89922937e+02 1.90337311e+02 2.45250000e+06 0.00000000e+00 0.00000000e+00 0.00000000e+00]
 [1.88722951e+02 1.89120068e+02 1.86832352e+02 1.86961853e+02 3.50770000e+06 0.00000000e+00 0.00000000e+00 0.00000000e+00]
 [1.86754707e+02 1.88403586e+02 1.86582052e+02 1.87643890e+02 2.89450000e+06 0.00000000e+00 0.00000000e+00 0.00000000e+00]
 [1.88092782e+02 1.89465404e+02 1.88049615e+02 1.88809311e+02 2.43650000e+06 0.00000000e+00 0.00000000e+00 0.00000000e+00]
 [1.89284073e+02 1.89966076e+02 1.89258175e+02 1.89862473e+02 1.86500000e+06 0.00000000e+00 0.00000000e+00 0.00000000e+00]
 [1.90190552e+02 1.90389104e+02 1.89836601e+02 1.90233719e+02 1.25900000e+06 0.00000000e+00 0.00000000e+00 0.00000000e+00]
 [1.90475417e+02 1.90786200e+02 1.90164633e+02 1.90691238e+02 1.45390000e+06 0.00000000e+00 0.00000000e+00 0.00000000e+00]
 [1.91157399e+02 1.91856672e+02 1.90967488e+02 1.91580414e+02 1.56460000e+06 0.00000000e+00 0.00000000e+00 0.00000000e+00]
 [1.91442324e+02 1.91709954e+02 1.91364631e+02 1.91589081e+02 1.19600000e+06 0.00000000e+00 0.00000000e+00 0.00000000e+00]
 [1.91269693e+02 1.91623643e+02 1.91148833e+02 1.91407822e+02 1.51170000e+06 0.00000000e+00 0.00000000e+00 0.00000000e+00]
 [1.91683975e+02 1.91718513e+02 1.90717099e+02 1.91364563e+02 2.32620000e+06 0.00000000e+00 0.00000000e+00 0.00000000e+00]
 [1.91770373e+02 1.92901275e+02 1.91528654e+02 1.92858109e+02 2.11290000e+06 0.00000000e+00 0.00000000e+00 0.00000000e+00]
 [1.92927156e+02 1.93652326e+02 1.92659539e+02 1.93462402e+02 1.85760000e+06 0.00000000e+00 0.00000000e+00 0.00000000e+00]
 [1.93367455e+02 1.93617802e+02 1.93212057e+02 1.93332916e+02 1.83120000e+06 0.00000000e+00 0.00000000e+00 0.00000000e+00]
 [1.92832191e+02 1.93332898e+02 1.92685434e+02 1.92780396e+02 1.44940000e+06 0.00000000e+00 0.00000000e+00 0.00000000e+00]
 [1.93108480e+02 1.93315660e+02 1.92452374e+02 1.93099838e+02 1.32880000e+06 0.00000000e+00 0.00000000e+00 0.00000000e+00]
 [1.93220708e+02 1.93643710e+02 1.92720000e+02 1.93168900e+02 1.11610000e+06 0.00000000e+00 0.00000000e+00 0.00000000e+00]
 [1.93479691e+02 1.94178951e+02 1.91735863e+02 1.92944458e+02 2.11760000e+06 0.00000000e+00 0.00000000e+00 0.00000000e+00]
 [1.92694167e+02 1.92927244e+02 1.92089856e+02 1.92866821e+02 1.81210000e+06 0.00000000e+00 0.00000000e+00 0.00000000e+00]
 [1.93367468e+02 1.93868176e+02 1.93065313e+02 1.93807739e+02 2.17070000e+06 0.00000000e+00 0.00000000e+00 0.00000000e+00]
 [1.94084022e+02 1.94101278e+02 1.92840888e+02 1.93600571e+02 1.88600000e+06 0.00000000e+00 0.00000000e+00 0.00000000e+00]
 [1.92391932e+02 1.93315642e+02 1.92089777e+02 1.93212051e+02 2.17090000e+06 0.00000000e+00 0.00000000e+00 0.00000000e+00]
 [1.93376056e+02 1.93427851e+02 1.92460975e+02 1.93263824e+02 1.60360000e+06 0.00000000e+00 0.00000000e+00 0.00000000e+00]
 [1.94006224e+02 1.94904049e+02 1.93911262e+02 1.94843613e+02 1.43310000e+06 0.00000000e+00 0.00000000e+00 0.00000000e+00]
 [1.94550140e+02 1.94550140e+02 1.93531455e+02 1.93565994e+02 1.36600000e+06 0.00000000e+00 0.00000000e+00 0.00000000e+00]
 [1.93868160e+02 1.93980378e+02 1.93065297e+02 1.93488312e+02 1.42200000e+06 0.00000000e+00 0.00000000e+00 0.00000000e+00]
 [1.93522871e+02 1.93945886e+02 1.93263882e+02 1.93376114e+02 1.34440000e+06 0.00000000e+00 0.00000000e+00 0.00000000e+00]
 [1.93488798e+02 1.93948411e+02 1.93141925e+02 1.93705597e+02 1.25740000e+06 1.01000000e+00 0.00000000e+00 0.00000000e+00]
 [1.94252001e+02 1.94642236e+02 1.93592936e+02 1.93766373e+02 1.32170000e+06 0.00000000e+00 0.00000000e+00 0.00000000e+00]
 [1.93566859e+02 1.93835687e+02 1.92196687e+02 1.92222702e+02 3.47670000e+06 0.00000000e+00 0.00000000e+00 0.00000000e+00]
 [1.93150620e+02 1.94113209e+02 1.92951169e+02 1.93922424e+02 2.87580000e+06 0.00000000e+00 0.00000000e+00 0.00000000e+00]
 [1.94087170e+02 1.94182562e+02 1.91147375e+02 1.92248718e+02 4.61300000e+06 0.00000000e+00 0.00000000e+00 0.00000000e+00]
 [1.93011889e+02 1.93306733e+02 1.92396174e+02 1.92569611e+02 2.98230000e+06 0.00000000e+00 0.00000000e+00 0.00000000e+00]
 [1.93462756e+02 1.93844325e+02 1.92925099e+02 1.92994476e+02 1.76250000e+06 0.00000000e+00 0.00000000e+00 0.00000000e+00]
 [1.93245978e+02 1.93532154e+02 1.92517536e+02 1.93332703e+02 2.04380000e+06 0.00000000e+00 0.00000000e+00 0.00000000e+00]
 [1.92656293e+02 1.92734337e+02 1.91407528e+02 1.91598312e+02 2.54070000e+06 0.00000000e+00 0.00000000e+00 0.00000000e+00]
 [1.92101314e+02 1.92968511e+02 1.91979907e+02 1.92812408e+02 2.14800000e+06 0.00000000e+00 0.00000000e+00 0.00000000e+00]
 [1.92690985e+02 1.93376077e+02 1.92552230e+02 1.93011856e+02 1.80010000e+06 0.00000000e+00 0.00000000e+00 0.00000000e+00]
 [1.92881789e+02 1.93176632e+02 1.91841156e+02 1.92864441e+02 1.63870000e+06 0.00000000e+00 0.00000000e+00 0.00000000e+00]
 [1.93792330e+02 1.94494756e+02 1.93792330e+02 1.94312653e+02 1.49210000e+06 0.00000000e+00 0.00000000e+00 0.00000000e+00]
 [1.94390716e+02 1.94780951e+02 1.94156569e+02 1.94642197e+02 1.48550000e+06 0.00000000e+00 0.00000000e+00 0.00000000e+00]
 [1.94702900e+02 1.95899621e+02 1.94590160e+02 1.95526733e+02 1.64240000e+06 0.00000000e+00 0.00000000e+00 0.00000000e+00]
 [1.95509387e+02 1.95864941e+02 1.95413995e+02 1.95552750e+02 1.17620000e+06 0.00000000e+00 0.00000000e+00 0.00000000e+00]
 [1.95231900e+02 1.95717528e+02 1.94885013e+02 1.95700180e+02 3.14650000e+06 0.00000000e+00 0.00000000e+00 0.00000000e+00]
 [1.95969041e+02 1.96732178e+02 1.95951706e+02 1.96732178e+02 1.25530000e+06 0.00000000e+00 0.00000000e+00 0.00000000e+00]
 [1.96966312e+02 1.97070371e+02 1.96333249e+02 1.96792862e+02 1.69810000e+06 0.00000000e+00 0.00000000e+00 0.00000000e+00]
 [1.96298530e+02 1.96662750e+02 1.96081731e+02 1.96654083e+02 2.46170000e+06 0.00000000e+00 0.00000000e+00 0.00000000e+00]
 [1.96567354e+02 1.96706108e+02 1.96177118e+02 1.96584702e+02 1.27820000e+06 0.00000000e+00 0.00000000e+00 0.00000000e+00]
 [1.97295808e+02 1.97365185e+02 1.96870890e+02 1.97052994e+02 1.34950000e+06 0.00000000e+00 0.00000000e+00 0.00000000e+00]
 [1.97347840e+02 1.97365174e+02 1.96836184e+02 1.97113693e+02 1.57410000e+06 0.00000000e+00 0.00000000e+00 0.00000000e+00]
 [1.97503991e+02 1.97530005e+02 1.95682873e+02 1.96879608e+02 1.83450000e+06 0.00000000e+00 0.00000000e+00 0.00000000e+00]
 [1.96454619e+02 1.96784157e+02 1.96064383e+02 1.96654083e+02 2.36410000e+06 0.00000000e+00 0.00000000e+00 0.00000000e+00]
 [1.97052979e+02 1.97113689e+02 1.96367899e+02 1.96541336e+02 3.02000000e+06 0.00000000e+00 0.00000000e+00 0.00000000e+00]
 [1.97113684e+02 1.97131032e+02 1.96576014e+02 1.96983597e+02 1.67450000e+06 0.00000000e+00 0.00000000e+00 0.00000000e+00]
 [1.97122389e+02 1.97217781e+02 1.96237845e+02 1.97096375e+02 1.88930000e+06 0.00000000e+00 0.00000000e+00 0.00000000e+00]
 [1.97009599e+02 1.97009599e+02 1.96463274e+02 1.96749451e+02 1.26640000e+06 0.00000000e+00 0.00000000e+00 0.00000000e+00]
 [1.97165750e+02 1.97365202e+02 1.96714804e+02 1.97079025e+02 1.03980000e+06 0.00000000e+00 0.00000000e+00 0.00000000e+00]
 [1.97139710e+02 1.97425887e+02 1.97026971e+02 1.97399872e+02 8.48500000e+05 0.00000000e+00 0.00000000e+00 0.00000000e+00]
 [1.97148413e+02 1.98258424e+02 1.96619423e+02 1.97009659e+02 1.06470000e+06 0.00000000e+00 0.00000000e+00 0.00000000e+00]
 [1.96289846e+02 1.96983593e+02 1.95986323e+02 1.96896881e+02 1.53660000e+06 0.00000000e+00 0.00000000e+00 0.00000000e+00]
 [1.96194473e+02 1.96289865e+02 1.94121874e+02 1.94191238e+02 3.04330000e+06 0.00000000e+00 0.00000000e+00 0.00000000e+00]
 [1.94364659e+02 1.94963026e+02 1.94139179e+02 1.94451370e+02 1.58430000e+06 0.00000000e+00 0.00000000e+00 0.00000000e+00]
 [1.95604766e+02 1.96567354e+02 1.95604766e+02 1.96359222e+02 2.20190000e+06 0.00000000e+00 0.00000000e+00 0.00000000e+00]
 [1.96714823e+02 1.96740838e+02 1.96073107e+02 1.96376617e+02 1.30970000e+06 0.00000000e+00 0.00000000e+00 0.00000000e+00]
 [1.96810219e+02 1.97191788e+02 1.96307244e+02 1.96688812e+02 1.53140000e+06 0.00000000e+00 0.00000000e+00 0.00000000e+00]
 [1.96151123e+02 1.96419952e+02 1.93627579e+02 1.93627579e+02 3.39620000e+06 0.00000000e+00 0.00000000e+00 0.00000000e+00]
 [1.93462803e+02 1.94486101e+02 1.92907798e+02 1.93272018e+02 2.69110000e+06 0.00000000e+00 0.00000000e+00 0.00000000e+00]
 [1.93254699e+02 1.93696964e+02 1.92621636e+02 1.93506180e+02 1.28130000e+06 0.00000000e+00 0.00000000e+00 0.00000000e+00]
 [1.94009120e+02 1.95639453e+02 1.93983105e+02 1.95466003e+02 1.45570000e+06 0.00000000e+00 0.00000000e+00 0.00000000e+00]
 [1.94650872e+02 1.95171182e+02 1.94477422e+02 1.94798294e+02 1.46290000e+06 0.00000000e+00 0.00000000e+00 0.00000000e+00]
 [1.95153807e+02 1.95266546e+02 1.94147869e+02 1.94347321e+02 1.34510000e+06 0.00000000e+00 0.00000000e+00 0.00000000e+00]
 [1.95075743e+02 1.95622080e+02 1.94659492e+02 1.94772232e+02 1.22080000e+06 0.00000000e+00 0.00000000e+00 0.00000000e+00]
 [1.95257923e+02 1.95301286e+02 1.94416742e+02 1.94841660e+02 8.01000000e+05 0.00000000e+00 0.00000000e+00 0.00000000e+00]
 [1.93601571e+02 1.95257919e+02 1.93514846e+02 1.94989090e+02 1.39740000e+06 0.00000000e+00 0.00000000e+00 0.00000000e+00]
 [1.94997739e+02 1.96194474e+02 1.94850317e+02 1.95960327e+02 1.37780000e+06 0.00000000e+00 0.00000000e+00 0.00000000e+00]
 [1.96532673e+02 1.97356507e+02 1.96463296e+02 1.97113693e+02 2.20270000e+06 0.00000000e+00 0.00000000e+00 0.00000000e+00]
 [1.97512616e+02 1.97816140e+02 1.97295817e+02 1.97451920e+02 1.39370000e+06 0.00000000e+00 0.00000000e+00 0.00000000e+00]
 [1.96940280e+02 1.97157079e+02 1.95101815e+02 1.95995026e+02 2.22230000e+06 0.00000000e+00 0.00000000e+00 0.00000000e+00]
 [1.96645435e+02 1.96974974e+02 1.96151140e+02 1.96680130e+02 1.52330000e+06 0.00000000e+00 0.00000000e+00 0.00000000e+00]
 [1.96966303e+02 1.96966303e+02 1.96281211e+02 1.96636765e+02 1.62030000e+06 0.00000000e+00 0.00000000e+00 0.00000000e+00]
 [1.96376584e+02 1.96836197e+02 1.96203147e+02 1.96333221e+02 1.89690000e+06 0.00000000e+00 0.00000000e+00 0.00000000e+00]
 [1.97590643e+02 1.98596581e+02 1.97581963e+02 1.98475174e+02 2.00720000e+06 0.00000000e+00 0.00000000e+00 0.00000000e+00]
 [1.98865438e+02 1.99212311e+02 1.98700668e+02 1.99203644e+02 1.53500000e+06 0.00000000e+00 0.00000000e+00 0.00000000e+00]
 [1.98908825e+02 1.99325089e+02 1.98830780e+02 1.99325089e+02 1.15580000e+06 0.00000000e+00 0.00000000e+00 0.00000000e+00]
 [1.98995469e+02 1.99403052e+02 1.98856715e+02 1.99255630e+02 1.85730000e+06 0.00000000e+00 0.00000000e+00 0.00000000e+00]
 [1.99125589e+02 1.99567868e+02 1.99012863e+02 1.99533173e+02 1.41970000e+06 0.00000000e+00 0.00000000e+00 0.00000000e+00]
 [1.99853975e+02 2.00235530e+02 1.99559118e+02 1.99879990e+02 1.32520000e+06 0.00000000e+00 0.00000000e+00 0.00000000e+00]
 [2.00140229e+02 2.00192272e+02 1.99836718e+02 2.00122894e+02 1.30240000e+06 0.00000000e+00 0.00000000e+00 0.00000000e+00]
 [2.00197824e+02 2.00284993e+02 1.99282614e+02 2.00232697e+02 1.85050000e+06 1.17600000e+00 0.00000000e+00 0.00000000e+00]
 [2.00075811e+02 2.00110684e+02 1.99491815e+02 1.99666153e+02 1.89990000e+06 0.00000000e+00 0.00000000e+00 0.00000000e+00]
 [1.99387200e+02 1.99831730e+02 1.99361052e+02 1.99639969e+02 1.59920000e+06 0.00000000e+00 0.00000000e+00 0.00000000e+00]
 [1.99448249e+02 1.99779462e+02 1.98611470e+02 1.99343643e+02 1.52330000e+06 0.00000000e+00 0.00000000e+00 0.00000000e+00]
 [1.99683597e+02 1.99884083e+02 1.99195482e+02 1.99413391e+02 2.33500000e+06 0.00000000e+00 0.00000000e+00 0.00000000e+00]
 [2.00067073e+02 2.00529040e+02 1.99256456e+02 2.00189102e+02 2.10360000e+06 0.00000000e+00 0.00000000e+00 0.00000000e+00]
 [1.99918948e+02 2.00485507e+02 1.99857927e+02 2.00424500e+02 1.08470000e+06 0.00000000e+00 0.00000000e+00 0.00000000e+00]
 [2.00398337e+02 2.01200242e+02 2.00250160e+02 2.01139221e+02 1.72620000e+06 0.00000000e+00 0.00000000e+00 0.00000000e+00]
 [2.01348388e+02 2.01984680e+02 2.01269944e+02 2.01984680e+02 1.96060000e+06 0.00000000e+00 0.00000000e+00 0.00000000e+00]
 [2.02132854e+02 2.02437933e+02 2.01932381e+02 2.02394348e+02 1.31640000e+06 0.00000000e+00 0.00000000e+00 0.00000000e+00]
 [2.02324661e+02 2.02899946e+02 2.02202632e+02 2.02673325e+02 1.00670000e+06 0.00000000e+00 0.00000000e+00 0.00000000e+00]
 [2.02969647e+02 2.03902292e+02 2.02882478e+02 2.03876144e+02 1.47180000e+06 0.00000000e+00 0.00000000e+00 0.00000000e+00]
 [2.03492609e+02 2.03701793e+02 2.03248538e+02 2.03684357e+02 1.10150000e+06 0.00000000e+00 0.00000000e+00 0.00000000e+00]
 [2.03893571e+02 2.03902282e+02 2.03074229e+02 2.03327011e+02 7.68300000e+05 0.00000000e+00 0.00000000e+00 0.00000000e+00]
 [2.03823826e+02 2.04181201e+02 2.03344423e+02 2.03841263e+02 1.02760000e+06 0.00000000e+00 0.00000000e+00 0.00000000e+00]
 [2.03736682e+02 2.04172501e+02 2.03614653e+02 2.04172501e+02 1.03640000e+06 0.00000000e+00 0.00000000e+00 0.00000000e+00]
 [2.03850024e+02 2.04198688e+02 2.03649551e+02 2.03858749e+02 1.07940000e+06 0.00000000e+00 0.00000000e+00 0.00000000e+00]
 [2.04285785e+02 2.04372954e+02 2.03980720e+02 2.04085312e+02 1.06790000e+06 0.00000000e+00 0.00000000e+00 0.00000000e+00]
 [2.04320666e+02 2.04564723e+02 2.03998151e+02 2.04407822e+02 1.76730000e+06 0.00000000e+00 0.00000000e+00 0.00000000e+00]
 [2.04372946e+02 2.04564707e+02 2.04155036e+02 2.04538559e+02 1.33210000e+06 0.00000000e+00 0.00000000e+00 0.00000000e+00]
 [2.04887247e+02 2.04913395e+02 2.04556021e+02 2.04721634e+02 1.52780000e+06 0.00000000e+00 0.00000000e+00 0.00000000e+00]
 [2.03989470e+02 2.04826248e+02 2.03632095e+02 2.04826248e+02 1.65360000e+06 0.00000000e+00 0.00000000e+00 0.00000000e+00]
 [2.05532188e+02 2.05872126e+02 2.05296842e+02 2.05845978e+02 1.29630000e+06 0.00000000e+00 0.00000000e+00 0.00000000e+00]
 [2.06133656e+02 2.06133656e+02 2.04965651e+02 2.05096405e+02 1.10100000e+06 0.00000000e+00 0.00000000e+00 0.00000000e+00]
 [2.05427666e+02 2.05610715e+02 2.05070304e+02 2.05384094e+02 1.81840000e+06 0.00000000e+00 0.00000000e+00 0.00000000e+00]
 [2.05096468e+02 2.05192349e+02 2.03344467e+02 2.04399155e+02 1.94340000e+06 0.00000000e+00 0.00000000e+00 0.00000000e+00]
 [2.04922077e+02 2.05192283e+02 2.04547266e+02 2.04590851e+02 3.29820000e+06 0.00000000e+00 0.00000000e+00 0.00000000e+00]
 [2.05384085e+02 2.06473633e+02 2.05096443e+02 2.06334167e+02 2.82500000e+06 0.00000000e+00 0.00000000e+00 0.00000000e+00]
 [2.05384076e+02 2.06246989e+02 2.05296907e+02 2.05584549e+02 1.29250000e+06 0.00000000e+00 0.00000000e+00 0.00000000e+00]
 [2.05933204e+02 2.06116254e+02 2.05619414e+02 2.05819901e+02 1.35760000e+06 0.00000000e+00 0.00000000e+00 0.00000000e+00]
 [2.06604354e+02 2.06918144e+02 2.05819885e+02 2.06177246e+02 2.07830000e+06 0.00000000e+00 0.00000000e+00 0.00000000e+00]
 [2.06098791e+02 2.06377721e+02 2.05113849e+02 2.06264404e+02 1.90810000e+06 0.00000000e+00 0.00000000e+00 0.00000000e+00]
 [2.06430013e+02 2.06961713e+02 2.06002906e+02 2.06952988e+02 1.93420000e+06 0.00000000e+00 0.00000000e+00 0.00000000e+00]
 [2.06787455e+02 2.07354015e+02 2.06761307e+02 2.07266846e+02 1.68860000e+06 0.00000000e+00 0.00000000e+00 0.00000000e+00]
 [2.07353936e+02 2.07641578e+02 2.06674060e+02 2.07179611e+02 1.50270000e+06 0.00000000e+00 0.00000000e+00 0.00000000e+00]
 [2.06935618e+02 2.07554474e+02 2.06708984e+02 2.07484741e+02 4.71100000e+06 0.00000000e+00 0.00000000e+00 0.00000000e+00]
 [2.06342858e+02 2.06874557e+02 2.05253310e+02 2.06735092e+02 1.64410000e+06 0.00000000e+00 0.00000000e+00 0.00000000e+00]
 [2.06334166e+02 2.06735112e+02 2.06055235e+02 2.06613083e+02 1.01900000e+06 0.00000000e+00 0.00000000e+00 0.00000000e+00]
 [2.05994175e+02 2.07031426e+02 2.05976739e+02 2.06857101e+02 9.00000000e+05 0.00000000e+00 0.00000000e+00 0.00000000e+00]
 [2.06090068e+02 2.06447443e+02 2.05392755e+02 2.06351562e+02 2.76330000e+06 0.00000000e+00 0.00000000e+00 0.00000000e+00]
 [2.05479940e+02 2.05915759e+02 2.04678035e+02 2.05296890e+02 2.43620000e+06 0.00000000e+00 0.00000000e+00 0.00000000e+00]
 [2.06159798e+02 2.07388797e+02 2.06142361e+02 2.07048859e+02 1.07230000e+06 0.00000000e+00 0.00000000e+00 0.00000000e+00]
 [2.06726389e+02 2.06918151e+02 2.06395162e+02 2.06491043e+02 1.37050000e+06 0.00000000e+00 0.00000000e+00 0.00000000e+00]
 [2.06682819e+02 2.06987897e+02 2.06456198e+02 2.06761276e+02 1.42040000e+06 0.00000000e+00 0.00000000e+00 0.00000000e+00]
 [2.07502166e+02 2.08321508e+02 2.07449870e+02 2.08138458e+02 1.15150000e+06 0.00000000e+00 0.00000000e+00 0.00000000e+00]
 [2.08199493e+02 2.08277938e+02 2.07833407e+02 2.07990295e+02 2.14350000e+06 0.00000000e+00 0.00000000e+00 0.00000000e+00]
 [2.08426117e+02 2.08565582e+02 2.08312813e+02 2.08426117e+02 1.21930000e+06 0.00000000e+00 0.00000000e+00 0.00000000e+00]
 [2.08487080e+02 2.08783434e+02 2.08173290e+02 2.08365051e+02 2.65400000e+06 0.00000000e+00 0.00000000e+00 0.00000000e+00]
 [2.08835763e+02 2.10483159e+02 2.08705023e+02 2.10430862e+02 1.80050000e+06 0.00000000e+00 0.00000000e+00 0.00000000e+00]
 [2.10587763e+02 2.11093301e+02 2.09925310e+02 2.10352417e+02 2.44210000e+06 0.00000000e+00 0.00000000e+00 0.00000000e+00]
 [2.11197891e+02 2.13028323e+02 2.11136870e+02 2.12113113e+02 5.45170000e+06 0.00000000e+00 0.00000000e+00 0.00000000e+00]
 [2.12025980e+02 2.12426940e+02 2.08774774e+02 2.11720901e+02 3.77560000e+06 0.00000000e+00 0.00000000e+00 0.00000000e+00]
 [2.13289850e+02 2.13612366e+02 2.11450693e+02 2.11494278e+02 2.16200000e+06 0.00000000e+00 0.00000000e+00 0.00000000e+00]
 [2.11729599e+02 2.12313595e+02 2.10613904e+02 2.10744644e+02 1.88630000e+06 0.00000000e+00 0.00000000e+00 0.00000000e+00]
 [2.10701074e+02 2.11163041e+02 2.10352424e+02 2.10735947e+02 1.20480000e+06 0.00000000e+00 0.00000000e+00 0.00000000e+00]
 [2.10666212e+02 2.11729612e+02 2.10544183e+02 2.11433258e+02 2.67000000e+06 0.00000000e+00 0.00000000e+00 0.00000000e+00]
 [2.12200278e+02 2.12609949e+02 2.11982369e+02 2.12583801e+02 1.68570000e+06 0.00000000e+00 0.00000000e+00 0.00000000e+00]
 [2.12697114e+02 2.13298546e+02 2.12592508e+02 2.13272385e+02 2.51330000e+06 0.00000000e+00 0.00000000e+00 0.00000000e+00]
 [2.13499023e+02 2.14056871e+02 2.13281114e+02 2.13638489e+02 1.85500000e+06 0.00000000e+00 0.00000000e+00 0.00000000e+00]
 [2.13865097e+02 2.14248620e+02 2.13525159e+02 2.13586166e+02 1.80830000e+06 0.00000000e+00 0.00000000e+00 0.00000000e+00]
 [2.13899959e+02 2.13969692e+02 2.12679671e+02 2.12740692e+02 1.93290000e+06 0.00000000e+00 0.00000000e+00 0.00000000e+00]
 [2.13682083e+02 2.14902384e+02 2.13612363e+02 2.14527573e+02 3.17080000e+06 0.00000000e+00 0.00000000e+00 0.00000000e+00]
 [2.15747856e+02 2.16174951e+02 2.15686835e+02 2.15861160e+02 2.08960000e+06 0.00000000e+00 0.00000000e+00 0.00000000e+00]
 [2.16096506e+02 2.16122654e+02 2.14972098e+02 2.15076691e+02 3.17030000e+06 0.00000000e+00 0.00000000e+00 0.00000000e+00]
 [2.15922190e+02 2.15965775e+02 2.14658318e+02 2.14911087e+02 2.57000000e+06 0.00000000e+00 0.00000000e+00 0.00000000e+00]
 [2.15486359e+02 2.16000622e+02 2.15137709e+02 2.15346893e+02 2.26240000e+06 0.00000000e+00 0.00000000e+00 0.00000000e+00]
 [2.15373032e+02 2.15407905e+02 2.14806472e+02 2.15303299e+02 1.88850000e+06 0.00000000e+00 0.00000000e+00 0.00000000e+00]
 [2.15157920e+02 2.15201715e+02 2.14807578e+02 2.15052811e+02 1.49230000e+06 1.18400000e+00 0.00000000e+00 0.00000000e+00]
 [2.15201779e+02 2.15473286e+02 2.14912751e+02 2.15175491e+02 1.37910000e+06 0.00000000e+00 0.00000000e+00 0.00000000e+00]
 [2.15569585e+02 2.15639654e+02 2.15254283e+02 2.15578339e+02 2.34670000e+06 0.00000000e+00 0.00000000e+00 0.00000000e+00]
 [2.16121358e+02 2.16130125e+02 2.14606165e+02 2.14833878e+02 2.32670000e+06 0.00000000e+00 0.00000000e+00 0.00000000e+00]
 [2.15587066e+02 2.16410355e+02 2.15227984e+02 2.16410355e+02 2.78430000e+06 0.00000000e+00 0.00000000e+00 0.00000000e+00]
 [2.16541733e+02 2.17820447e+02 2.16489172e+02 2.17697830e+02 2.91770000e+06 0.00000000e+00 0.00000000e+00 0.00000000e+00]
 [2.18319672e+02 2.19064125e+02 2.18232083e+02 2.18652481e+02 2.91800000e+06 0.00000000e+00 0.00000000e+00 0.00000000e+00]
 [2.19361989e+02 2.20185264e+02 2.18915304e+02 2.20053894e+02 2.19020000e+06 0.00000000e+00 0.00000000e+00 0.00000000e+00]
 [2.19975017e+02 2.20605620e+02 2.19721017e+02 2.20509277e+02 2.47620000e+06 0.00000000e+00 0.00000000e+00 0.00000000e+00]
 [2.20868371e+02 2.21534015e+02 2.20631905e+02 2.20973480e+02 2.12980000e+06 0.00000000e+00 0.00000000e+00 0.00000000e+00]
 [2.20281576e+02 2.20859632e+02 2.19677261e+02 2.20596878e+02 1.95360000e+06 0.00000000e+00 0.00000000e+00 0.00000000e+00]
 [2.21122358e+02 2.22225906e+02 2.20999741e+02 2.22225906e+02 2.28030000e+06 0.00000000e+00 0.00000000e+00 0.00000000e+00]
 [2.22488653e+02 2.23828681e+02 2.22374790e+02 2.23697311e+02 2.05490000e+06 0.00000000e+00 0.00000000e+00 0.00000000e+00]
 [2.24906006e+02 2.25440253e+02 2.22287250e+02 2.22882812e+02 3.71960000e+06 0.00000000e+00 0.00000000e+00 0.00000000e+00]
 [2.23776178e+02 2.25396480e+02 2.23110547e+02 2.25037384e+02 1.86770000e+06 0.00000000e+00 0.00000000e+00 0.00000000e+00]
 [2.24949794e+02 2.25326397e+02 2.24231602e+02 2.24730835e+02 3.15420000e+06 0.00000000e+00 0.00000000e+00 0.00000000e+00]
 [2.25221263e+02 2.25694222e+02 2.24678249e+02 2.25685455e+02 2.54120000e+06 0.00000000e+00 0.00000000e+00 0.00000000e+00]
 [2.25484046e+02 2.27524733e+02 2.25484046e+02 2.27498459e+02 1.60780000e+06 0.00000000e+00 0.00000000e+00 0.00000000e+00]
 [2.27577280e+02 2.28269198e+02 2.27288265e+02 2.28015198e+02 2.16110000e+06 0.00000000e+00 0.00000000e+00 0.00000000e+00]
 [2.28619544e+02 2.29145051e+02 2.26859105e+02 2.27901352e+02 2.93550000e+06 0.00000000e+00 0.00000000e+00 0.00000000e+00]
 [2.28742196e+02 2.28785977e+02 2.27305811e+02 2.28006470e+02 3.58560000e+06 0.00000000e+00 0.00000000e+00 0.00000000e+00]
 [2.28882241e+02 2.30668954e+02 2.28566952e+02 2.30660187e+02 2.85730000e+06 0.00000000e+00 0.00000000e+00 0.00000000e+00]
 [2.30196033e+02 2.30563896e+02 2.29013675e+02 2.29066223e+02 5.14500000e+06 0.00000000e+00 0.00000000e+00 0.00000000e+00]
 [2.27428431e+02 2.28023994e+02 2.26368650e+02 2.26622650e+02 6.67890000e+06 0.00000000e+00 0.00000000e+00 0.00000000e+00]
 [2.27568524e+02 2.28050250e+02 2.25921974e+02 2.26832825e+02 5.58580000e+06 0.00000000e+00 0.00000000e+00 0.00000000e+00]
 [2.26219748e+02 2.27822516e+02 2.25921967e+02 2.26605118e+02 3.12570000e+06 0.00000000e+00 0.00000000e+00 0.00000000e+00]
 [2.25413949e+02 2.25527812e+02 2.21665371e+02 2.21752960e+02 5.53220000e+06 0.00000000e+00 0.00000000e+00 0.00000000e+00]
 [2.20062622e+02 2.21998226e+02 2.11882314e+02 2.12644287e+02 8.55920000e+06 0.00000000e+00 0.00000000e+00 0.00000000e+00]
 [2.09149724e+02 2.17041005e+02 2.08160025e+02 2.16576813e+02 1.17017000e+07 0.00000000e+00 0.00000000e+00 0.00000000e+00]
 [2.16077574e+02 2.19204302e+02 2.15385656e+02 2.15394409e+02 6.24020000e+06 0.00000000e+00 0.00000000e+00 0.00000000e+00]
 [2.15674652e+02 2.15832296e+02 2.07310414e+02 2.07389236e+02 6.98570000e+06 0.00000000e+00 0.00000000e+00 0.00000000e+00]
 [2.09850376e+02 2.12127542e+02 2.03561864e+02 2.10586075e+02 9.71310000e+06 0.00000000e+00 0.00000000e+00 0.00000000e+00]
 [2.12390322e+02 2.14860187e+02 2.10778786e+02 2.13476364e+02 4.23620000e+06 0.00000000e+00 0.00000000e+00 0.00000000e+00]
 [2.12504131e+02 2.14579859e+02 2.11926076e+02 2.14194489e+02 3.07770000e+06 0.00000000e+00 0.00000000e+00 0.00000000e+00]
 [2.12828216e+02 2.17312494e+02 2.12688079e+02 2.16997192e+02 3.65080000e+06 0.00000000e+00 0.00000000e+00 0.00000000e+00]
 [2.18608763e+02 2.19808655e+02 2.16314063e+02 2.19808655e+02 2.92380000e+06 0.00000000e+00 0.00000000e+00 0.00000000e+00]
 [2.19195540e+02 2.21586569e+02 2.19107951e+02 2.19782349e+02 3.00750000e+06 0.00000000e+00 0.00000000e+00 0.00000000e+00]
 [2.18959052e+02 2.20281560e+02 2.17732886e+02 2.18451065e+02 3.45440000e+06 0.00000000e+00 0.00000000e+00 0.00000000e+00]
 [2.18836470e+02 2.21096130e+02 2.17303757e+02 2.17303757e+02 2.79800000e+06 0.00000000e+00 0.00000000e+00 0.00000000e+00]
 [2.18232129e+02 2.19747322e+02 2.17040991e+02 2.17566498e+02 3.17770000e+06 0.00000000e+00 0.00000000e+00 0.00000000e+00]
 [2.18801411e+02 2.21139893e+02 2.18345973e+02 2.21139893e+02 2.92310000e+06 0.00000000e+00 0.00000000e+00 0.00000000e+00]
 [2.22077018e+02 2.23776142e+02 2.21577798e+02 2.23688553e+02 1.89200000e+06 0.00000000e+00 0.00000000e+00 0.00000000e+00]
 [2.23890032e+02 2.24511868e+02 2.20833359e+02 2.20833359e+02 2.94710000e+06 0.00000000e+00 0.00000000e+00 0.00000000e+00]
 [2.21910678e+02 2.22304815e+02 2.18381058e+02 2.18381058e+02 2.71660000e+06 0.00000000e+00 0.00000000e+00 0.00000000e+00]
 [2.18547403e+02 2.19861157e+02 2.14098153e+02 2.15499496e+02 5.18230000e+06 0.00000000e+00 0.00000000e+00 0.00000000e+00]
 [2.13914291e+02 2.17084815e+02 2.13117277e+02 2.16646896e+02 3.27650000e+06 0.00000000e+00 0.00000000e+00 0.00000000e+00]
 [2.15473182e+02 2.19650911e+02 2.15411867e+02 2.19134171e+02 3.02460000e+06 0.00000000e+00 0.00000000e+00 0.00000000e+00]
 [2.20027534e+02 2.20053808e+02 2.18284616e+02 2.19685959e+02 1.93200000e+06 0.00000000e+00 0.00000000e+00 0.00000000e+00]
 [2.17680361e+02 2.19896239e+02 2.17522717e+02 2.19589691e+02 2.73020000e+06 0.00000000e+00 0.00000000e+00 0.00000000e+00]
 [2.20185276e+02 2.20728304e+02 2.19274412e+02 2.20614441e+02 3.02160000e+06 0.00000000e+00 0.00000000e+00 0.00000000e+00]
 [2.21936876e+02 2.24441781e+02 2.21630341e+02 2.24433014e+02 2.45080000e+06 0.00000000e+00 0.00000000e+00 0.00000000e+00]
 [2.24774659e+02 2.25308907e+02 2.23846262e+02 2.24214111e+02 2.02920000e+06 0.00000000e+00 0.00000000e+00 0.00000000e+00]
 [2.25265081e+02 2.25711740e+02 2.22208408e+02 2.22733902e+02 3.08060000e+06 0.00000000e+00 0.00000000e+00 0.00000000e+00]
 [2.23627246e+02 2.23784890e+02 2.21113601e+02 2.21560272e+02 2.35270000e+06 0.00000000e+00 0.00000000e+00 0.00000000e+00]
 [2.22068290e+02 2.22646345e+02 2.20903426e+02 2.21350098e+02 2.16150000e+06 0.00000000e+00 0.00000000e+00 0.00000000e+00]
 [2.21788027e+02 2.22532493e+02 2.21560315e+02 2.21577835e+02 1.55460000e+06 0.00000000e+00 0.00000000e+00 0.00000000e+00]
 [2.20929684e+02 2.20938438e+02 2.17093518e+02 2.18617477e+02 2.71580000e+06 0.00000000e+00 0.00000000e+00 0.00000000e+00]
 [2.18950305e+02 2.19537114e+02 2.18372250e+02 2.19002853e+02 1.99140000e+06 0.00000000e+00 0.00000000e+00 0.00000000e+00]
 [2.18906487e+02 2.20815803e+02 2.18354706e+02 2.18494843e+02 2.77730000e+06 0.00000000e+00 0.00000000e+00 0.00000000e+00]
 [2.16427890e+02 2.17277452e+02 2.12854477e+02 2.13064682e+02 3.58940000e+06 0.00000000e+00 0.00000000e+00 0.00000000e+00]
 [2.13476361e+02 2.13782896e+02 2.08378987e+02 2.08527878e+02 3.81550000e+06 0.00000000e+00 0.00000000e+00 0.00000000e+00]
 [2.11883595e+02 2.14514314e+02 2.09683989e+02 2.14267960e+02 5.52900000e+06 1.08400000e+00 0.00000000e+00 0.00000000e+00]
 [2.15094965e+02 2.15596468e+02 2.09200027e+02 2.10554977e+02 3.36360000e+06 0.00000000e+00 0.00000000e+00 0.00000000e+00]
 [2.10686992e+02 2.12235509e+02 2.08988890e+02 2.09965515e+02 4.38410000e+06 0.00000000e+00 0.00000000e+00 0.00000000e+00]
 [2.11030158e+02 2.14338360e+02 2.10352676e+02 2.12992203e+02 2.91080000e+06 0.00000000e+00 0.00000000e+00 0.00000000e+00]
 [2.12209079e+02 2.12657794e+02 2.05812624e+02 2.08065018e+02 4.69640000e+06 0.00000000e+00 0.00000000e+00 0.00000000e+00]
 [2.09235255e+02 2.11162112e+02 2.07581148e+02 2.10704590e+02 3.28790000e+06 0.00000000e+00 0.00000000e+00 0.00000000e+00]
 [2.07528332e+02 2.13634438e+02 2.07378760e+02 2.13132935e+02 4.59800000e+06 0.00000000e+00 0.00000000e+00 0.00000000e+00]
 [2.14593488e+02 2.15464536e+02 2.13625669e+02 2.14672684e+02 3.43660000e+06 0.00000000e+00 0.00000000e+00 0.00000000e+00]
 [2.12868989e+02 2.14250334e+02 2.08504966e+02 2.09947906e+02 4.93160000e+06 0.00000000e+00 0.00000000e+00 0.00000000e+00]
 [2.11294086e+02 2.14021602e+02 2.10563829e+02 2.10801376e+02 2.95600000e+06 0.00000000e+00 0.00000000e+00 0.00000000e+00]
 [2.13581664e+02 2.15015811e+02 2.12543457e+02 2.14276733e+02 2.90380000e+06 0.00000000e+00 0.00000000e+00 0.00000000e+00]
 [2.12921748e+02 2.14672638e+02 2.12877753e+02 2.13141708e+02 2.06830000e+06 0.00000000e+00 0.00000000e+00 0.00000000e+00]
 [2.14426308e+02 2.15781259e+02 2.14215141e+02 2.14927811e+02 1.72360000e+06 0.00000000e+00 0.00000000e+00 0.00000000e+00]
 [2.16300336e+02 2.16300336e+02 2.13361667e+02 2.14329498e+02 2.88770000e+06 0.00000000e+00 0.00000000e+00 0.00000000e+00]
 [2.15798876e+02 2.16749107e+02 2.15042211e+02 2.16071625e+02 2.14920000e+06 0.00000000e+00 0.00000000e+00 0.00000000e+00]
 [2.17690548e+02 2.18913528e+02 2.17215439e+02 2.18394424e+02 2.30180000e+06 0.00000000e+00 0.00000000e+00 0.00000000e+00]
 [2.18781549e+02 2.19274258e+02 2.18148061e+02 2.18517593e+02 1.36510000e+06 0.00000000e+00 0.00000000e+00 0.00000000e+00]
 [2.17866543e+02 2.18104104e+02 2.16406015e+02 2.17321045e+02 1.99710000e+06 0.00000000e+00 0.00000000e+00 0.00000000e+00]
 [2.17277015e+02 2.17435393e+02 2.14655089e+02 2.15561325e+02 2.10390000e+06 0.00000000e+00 0.00000000e+00 0.00000000e+00]
 [2.16045192e+02 2.16511507e+02 2.14461474e+02 2.15464493e+02 1.47260000e+06 0.00000000e+00 0.00000000e+00 0.00000000e+00]
 [2.16414733e+02 2.16546704e+02 2.11170869e+02 2.12525833e+02 3.65350000e+06 0.00000000e+00 0.00000000e+00 0.00000000e+00]
 [2.12490636e+02 2.13476068e+02 2.10810148e+02 2.13071335e+02 2.35480000e+06 0.00000000e+00 0.00000000e+00 0.00000000e+00]
 [2.13995171e+02 2.15974816e+02 2.13599245e+02 2.15262146e+02 2.10680000e+06 0.00000000e+00 0.00000000e+00 0.00000000e+00]
 [2.15763624e+02 2.16062781e+02 2.14584639e+02 2.15490875e+02 2.17860000e+06 0.00000000e+00 0.00000000e+00 0.00000000e+00]
 [2.16009989e+02 2.16485111e+02 2.13669619e+02 2.13731201e+02 2.14610000e+06 0.00000000e+00 0.00000000e+00 0.00000000e+00]
 [2.13317672e+02 2.14259110e+02 2.11830737e+02 2.14188721e+02 2.32310000e+06 0.00000000e+00 0.00000000e+00 0.00000000e+00]
 [2.13986392e+02 2.14699061e+02 2.12358678e+02 2.12728210e+02 1.63640000e+06 0.00000000e+00 0.00000000e+00 0.00000000e+00]
 [2.11936350e+02 2.12833780e+02 2.09332012e+02 2.12226700e+02 2.66650000e+06 0.00000000e+00 0.00000000e+00 0.00000000e+00]
 [2.11382075e+02 2.15614113e+02 2.11065331e+02 2.15042221e+02 1.78520000e+06 0.00000000e+00 0.00000000e+00 0.00000000e+00]
 [2.15728492e+02 2.16608334e+02 2.15086211e+02 2.15710892e+02 3.12720000e+06 0.00000000e+00 0.00000000e+00 0.00000000e+00]
 [2.15411692e+02 2.16027579e+02 2.14303096e+02 2.15702042e+02 1.92450000e+06 0.00000000e+00 0.00000000e+00 0.00000000e+00]
 [2.16318014e+02 2.18112886e+02 2.15878093e+02 2.17796143e+02 1.50620000e+06 0.00000000e+00 0.00000000e+00 0.00000000e+00]
 [2.18517593e+02 2.20136500e+02 2.18420810e+02 2.19837357e+02 1.53760000e+06 0.00000000e+00 0.00000000e+00 0.00000000e+00]
 [2.19995700e+02 2.20769965e+02 2.19502990e+02 2.20374039e+02 1.70350000e+06 0.00000000e+00 0.00000000e+00 0.00000000e+00]
 [2.20945914e+02 2.21509012e+02 2.20145268e+02 2.20620377e+02 1.47820000e+06 0.00000000e+00 0.00000000e+00 0.00000000e+00]
 [2.19520628e+02 2.19538229e+02 2.18253653e+02 2.19107101e+02 2.60060000e+06 0.00000000e+00 0.00000000e+00 0.00000000e+00]
 [2.19151068e+02 2.20435630e+02 2.19142274e+02 2.20039703e+02 2.58870000e+06 0.00000000e+00 0.00000000e+00 0.00000000e+00]
 [2.19775784e+02 2.20831606e+02 2.19151104e+02 2.19854980e+02 1.71420000e+06 0.00000000e+00 0.00000000e+00 0.00000000e+00]
 [2.19546979e+02 2.19828535e+02 2.18983880e+02 2.19309418e+02 1.70280000e+06 0.00000000e+00 0.00000000e+00 0.00000000e+00]
 [2.20637998e+02 2.21438644e+02 2.20338841e+02 2.20919540e+02 1.26290000e+06 0.00000000e+00 0.00000000e+00 0.00000000e+00]
 [2.21429839e+02 2.21667400e+02 2.20048494e+02 2.20286041e+02 1.05540000e+06 0.00000000e+00 0.00000000e+00 0.00000000e+00]
 [2.19186257e+02 2.20972336e+02 2.19036686e+02 2.20972336e+02 1.48410000e+06 0.00000000e+00 0.00000000e+00 0.00000000e+00]
 [2.20611598e+02 2.20840353e+02 2.18869502e+02 2.20550003e+02 2.02530000e+06 0.00000000e+00 0.00000000e+00 0.00000000e+00]
 [2.19995728e+02 2.20523638e+02 2.19511825e+02 2.19995728e+02 1.65470000e+06 0.00000000e+00 0.00000000e+00 0.00000000e+00]
 [2.18447183e+02 2.19151059e+02 2.16414750e+02 2.17452957e+02 4.46580000e+06 0.00000000e+00 0.00000000e+00 0.00000000e+00]
 [2.18667121e+02 2.20734755e+02 2.18579131e+02 2.20321228e+02 1.35970000e+06 0.00000000e+00 0.00000000e+00 0.00000000e+00]
 [2.19951726e+02 2.20224475e+02 2.18447190e+02 2.18895905e+02 2.37880000e+06 0.00000000e+00 0.00000000e+00 0.00000000e+00]
 [2.20162845e+02 2.21412219e+02 2.20110056e+02 2.21201065e+02 1.95390000e+06 0.00000000e+00 0.00000000e+00 0.00000000e+00]
 [2.21869769e+02 2.22424074e+02 2.21685010e+02 2.22177719e+02 2.03150000e+06 0.00000000e+00 0.00000000e+00 0.00000000e+00]
 [2.22300867e+02 2.22714394e+02 2.21605784e+02 2.22485626e+02 1.49120000e+06 0.00000000e+00 0.00000000e+00 0.00000000e+00]
 [2.22925621e+02 2.24324581e+02 2.22353729e+02 2.24262985e+02 2.76320000e+06 0.00000000e+00 0.00000000e+00 0.00000000e+00]
 [2.24685276e+02 2.24975626e+02 2.23374320e+02 2.24157379e+02 2.61590000e+06 0.00000000e+00 0.00000000e+00 0.00000000e+00]
 [2.23796637e+02 2.24905233e+02 2.23647065e+02 2.24861252e+02 1.51750000e+06 0.00000000e+00 0.00000000e+00 0.00000000e+00]
 [2.25054782e+02 2.25829061e+02 2.24975600e+02 2.25151566e+02 2.64800000e+06 0.00000000e+00 0.00000000e+00 0.00000000e+00]
 [2.25582722e+02 2.25793876e+02 2.24887640e+02 2.25529907e+02 1.18220000e+06 0.00000000e+00 0.00000000e+00 0.00000000e+00]
 [2.25705885e+02 2.25917039e+02 2.24562088e+02 2.24632477e+02 2.50780000e+06 0.00000000e+00 0.00000000e+00 0.00000000e+00]
 [2.25512322e+02 2.25785071e+02 2.24764464e+02 2.25283554e+02 1.91380000e+06 0.00000000e+00 0.00000000e+00 0.00000000e+00]
 [2.24597333e+02 2.25301209e+02 2.23594313e+02 2.25090042e+02 2.00010000e+06 0.00000000e+00 0.00000000e+00 0.00000000e+00]
 [2.23638240e+02 2.24676461e+02 2.23224727e+02 2.24553284e+02 2.01580000e+06 0.00000000e+00 0.00000000e+00 0.00000000e+00]
 [2.22450485e+02 2.23884632e+02 2.22089747e+02 2.23699860e+02 1.86330000e+06 0.00000000e+00 0.00000000e+00 0.00000000e+00]
 [2.24333338e+02 2.24685269e+02 2.23761446e+02 2.24104584e+02 1.57820000e+06 0.00000000e+00 0.00000000e+00 0.00000000e+00]
 [2.24060561e+02 2.24069355e+02 2.22230488e+02 2.22705597e+02 4.03760000e+06 0.00000000e+00 0.00000000e+00 0.00000000e+00]
 [2.23831850e+02 2.23937440e+02 2.22881632e+02 2.23101593e+02 3.09200000e+06 0.00000000e+00 0.00000000e+00 0.00000000e+00]
 [2.22045769e+02 2.22168947e+02 2.18508814e+02 2.20013336e+02 6.69000000e+06 0.00000000e+00 0.00000000e+00 0.00000000e+00]
 [2.20541233e+02 2.21306691e+02 2.19881351e+02 2.20497238e+02 2.96860000e+06 0.00000000e+00 0.00000000e+00 0.00000000e+00]
 [2.21077948e+02 2.22362510e+02 2.18579186e+02 2.18667175e+02 3.43380000e+06 0.00000000e+00 0.00000000e+00 0.00000000e+00]
 [2.18602598e+02 2.20635703e+02 2.18010349e+02 2.19999252e+02 2.63840000e+06 1.15700000e+00 0.00000000e+00 0.00000000e+00]
 [2.20971613e+02 2.22191479e+02 2.20193740e+02 2.20556152e+02 3.71160000e+06 0.00000000e+00 0.00000000e+00 0.00000000e+00]
 [2.18832446e+02 2.20892068e+02 2.18620305e+02 2.20812515e+02 1.94310000e+06 0.00000000e+00 0.00000000e+00 0.00000000e+00]
 [2.21590402e+02 2.21661120e+02 2.19610347e+02 2.19919724e+02 1.15790000e+06 0.00000000e+00 0.00000000e+00 0.00000000e+00]
 [2.21051150e+02 2.21820188e+02 2.20025757e+02 2.21802505e+02 1.94810000e+06 0.00000000e+00 0.00000000e+00 0.00000000e+00]
 [2.21793737e+02 2.23985948e+02 2.21448995e+02 2.23650040e+02 2.62220000e+06 0.00000000e+00 0.00000000e+00 0.00000000e+00]
 [2.24569381e+02 2.25692010e+02 2.24534015e+02 2.25630127e+02 3.97950000e+06 0.00000000e+00 0.00000000e+00 0.00000000e+00]
 [2.26072053e+02 2.26558218e+02 2.25806863e+02 2.26416809e+02 1.31450000e+06 0.00000000e+00 0.00000000e+00 0.00000000e+00]
 [2.25055541e+02 2.25771544e+02 2.24551678e+02 2.24869904e+02 2.33510000e+06 0.00000000e+00 0.00000000e+00 0.00000000e+00]
 [2.25992532e+02 2.26876489e+02 2.25417951e+02 2.26796936e+02 2.87400000e+06 0.00000000e+00 0.00000000e+00 0.00000000e+00]
 [2.26726191e+02 2.27318454e+02 2.26284226e+02 2.26991394e+02 1.81450000e+06 0.00000000e+00 0.00000000e+00 0.00000000e+00]
 [2.27079798e+02 2.27185868e+02 2.26434499e+02 2.26849960e+02 9.93500000e+05 0.00000000e+00 0.00000000e+00 0.00000000e+00]
 [2.26160437e+02 2.28113975e+02 2.26116237e+02 2.27822281e+02 1.82590000e+06 0.00000000e+00 0.00000000e+00 0.00000000e+00]
 [2.27848834e+02 2.28343848e+02 2.27424525e+02 2.28237778e+02 2.60680000e+06 0.00000000e+00 0.00000000e+00 0.00000000e+00]
 [2.27618952e+02 2.27972529e+02 2.26955984e+02 2.27371445e+02 2.05050000e+06 0.00000000e+00 0.00000000e+00 0.00000000e+00]
 [2.27177017e+02 2.27751584e+02 2.26982545e+02 2.27159348e+02 2.71070000e+06 0.00000000e+00 0.00000000e+00 0.00000000e+00]
 [2.26938349e+02 2.27716208e+02 2.26646628e+02 2.27592468e+02 1.44700000e+06 0.00000000e+00 0.00000000e+00 0.00000000e+00]
 [2.28803500e+02 2.29448799e+02 2.27901873e+02 2.28662064e+02 2.91600000e+06 0.00000000e+00 0.00000000e+00 0.00000000e+00]
 [2.28538290e+02 2.30933806e+02 2.28441040e+02 2.30757004e+02 2.60870000e+06 0.00000000e+00 0.00000000e+00 0.00000000e+00]
 [2.29952615e+02 2.30721653e+02 2.29917249e+02 2.30076355e+02 2.16650000e+06 0.00000000e+00 0.00000000e+00 0.00000000e+00]
 [2.30474155e+02 2.30482976e+02 2.27689668e+02 2.28582474e+02 2.66620000e+06 0.00000000e+00 0.00000000e+00 0.00000000e+00]
 [2.28591363e+02 2.28750468e+02 2.26858814e+02 2.27265427e+02 1.60140000e+06 0.00000000e+00 0.00000000e+00 0.00000000e+00]
 [2.28078582e+02 2.29024422e+02 2.27707335e+02 2.28414490e+02 1.99250000e+06 0.00000000e+00 0.00000000e+00 0.00000000e+00]
 [2.28626709e+02 2.29112875e+02 2.27486397e+02 2.28131668e+02 1.65170000e+06 0.00000000e+00 0.00000000e+00 0.00000000e+00]
 [2.26938343e+02 2.29475296e+02 2.26717354e+02 2.29289673e+02 1.76730000e+06 0.00000000e+00 0.00000000e+00 0.00000000e+00]
 [2.29475285e+02 2.30412277e+02 2.29289661e+02 2.30412277e+02 2.01760000e+06 0.00000000e+00 0.00000000e+00 0.00000000e+00]
 [2.30323876e+02 2.31446491e+02 2.30005664e+02 2.31278564e+02 1.84300000e+06 0.00000000e+00 0.00000000e+00 0.00000000e+00]
 [2.31773586e+02 2.32286269e+02 2.31667488e+02 2.31923843e+02 2.61920000e+06 0.00000000e+00 0.00000000e+00 0.00000000e+00]
 [2.31800140e+02 2.32189084e+02 2.31411197e+02 2.31800140e+02 1.56040000e+06 0.00000000e+00 0.00000000e+00 0.00000000e+00]
 [2.31888518e+02 2.32250944e+02 2.31384683e+02 2.31508423e+02 1.08440000e+06 0.00000000e+00 0.00000000e+00 0.00000000e+00]
 [2.30147093e+02 2.30677473e+02 2.29325019e+02 2.29934952e+02 2.39550000e+06 0.00000000e+00 0.00000000e+00 0.00000000e+00]
 [2.30191280e+02 2.30774695e+02 2.28856496e+02 2.29068665e+02 3.68470000e+06 0.00000000e+00 0.00000000e+00 0.00000000e+00]
 [2.29775868e+02 2.30774744e+02 2.29431112e+02 2.30544907e+02 1.53180000e+06 0.00000000e+00 0.00000000e+00 0.00000000e+00]
 [2.29325020e+02 2.29431090e+02 2.27521766e+02 2.28847702e+02 2.58780000e+06 0.00000000e+00 0.00000000e+00 0.00000000e+00]
 [2.30147082e+02 2.31499563e+02 2.30138261e+02 2.30703979e+02 1.69310000e+06 0.00000000e+00 0.00000000e+00 0.00000000e+00]
 [2.30456538e+02 2.31932759e+02 2.30138326e+02 2.31473083e+02 2.27880000e+06 0.00000000e+00 0.00000000e+00 0.00000000e+00]
 [2.31950413e+02 2.32250955e+02 2.31508434e+02 2.31985779e+02 1.24550000e+06 0.00000000e+00 0.00000000e+00 0.00000000e+00]
 [2.32489609e+02 2.33338200e+02 2.32356994e+02 2.32489609e+02 1.93790000e+06 0.00000000e+00 0.00000000e+00 0.00000000e+00]
 [2.32162480e+02 2.32878483e+02 2.31941491e+02 2.32418808e+02 1.70810000e+06 0.00000000e+00 0.00000000e+00 0.00000000e+00]
 [2.32197881e+02 2.33037651e+02 2.31782420e+02 2.32082962e+02 2.30810000e+06 0.00000000e+00 0.00000000e+00 0.00000000e+00]
 [2.32622196e+02 2.33621072e+02 2.32577982e+02 2.33541519e+02 2.32890000e+06 0.00000000e+00 0.00000000e+00 0.00000000e+00]
 [2.34584595e+02 2.35442035e+02 2.34478524e+02 2.35300598e+02 2.37100000e+06 0.00000000e+00 0.00000000e+00 0.00000000e+00]
 [2.35804410e+02 2.35866266e+02 2.35035371e+02 2.35433136e+02 3.02690000e+06 0.00000000e+00 0.00000000e+00 0.00000000e+00]
 [2.35654129e+02 2.36944698e+02 2.35433139e+02 2.36723709e+02 2.11610000e+06 0.00000000e+00 0.00000000e+00 0.00000000e+00]
 [2.36290588e+02 2.36644165e+02 2.35238677e+02 2.35760208e+02 2.62550000e+06 0.00000000e+00 0.00000000e+00 0.00000000e+00]
 [2.35424302e+02 2.36211037e+02 2.34982323e+02 2.35769058e+02 3.17240000e+06 0.00000000e+00 0.00000000e+00 0.00000000e+00]
 [2.35442017e+02 2.35716041e+02 2.34478506e+02 2.35442017e+02 3.62330000e+06 0.00000000e+00 0.00000000e+00 0.00000000e+00]
 [2.35053108e+02 2.35247580e+02 2.33824394e+02 2.34779083e+02 4.59550000e+06 0.00000000e+00 0.00000000e+00 0.00000000e+00]
 [2.34858623e+02 2.35123799e+02 2.33099556e+02 2.34089584e+02 1.68790000e+06 0.00000000e+00 0.00000000e+00 0.00000000e+00]
 [2.33037669e+02 2.34478523e+02 2.32878563e+02 2.33523834e+02 2.63410000e+06 0.00000000e+00 0.00000000e+00 0.00000000e+00]
 [2.34496200e+02 2.34752555e+02 2.33815563e+02 2.33965820e+02 2.83270000e+06 0.00000000e+00 0.00000000e+00 0.00000000e+00]
 [2.33391238e+02 2.35176822e+02 2.33081847e+02 2.34849762e+02 3.42040000e+06 0.00000000e+00 0.00000000e+00 0.00000000e+00]
 [2.34787850e+02 2.35362444e+02 2.34098365e+02 2.34876251e+02 3.01980000e+06 0.00000000e+00 0.00000000e+00 0.00000000e+00]
 [2.35822101e+02 2.36387847e+02 2.35548076e+02 2.36211044e+02 2.08750000e+06 0.00000000e+00 0.00000000e+00 0.00000000e+00]
 [2.36432058e+02 2.36564646e+02 2.35548100e+02 2.36334808e+02 1.86100000e+06 0.00000000e+00 0.00000000e+00 0.00000000e+00]
 [2.36211048e+02 2.36246413e+02 2.34770193e+02 2.35000031e+02 2.51530000e+06 0.00000000e+00 0.00000000e+00 0.00000000e+00]
 [2.35220975e+02 2.36829784e+02 2.35212127e+02 2.36281708e+02 1.82360000e+06 0.00000000e+00 0.00000000e+00 0.00000000e+00]
 [2.36325992e+02 2.36927077e+02 2.36219922e+02 2.36546982e+02 2.07750000e+06 0.00000000e+00 0.00000000e+00 0.00000000e+00]
 [2.37687289e+02 2.38756870e+02 2.37598888e+02 2.38447479e+02 3.34970000e+06 0.00000000e+00 0.00000000e+00 0.00000000e+00]
 [2.39154635e+02 2.39260732e+02 2.38111572e+02 2.38279526e+02 1.35250000e+06 0.00000000e+00 0.00000000e+00 0.00000000e+00]
 [2.37722576e+02 2.37846343e+02 2.36918172e+02 2.37483917e+02 2.07090000e+06 0.00000000e+00 0.00000000e+00 0.00000000e+00]
 [2.37872925e+02 2.37934809e+02 2.37033155e+02 2.37192261e+02 2.36040000e+06 0.00000000e+00 0.00000000e+00 0.00000000e+00]
 [2.37367166e+02 2.38450467e+02 2.36150677e+02 2.36496964e+02 2.56840000e+06 1.20700000e+00 0.00000000e+00 0.00000000e+00]
 [2.36976509e+02 2.38184110e+02 2.36727884e+02 2.37154083e+02 3.07750000e+06 0.00000000e+00 0.00000000e+00 0.00000000e+00]
 [2.36639079e+02 2.37660218e+02 2.36576916e+02 2.37127441e+02 1.77430000e+06 0.00000000e+00 0.00000000e+00 0.00000000e+00]
 [2.38379394e+02 2.39018720e+02 2.37429307e+02 2.38006470e+02 1.96880000e+06 0.00000000e+00 0.00000000e+00 0.00000000e+00]
 [2.37944302e+02 2.38565879e+02 2.37571351e+02 2.37979828e+02 3.03410000e+06 0.00000000e+00 0.00000000e+00 0.00000000e+00]
 [2.38876744e+02 2.39276333e+02 2.37722418e+02 2.38184143e+02 2.50580000e+06 0.00000000e+00 0.00000000e+00 0.00000000e+00]
 [2.37589171e+02 2.37669083e+02 2.34747715e+02 2.36230606e+02 5.00440000e+06 0.00000000e+00 0.00000000e+00 0.00000000e+00]
 [2.36363781e+02 2.36878781e+02 2.33548963e+02 2.34898666e+02 2.56470000e+06 0.00000000e+00 0.00000000e+00 0.00000000e+00]
 [2.34214895e+02 2.35173897e+02 2.32980657e+02 2.34836472e+02 3.21960000e+06 0.00000000e+00 0.00000000e+00 0.00000000e+00]
 [2.34507985e+02 2.35706725e+02 2.34019595e+02 2.34534622e+02 2.07800000e+06 0.00000000e+00 0.00000000e+00 0.00000000e+00]
 [2.34081749e+02 2.34081749e+02 2.26756150e+02 2.26960388e+02 5.80390000e+06 0.00000000e+00 0.00000000e+00 0.00000000e+00]
 [2.26258922e+02 2.27573100e+02 2.20611550e+02 2.22183228e+02 9.03700000e+06 0.00000000e+00 0.00000000e+00 0.00000000e+00]
 [2.25885954e+02 2.26107942e+02 2.22254236e+02 2.25184479e+02 7.11670000e+06 0.00000000e+00 0.00000000e+00 0.00000000e+00]
 [2.24820384e+02 2.26036873e+02 2.23799232e+02 2.23950195e+02 3.30620000e+06 0.00000000e+00 0.00000000e+00 0.00000000e+00]
 [2.25664025e+02 2.29180319e+02 2.25273324e+02 2.28718567e+02 3.30850000e+06 0.00000000e+00 0.00000000e+00 0.00000000e+00]
 [2.28869471e+02 2.29393359e+02 2.26489768e+02 2.28798447e+02 2.84580000e+06 0.00000000e+00 0.00000000e+00 0.00000000e+00]
 [2.27981527e+02 2.28514303e+02 2.24376446e+02 2.25584061e+02 3.04680000e+06 0.00000000e+00 0.00000000e+00 0.00000000e+00]
 [2.26134592e+02 2.27866095e+02 2.24784902e+02 2.25406479e+02 2.68420000e+06 0.00000000e+00 0.00000000e+00 0.00000000e+00]
 [2.26028021e+02 2.26303283e+02 2.23914692e+02 2.24474106e+02 2.10200000e+06 0.00000000e+00 0.00000000e+00 0.00000000e+00]
 [2.21099892e+02 2.24278760e+02 2.19181914e+02 2.23124420e+02 5.20650000e+06 0.00000000e+00 0.00000000e+00 0.00000000e+00]
 [2.23044521e+02 2.23364184e+02 2.15994185e+02 2.16464798e+02 4.06570000e+06 0.00000000e+00 0.00000000e+00 0.00000000e+00]
 [2.18178533e+02 2.21801363e+02 2.17255056e+02 2.20345123e+02 4.44380000e+06 0.00000000e+00 0.00000000e+00 0.00000000e+00]
 [2.16962065e+02 2.19306257e+02 2.14031823e+02 2.16447052e+02 5.27870000e+06 0.00000000e+00 0.00000000e+00 0.00000000e+00]
 [2.19350635e+02 2.20522738e+02 2.12033911e+02 2.15328217e+02 5.12620000e+06 0.00000000e+00 0.00000000e+00 0.00000000e+00]
 [2.15159524e+02 2.18773493e+02 2.14706674e+02 2.18622543e+02 3.61910000e+06 0.00000000e+00 0.00000000e+00 0.00000000e+00]
 [2.20851272e+02 2.22946838e+02 2.20451697e+02 2.20913422e+02 4.07340000e+06 0.00000000e+00 0.00000000e+00 0.00000000e+00]
 [2.21659319e+02 2.23355296e+02 2.20620417e+02 2.23204346e+02 2.87070000e+06 0.00000000e+00 0.00000000e+00 0.00000000e+00]
 [2.24154423e+02 2.24562873e+02 2.19989930e+02 2.21819107e+02 3.18450000e+06 0.00000000e+00 0.00000000e+00 0.00000000e+00]
 [2.22272052e+02 2.23577329e+02 2.21446250e+02 2.23080078e+02 1.91210000e+06 0.00000000e+00 0.00000000e+00 0.00000000e+00]
 [2.23035614e+02 2.24633929e+02 2.22982339e+02 2.24491867e+02 2.25520000e+06 0.00000000e+00 0.00000000e+00 0.00000000e+00]
 [2.26489769e+02 2.29375611e+02 2.26116818e+02 2.29233536e+02 3.09080000e+06 0.00000000e+00 0.00000000e+00 0.00000000e+00]
 [2.28638550e+02 2.29482115e+02 2.27892674e+02 2.28842789e+02 2.46690000e+06 0.00000000e+00 0.00000000e+00 0.00000000e+00]
 [2.27759519e+02 2.27883845e+02 2.25370928e+02 2.26729492e+02 3.07870000e+06 0.00000000e+00 0.00000000e+00 0.00000000e+00]
 [2.26152329e+02 2.26392079e+02 2.21943435e+02 2.22351898e+02 2.71020000e+06 0.00000000e+00 0.00000000e+00 0.00000000e+00]
 [2.22840287e+02 2.24660577e+02 2.21348522e+02 2.21978973e+02 3.09700000e+06 0.00000000e+00 0.00000000e+00 0.00000000e+00]
 [2.23728208e+02 2.24065621e+02 2.19022064e+02 2.20460541e+02 3.61990000e+06 0.00000000e+00 0.00000000e+00 0.00000000e+00]
 [2.19341744e+02 2.23222087e+02 2.17929891e+02 2.22742599e+02 3.91190000e+06 0.00000000e+00 0.00000000e+00 0.00000000e+00]
 [2.21783620e+02 2.24181086e+02 2.21330756e+02 2.23310898e+02 2.34280000e+06 0.00000000e+00 0.00000000e+00 0.00000000e+00]
 [2.22822550e+02 2.23062300e+02 2.18746856e+02 2.19608170e+02 2.97370000e+06 0.00000000e+00 0.00000000e+00 0.00000000e+00]
 [2.16518048e+02 2.17832226e+02 2.14733271e+02 2.15567947e+02 5.00090000e+06 0.00000000e+00 0.00000000e+00 0.00000000e+00]
 [2.16873252e+02 2.17938791e+02 2.16233926e+02 2.16287201e+02 2.42550000e+06 0.00000000e+00 0.00000000e+00 0.00000000e+00]
 [2.14706665e+02 2.16082993e+02 2.14644502e+02 2.14893127e+02 8.30900000e+05 0.00000000e+00 0.00000000e+00 0.00000000e+00]
 [2.16864378e+02 2.18293981e+02 2.16526966e+02 2.18258469e+02 2.49850000e+06 0.00000000e+00 0.00000000e+00 0.00000000e+00]
 [2.17308359e+02 2.18968837e+02 2.16766708e+02 2.18942200e+02 2.84970000e+06 0.00000000e+00 0.00000000e+00 0.00000000e+00]
 [2.19963321e+02 2.24056778e+02 2.19102008e+02 2.24056778e+02 3.72330000e+06 0.00000000e+00 0.00000000e+00 0.00000000e+00]
 [2.23355281e+02 2.24873684e+02 2.22307505e+02 2.23595032e+02 3.27940000e+06 0.00000000e+00 0.00000000e+00 0.00000000e+00]
 [2.23444069e+02 2.25486360e+02 2.23186569e+02 2.25077896e+02 2.99280000e+06 0.00000000e+00 0.00000000e+00 0.00000000e+00]
 [2.28780670e+02 2.28860582e+02 2.26480879e+02 2.27857193e+02 3.94350000e+06 0.00000000e+00 0.00000000e+00 0.00000000e+00]
 [2.27182369e+02 2.27555294e+02 2.20265220e+02 2.20789108e+02 3.83740000e+06 0.00000000e+00 0.00000000e+00 0.00000000e+00]
 [2.17033105e+02 2.20291886e+02 2.14111751e+02 2.20229736e+02 7.71270000e+06 0.00000000e+00 0.00000000e+00 0.00000000e+00]
 [2.19883405e+02 2.21313007e+02 2.14324821e+02 2.15115097e+02 3.92840000e+06 0.00000000e+00 0.00000000e+00 0.00000000e+00]
 [2.14884228e+02 2.16322705e+02 2.10994997e+02 2.15372604e+02 5.98370000e+06 0.00000000e+00 0.00000000e+00 0.00000000e+00]
 [2.18391679e+02 2.18542630e+02 2.14165035e+02 2.15434799e+02 4.54320000e+06 0.00000000e+00 0.00000000e+00 0.00000000e+00]
 [2.18258446e+02 2.19466060e+02 2.16526943e+02 2.16624619e+02 4.11700000e+06 0.00000000e+00 0.00000000e+00 0.00000000e+00]
 [2.17423762e+02 2.18222913e+02 2.15505784e+02 2.16553574e+02 2.61080000e+06 0.00000000e+00 0.00000000e+00 0.00000000e+00]
 [2.14573456e+02 2.15443658e+02 2.12016165e+02 2.12557816e+02 5.08850000e+06 0.00000000e+00 0.00000000e+00 0.00000000e+00]
 [2.11637392e+02 2.12672996e+02 2.06834346e+02 2.08218124e+02 6.12720000e+06 1.28900000e+00 0.00000000e+00 0.00000000e+00]
 [2.09798273e+02 2.10405342e+02 2.06655759e+02 2.08137741e+02 4.69140000e+06 0.00000000e+00 0.00000000e+00 0.00000000e+00]
 [2.08200228e+02 2.11583777e+02 2.03352542e+02 2.04816666e+02 8.21560000e+06 0.00000000e+00 0.00000000e+00 0.00000000e+00]
 [2.03861479e+02 2.05245244e+02 1.99567298e+02 2.01451019e+02 1.21419000e+07 0.00000000e+00 0.00000000e+00 0.00000000e+00]
 [2.02424053e+02 2.04852357e+02 1.96915735e+02 1.97442459e+02 1.18116000e+07 0.00000000e+00 0.00000000e+00 0.00000000e+00]
 [1.96174765e+02 1.97121087e+02 1.92005585e+02 1.92005585e+02 8.49350000e+06 0.00000000e+00 0.00000000e+00 0.00000000e+00]
 [1.93621483e+02 2.01852718e+02 1.91791325e+02 2.01718796e+02 1.15980000e+07 0.00000000e+00 0.00000000e+00 0.00000000e+00]
 [1.99049459e+02 2.03656083e+02 1.96049790e+02 2.03593597e+02 9.57840000e+06 0.00000000e+00 0.00000000e+00 0.00000000e+00]
 [2.04727432e+02 2.06289760e+02 2.02227705e+02 2.03334717e+02 7.43610000e+06 0.00000000e+00 0.00000000e+00 0.00000000e+00]
 [2.04718477e+02 2.05307701e+02 2.03057945e+02 2.05164856e+02 6.68390000e+06 0.00000000e+00 0.00000000e+00 0.00000000e+00]
 [2.01924155e+02 2.06093350e+02 2.01781324e+02 2.05325577e+02 4.89130000e+06 0.00000000e+00 0.00000000e+00 0.00000000e+00]
 [2.03638299e+02 2.03923975e+02 1.99951201e+02 2.00424362e+02 3.32960000e+06 0.00000000e+00 0.00000000e+00 0.00000000e+00]
 [2.03138293e+02 2.07673509e+02 2.02790118e+02 2.07039658e+02 5.10010000e+06 0.00000000e+00 0.00000000e+00 0.00000000e+00]
 [2.07378911e+02 2.10003624e+02 2.06512948e+02 2.08593063e+02 3.70600000e+06 0.00000000e+00 0.00000000e+00 0.00000000e+00]
 [2.10735677e+02 2.11101711e+02 2.08396640e+02 2.10619614e+02 3.54660000e+06 0.00000000e+00 0.00000000e+00 0.00000000e+00]
 [2.11324850e+02 2.12422939e+02 2.10208902e+02 2.11592667e+02 4.56500000e+06 0.00000000e+00 0.00000000e+00 0.00000000e+00]
 [2.10378529e+02 2.12628284e+02 2.09664333e+02 2.12476517e+02 2.81350000e+06 0.00000000e+00 0.00000000e+00 0.00000000e+00]
 [2.11449864e+02 2.12476530e+02 2.10905280e+02 2.12378326e+02 2.55100000e+06 0.00000000e+00 0.00000000e+00 0.00000000e+00]
 [2.10780296e+02 2.11931949e+02 2.10414262e+02 2.11208817e+02 2.65340000e+06 0.00000000e+00 0.00000000e+00 0.00000000e+00]
 [2.11556993e+02 2.13896016e+02 2.11556993e+02 2.13681763e+02 5.10370000e+06 0.00000000e+00 0.00000000e+00 0.00000000e+00]
 [2.14012093e+02 2.14949492e+02 2.13833544e+02 2.14154938e+02 4.06670000e+06 0.00000000e+00 0.00000000e+00 0.00000000e+00]
 [2.13369312e+02 2.16538607e+02 2.13324671e+02 2.15752975e+02 3.05900000e+06 0.00000000e+00 0.00000000e+00 0.00000000e+00]
 [2.17440282e+02 2.19056173e+02 2.16726072e+02 2.18654434e+02 4.94330000e+06 0.00000000e+00 0.00000000e+00 0.00000000e+00]
 [2.17288502e+02 2.17458129e+02 2.14235270e+02 2.15744034e+02 5.78630000e+06 0.00000000e+00 0.00000000e+00 0.00000000e+00]
 [2.16654671e+02 2.17243895e+02 2.13887127e+02 2.16065460e+02 3.07640000e+06 0.00000000e+00 0.00000000e+00 0.00000000e+00]
 [2.15958300e+02 2.16779650e+02 2.15074478e+02 2.16279694e+02 2.19710000e+06 0.00000000e+00 0.00000000e+00 0.00000000e+00]
 [2.17931304e+02 2.18824063e+02 2.17538488e+02 2.18118790e+02 3.67750000e+06 0.00000000e+00 0.00000000e+00 0.00000000e+00]
 [2.16127938e+02 2.16485050e+02 2.14824518e+02 2.16431473e+02 2.40780000e+06 0.00000000e+00 0.00000000e+00 0.00000000e+00]
 [2.16538592e+02 2.17047458e+02 2.15395862e+02 2.16163635e+02 2.43690000e+06 0.00000000e+00 0.00000000e+00 0.00000000e+00]
 [2.17529569e+02 2.20314971e+02 2.16833218e+02 2.19582916e+02 6.02840000e+06 0.00000000e+00 0.00000000e+00 0.00000000e+00]
 [2.19493645e+02 2.21877309e+02 2.19332941e+02 2.21413071e+02 5.30810000e+06 0.00000000e+00 0.00000000e+00 0.00000000e+00]
 [2.21680885e+02 2.22555785e+02 2.20922049e+02 2.21600540e+02 3.71850000e+06 0.00000000e+00 0.00000000e+00 0.00000000e+00]
 [2.21671991e+02 2.23207537e+02 2.21038127e+02 2.23180756e+02 2.54170000e+06 0.00000000e+00 0.00000000e+00 0.00000000e+00]
 [2.23582438e+02 2.24376992e+02 2.23118199e+02 2.24171661e+02 3.61330000e+06 0.00000000e+00 0.00000000e+00 0.00000000e+00]
 [2.23859239e+02 2.24278837e+02 2.23145029e+02 2.23894943e+02 2.05220000e+06 0.00000000e+00 0.00000000e+00 0.00000000e+00]
 [2.22332627e+02 2.22814725e+02 2.20172153e+02 2.21698776e+02 3.90780000e+06 0.00000000e+00 0.00000000e+00 0.00000000e+00]
 [2.20520267e+02 2.22037967e+02 2.19797135e+02 2.21984390e+02 2.51260000e+06 0.00000000e+00 0.00000000e+00 0.00000000e+00]
 [2.22546858e+02 2.22752189e+02 2.21600536e+02 2.22100479e+02 2.98660000e+06 0.00000000e+00 0.00000000e+00 0.00000000e+00]
 [2.23528940e+02 2.25296598e+02 2.23493222e+02 2.24975204e+02 5.98050000e+06 0.00000000e+00 0.00000000e+00 0.00000000e+00]
 [2.25707294e+02 2.26457208e+02 2.25323401e+02 2.25653717e+02 3.56910000e+06 0.00000000e+00 0.00000000e+00 0.00000000e+00]
 [2.24662712e+02 2.26189336e+02 2.23930657e+02 2.25153732e+02 3.24780000e+06 0.00000000e+00 0.00000000e+00 0.00000000e+00]
 [2.26787456e+02 2.27653433e+02 2.26591048e+02 2.27635574e+02 2.80660000e+06 0.00000000e+00 0.00000000e+00 0.00000000e+00]
 [2.26894605e+02 2.28626559e+02 2.26894605e+02 2.28028412e+02 2.50930000e+06 0.00000000e+00 0.00000000e+00 0.00000000e+00]
 [2.28019500e+02 2.28885477e+02 2.27555262e+02 2.28555161e+02 2.15630000e+06 0.00000000e+00 0.00000000e+00 0.00000000e+00]
 [2.27948058e+02 2.28224811e+02 2.26796392e+02 2.27724869e+02 2.02000000e+06 0.00000000e+00 0.00000000e+00 0.00000000e+00]
 [2.28269437e+02 2.29269322e+02 2.28055170e+02 2.29090759e+02 2.11940000e+06 0.00000000e+00 0.00000000e+00 0.00000000e+00]
 [2.30412109e+02 2.30876334e+02 2.29331879e+02 2.29430069e+02 2.94130000e+06 0.00000000e+00 0.00000000e+00 0.00000000e+00]
 [2.29037263e+02 2.30010394e+02 2.28912291e+02 2.29260452e+02 4.62960000e+06 0.00000000e+00 0.00000000e+00 0.00000000e+00]
 [2.28599782e+02 2.29456822e+02 2.27742741e+02 2.29144379e+02 2.13640000e+06 0.00000000e+00 0.00000000e+00 0.00000000e+00]
 [2.28921190e+02 2.29331851e+02 2.28412311e+02 2.28608719e+02 2.20700000e+06 0.00000000e+00 0.00000000e+00 0.00000000e+00]
 [2.30162071e+02 2.30519169e+02 2.28840779e+02 2.30179916e+02 2.86700000e+06 0.00000000e+00 0.00000000e+00 0.00000000e+00]
 [2.31108411e+02 2.31313755e+02 2.27198138e+02 2.29296112e+02 3.38420000e+06 0.00000000e+00 0.00000000e+00 0.00000000e+00]
 [2.29430061e+02 2.29590778e+02 2.28510534e+02 2.29028336e+02 2.47590000e+06 0.00000000e+00 0.00000000e+00 0.00000000e+00]
 [2.29099740e+02 2.29099740e+02 2.27296377e+02 2.27564194e+02 2.51490000e+06 0.00000000e+00 0.00000000e+00 0.00000000e+00]
 [2.27189227e+02 2.27296367e+02 2.24930548e+02 2.25734039e+02 6.44120000e+06 0.00000000e+00 0.00000000e+00 0.00000000e+00]
 [2.23975252e+02 2.25376875e+02 2.23493154e+02 2.25278671e+02 4.52230000e+06 0.00000000e+00 0.00000000e+00 0.00000000e+00]
 [2.25903670e+02 2.28653368e+02 2.25885824e+02 2.28564087e+02 1.88420000e+06 0.00000000e+00 0.00000000e+00 0.00000000e+00]
 [2.29010461e+02 2.29849656e+02 2.28876553e+02 2.29376495e+02 2.27190000e+06 0.00000000e+00 0.00000000e+00 0.00000000e+00]
 [2.30188913e+02 2.31751241e+02 2.30055005e+02 2.30938828e+02 1.97430000e+06 0.00000000e+00 0.00000000e+00 0.00000000e+00]
 [2.30938789e+02 2.31331605e+02 2.30367438e+02 2.30858444e+02 1.55750000e+06 0.00000000e+00 0.00000000e+00 0.00000000e+00]
 [2.31242317e+02 2.32626109e+02 2.31108409e+02 2.31983322e+02 3.15120000e+06 0.00000000e+00 0.00000000e+00 0.00000000e+00]
 [2.32117248e+02 2.33001070e+02 2.31911904e+02 2.32813599e+02 1.83000000e+06 0.00000000e+00 0.00000000e+00 0.00000000e+00]
 [2.33733126e+02 2.34429477e+02 2.32010109e+02 2.32884995e+02 4.06180000e+06 0.00000000e+00 0.00000000e+00 0.00000000e+00]
 [2.32599376e+02 2.33697452e+02 2.31081675e+02 2.32054779e+02 3.41520000e+06 0.00000000e+00 0.00000000e+00 0.00000000e+00]
 [2.31341042e+02 2.35093774e+02 2.31341042e+02 2.34707733e+02 2.96830000e+06 1.45500000e+00 0.00000000e+00 0.00000000e+00]
 [2.33486743e+02 2.33971526e+02 2.30164930e+02 2.30245728e+02 4.31740000e+06 0.00000000e+00 0.00000000e+00 0.00000000e+00]
 [2.29913543e+02 2.30981908e+02 2.28890069e+02 2.30039246e+02 2.89360000e+06 0.00000000e+00 0.00000000e+00 0.00000000e+00]
 [2.31637341e+02 2.32633868e+02 2.30488178e+02 2.31700165e+02 3.17760000e+06 0.00000000e+00 0.00000000e+00 0.00000000e+00]
 [2.31762963e+02 2.32283694e+02 2.29141435e+02 2.30622787e+02 2.71430000e+06 0.00000000e+00 0.00000000e+00 0.00000000e+00]
 [2.31134528e+02 2.31825812e+02 2.30075122e+02 2.31520569e+02 1.71670000e+06 0.00000000e+00 0.00000000e+00 0.00000000e+00]
 [2.32831297e+02 2.33172459e+02 2.31789864e+02 2.33010864e+02 2.83110000e+06 0.00000000e+00 0.00000000e+00 0.00000000e+00]
 [2.34734631e+02 2.35919713e+02 2.34492239e+02 2.35695267e+02 3.30390000e+06 0.00000000e+00 0.00000000e+00 0.00000000e+00]
 [2.35820983e+02 2.35982577e+02 2.35048874e+02 2.35776077e+02 1.51260000e+06 0.00000000e+00 0.00000000e+00 0.00000000e+00]
 [2.36898282e+02 2.37239445e+02 2.35578539e+02 2.36215958e+02 1.93390000e+06 0.00000000e+00 0.00000000e+00 0.00000000e+00]
 [2.36449425e+02 2.36979115e+02 2.35820993e+02 2.36781601e+02 1.73850000e+06 0.00000000e+00 0.00000000e+00 0.00000000e+00]
 [2.37392109e+02 2.37966677e+02 2.37122758e+02 2.37921799e+02 1.50500000e+06 0.00000000e+00 0.00000000e+00 0.00000000e+00]
 [2.37526750e+02 2.38191102e+02 2.36934209e+02 2.38128250e+02 1.72010000e+06 0.00000000e+00 0.00000000e+00 0.00000000e+00]
 [2.37212499e+02 2.37499797e+02 2.36377567e+02 2.36862350e+02 2.01690000e+06 0.00000000e+00 0.00000000e+00 0.00000000e+00]
 [2.37239462e+02 2.37769151e+02 2.36880353e+02 2.37679367e+02 2.99060000e+06 0.00000000e+00 0.00000000e+00 0.00000000e+00]
 [2.38128292e+02 2.38128292e+02 2.37095845e+02 2.37634521e+02 1.56770000e+06 0.00000000e+00 0.00000000e+00 0.00000000e+00]
 [2.39106827e+02 2.39501854e+02 2.38478394e+02 2.39241516e+02 1.90340000e+06 0.00000000e+00 0.00000000e+00 0.00000000e+00]
 [2.39322345e+02 2.39385196e+02 2.38334777e+02 2.39079926e+02 1.58450000e+06 0.00000000e+00 0.00000000e+00 0.00000000e+00]
 [2.39887950e+02 2.39923842e+02 2.38684895e+02 2.39250504e+02 2.44770000e+06 0.00000000e+00 0.00000000e+00 0.00000000e+00]
 [2.40238069e+02 2.40256015e+02 2.38271919e+02 2.38666946e+02 1.87240000e+06 0.00000000e+00 0.00000000e+00 0.00000000e+00]
 [2.39205598e+02 2.39349247e+02 2.37984597e+02 2.39115814e+02 2.78890000e+06 0.00000000e+00 0.00000000e+00 0.00000000e+00]
 [2.38415540e+02 2.39447986e+02 2.38334743e+02 2.39349243e+02 1.12650000e+06 0.00000000e+00 0.00000000e+00 0.00000000e+00]
 [2.39672420e+02 2.41674489e+02 2.39447974e+02 2.41414124e+02 2.61830000e+06 0.00000000e+00 0.00000000e+00 0.00000000e+00]
 [2.41405174e+02 2.41692444e+02 2.40812633e+02 2.40938309e+02 1.39340000e+06 0.00000000e+00 0.00000000e+00 0.00000000e+00]
 [2.40857528e+02 2.41396204e+02 2.39690419e+02 2.40848541e+02 1.23740000e+06 0.00000000e+00 0.00000000e+00 0.00000000e+00]
 [2.40857552e+02 2.41988769e+02 2.40121363e+02 2.41952850e+02 2.17260000e+06 0.00000000e+00 0.00000000e+00 0.00000000e+00]
 [2.42006693e+02 2.42769815e+02 2.41916910e+02 2.42258072e+02 1.89250000e+06 0.00000000e+00 0.00000000e+00 0.00000000e+00]
 [2.42006753e+02 2.42680091e+02 2.40704954e+02 2.42410767e+02 2.02460000e+06 0.00000000e+00 0.00000000e+00 0.00000000e+00]
 [2.43012180e+02 2.43182761e+02 2.40606125e+02 2.40642044e+02 2.66940000e+06 0.00000000e+00 0.00000000e+00 0.00000000e+00]
 [2.40498466e+02 2.41324412e+02 2.38747776e+02 2.40166290e+02 3.00900000e+06 0.00000000e+00 0.00000000e+00 0.00000000e+00]
 [2.41432152e+02 2.42689044e+02 2.41234638e+02 2.42446625e+02 1.96900000e+06 0.00000000e+00 0.00000000e+00 0.00000000e+00]
 [2.38496311e+02 2.41827082e+02 2.38191067e+02 2.41485947e+02 3.96690000e+06 0.00000000e+00 0.00000000e+00 0.00000000e+00]
 [2.39241502e+02 2.39780151e+02 2.35650366e+02 2.37571609e+02 4.75250000e+06 0.00000000e+00 0.00000000e+00 0.00000000e+00]
 [2.37140701e+02 2.38648972e+02 2.36539174e+02 2.37104782e+02 2.66250000e+06 0.00000000e+00 0.00000000e+00 0.00000000e+00]
 [2.35165610e+02 2.36871395e+02 2.33603474e+02 2.36377625e+02 3.09480000e+06 0.00000000e+00 0.00000000e+00 0.00000000e+00]
 [2.35551597e+02 2.38253935e+02 2.32768461e+02 2.37481827e+02 3.13190000e+06 0.00000000e+00 0.00000000e+00 0.00000000e+00]
 [2.32858270e+02 2.33729122e+02 2.30793378e+02 2.31655243e+02 5.54820000e+06 0.00000000e+00 0.00000000e+00 0.00000000e+00]
 [2.32517128e+02 2.35057872e+02 2.32382465e+02 2.33666290e+02 4.70260000e+06 0.00000000e+00 0.00000000e+00 0.00000000e+00]
 [2.32193912e+02 2.35623454e+02 2.31987412e+02 2.35048859e+02 2.44410000e+06 0.00000000e+00 0.00000000e+00 0.00000000e+00]
 [2.35641417e+02 2.38451485e+02 2.35623471e+02 2.37203552e+02 3.22150000e+06 0.00000000e+00 0.00000000e+00 0.00000000e+00]
 [2.35120712e+02 2.37930753e+02 2.35093752e+02 2.35767090e+02 2.71950000e+06 0.00000000e+00 0.00000000e+00 0.00000000e+00]
 [2.34231891e+02 2.35318202e+02 2.33441836e+02 2.34160080e+02 2.76260000e+06 0.00000000e+00 0.00000000e+00 0.00000000e+00]
 [2.35668325e+02 2.36575096e+02 2.35443879e+02 2.36144150e+02 2.76050000e+06 0.00000000e+00 0.00000000e+00 0.00000000e+00]
 [2.35327191e+02 2.36377611e+02 2.35102745e+02 2.35497772e+02 3.42150000e+06 0.00000000e+00 0.00000000e+00 0.00000000e+00]
 [2.33495713e+02 2.33513686e+02 2.31341036e+02 2.32741577e+02 3.81320000e+06 0.00000000e+00 0.00000000e+00 0.00000000e+00]
 [2.33962540e+02 2.34312662e+02 2.32579945e+02 2.33145554e+02 1.83310000e+06 0.00000000e+00 0.00000000e+00 0.00000000e+00]
 [2.33387940e+02 2.34285724e+02 2.30990872e+02 2.31053696e+02 2.56590000e+06 0.00000000e+00 0.00000000e+00 0.00000000e+00]
 [2.29949441e+02 2.30299563e+02 2.28126941e+02 2.29464630e+02 4.59350000e+06 0.00000000e+00 0.00000000e+00 0.00000000e+00]
 [2.30084120e+02 2.30892120e+02 2.29060647e+02 2.30102066e+02 2.97720000e+06 0.00000000e+00 0.00000000e+00 0.00000000e+00]
 [2.27705015e+02 2.28477110e+02 2.26932920e+02 2.27022690e+02 3.69860000e+06 0.00000000e+00 0.00000000e+00 0.00000000e+00]
 [2.26986737e+02 2.28001237e+02 2.25137304e+02 2.26349304e+02 3.82560000e+06 0.00000000e+00 0.00000000e+00 0.00000000e+00]
 [2.28468114e+02 2.31412859e+02 2.28064114e+02 2.31332062e+02 3.53630000e+06 0.00000000e+00 0.00000000e+00 0.00000000e+00]
 [2.32741553e+02 2.33316148e+02 2.31107606e+02 2.33289215e+02 2.64650000e+06 0.00000000e+00 0.00000000e+00 0.00000000e+00]
 [2.33576498e+02 2.35452863e+02 2.32983957e+02 2.34806458e+02 2.27750000e+06 0.00000000e+00 0.00000000e+00 0.00000000e+00]
 [2.35776050e+02 2.38173145e+02 2.35623442e+02 2.37149658e+02 1.87740000e+06 0.00000000e+00 0.00000000e+00 0.00000000e+00]
 [2.38595161e+02 2.39798189e+02 2.38182161e+02 2.38262985e+02 2.84590000e+06 0.00000000e+00 0.00000000e+00 0.00000000e+00]
 [2.39932804e+02 2.40291912e+02 2.37634479e+02 2.38218033e+02 1.89450000e+06 0.00000000e+00 0.00000000e+00 0.00000000e+00]
 [2.38020513e+02 2.38541243e+02 2.37338188e+02 2.37769135e+02 1.71190000e+06 0.00000000e+00 0.00000000e+00 0.00000000e+00]
 [2.38649042e+02 2.39133826e+02 2.38011596e+02 2.38828583e+02 1.81370000e+06 0.00000000e+00 0.00000000e+00 0.00000000e+00]
 [2.38550234e+02 2.39070964e+02 2.37832018e+02 2.38469437e+02 1.20330000e+06 0.00000000e+00 0.00000000e+00 0.00000000e+00]
 [2.38756683e+02 2.39313305e+02 2.38469386e+02 2.38684845e+02 1.78250000e+06 0.00000000e+00 0.00000000e+00 0.00000000e+00]
 [2.40291841e+02 2.42096396e+02 2.39977611e+02 2.41063950e+02 2.34070000e+06 0.00000000e+00 0.00000000e+00 0.00000000e+00]
 [2.41270531e+02 2.42150369e+02 2.40390720e+02 2.41701477e+02 1.68450000e+06 0.00000000e+00 0.00000000e+00 0.00000000e+00]
 [2.44143483e+02 2.44367929e+02 2.42159387e+02 2.43954956e+02 3.28810000e+06 0.00000000e+00 0.00000000e+00 0.00000000e+00]
 [2.43775348e+02 2.44906564e+02 2.43452158e+02 2.43667618e+02 2.22600000e+06 0.00000000e+00 0.00000000e+00 0.00000000e+00]
 [2.43829203e+02 2.44125487e+02 2.43209730e+02 2.43353378e+02 3.51840000e+06 0.00000000e+00 0.00000000e+00 0.00000000e+00]
 [2.43389208e+02 2.43416141e+02 2.40848465e+02 2.40947235e+02 2.28710000e+06 0.00000000e+00 0.00000000e+00 0.00000000e+00]
 [2.41773276e+02 2.42240142e+02 2.40624114e+02 2.40713898e+02 2.98870000e+06 0.00000000e+00 0.00000000e+00 0.00000000e+00]
 [2.41396162e+02 2.42027888e+02 2.41107400e+02 2.41558624e+02 2.05460000e+06 1.38600000e+00 0.00000000e+00 0.00000000e+00]
 [2.42488110e+02 2.43255170e+02 2.42018819e+02 2.42894196e+02 2.88330000e+06 0.00000000e+00 0.00000000e+00 0.00000000e+00]
 [2.45881304e+02 2.46052771e+02 2.43932010e+02 2.44960815e+02 4.49790000e+06 0.00000000e+00 0.00000000e+00 0.00000000e+00]
 [2.44987882e+02 2.45691791e+02 2.44220794e+02 2.45673752e+02 3.04070000e+06 0.00000000e+00 0.00000000e+00 0.00000000e+00]
 [2.46287388e+02 2.47604956e+02 2.46152027e+02 2.47559845e+02 2.33580000e+06 0.00000000e+00 0.00000000e+00 0.00000000e+00]
 [2.46495028e+02 2.47496734e+02 2.45339867e+02 2.47244049e+02 3.36250000e+06 0.00000000e+00 0.00000000e+00 0.00000000e+00]
 [2.46179112e+02 2.46422764e+02 2.45493242e+02 2.46007645e+02 3.13180000e+06 0.00000000e+00 0.00000000e+00 0.00000000e+00]
 [2.44924689e+02 2.46567153e+02 2.44870544e+02 2.46314468e+02 2.53290000e+06 0.00000000e+00 0.00000000e+00 0.00000000e+00]
 [2.47289119e+02 2.48344997e+02 2.46783750e+02 2.47460587e+02 2.85320000e+06 0.00000000e+00 0.00000000e+00 0.00000000e+00]
 [2.48056181e+02 2.48272760e+02 2.47135692e+02 2.47956924e+02 2.24940000e+06 0.00000000e+00 0.00000000e+00 0.00000000e+00]
 [2.48525480e+02 2.49247428e+02 2.48227656e+02 2.49175217e+02 2.93230000e+06 0.00000000e+00 0.00000000e+00 0.00000000e+00]
 [2.49554281e+02 2.49572320e+02 2.48814266e+02 2.49238419e+02 1.46620000e+06 0.00000000e+00 0.00000000e+00 0.00000000e+00]
 [2.49184339e+02 2.49319701e+02 2.48164567e+02 2.48426285e+02 1.56400000e+06 0.00000000e+00 0.00000000e+00 0.00000000e+00]
 [2.48426223e+02 2.48534513e+02 2.46747681e+02 2.46747681e+02 1.75810000e+06 0.00000000e+00 0.00000000e+00 0.00000000e+00]
 [2.46287379e+02 2.47983987e+02 2.45890299e+02 2.47650085e+02 3.46110000e+06 0.00000000e+00 0.00000000e+00 0.00000000e+00]
 [2.48642775e+02 2.48660842e+02 2.46097889e+02 2.46323502e+02 2.31940000e+06 0.00000000e+00 0.00000000e+00 0.00000000e+00]
 [2.46657423e+02 2.47370338e+02 2.46179126e+02 2.46919113e+02 1.30410000e+06 0.00000000e+00 0.00000000e+00 0.00000000e+00]
 [2.47911813e+02 2.48624756e+02 2.47171826e+02 2.48615723e+02 1.75300000e+06 0.00000000e+00 0.00000000e+00 0.00000000e+00]
 [2.47975027e+02 2.49788959e+02 2.47875771e+02 2.49761887e+02 1.66990000e+06 0.00000000e+00 0.00000000e+00 0.00000000e+00]
 [2.49445952e+02 2.49445952e+02 2.47884705e+02 2.48543503e+02 1.87420000e+06 0.00000000e+00 0.00000000e+00 0.00000000e+00]
 [2.49256512e+02 2.50474797e+02 2.49166262e+02 2.50321396e+02 1.79690000e+06 0.00000000e+00 0.00000000e+00 0.00000000e+00]
 [2.50185919e+02 2.50221997e+02 2.49310542e+02 2.49870056e+02 2.92590000e+06 0.00000000e+00 0.00000000e+00 0.00000000e+00]
 [2.48579615e+02 2.49581320e+02 2.48209607e+02 2.49265457e+02 1.75110000e+06 0.00000000e+00 0.00000000e+00 0.00000000e+00]
 [2.49427928e+02 2.49626440e+02 2.44626892e+02 2.46440796e+02 4.91000000e+06 0.00000000e+00 0.00000000e+00 0.00000000e+00]
 [2.46621311e+02 2.49328659e+02 2.43607134e+02 2.44374222e+02 6.92100000e+06 0.00000000e+00 0.00000000e+00 0.00000000e+00]
 [2.43562017e+02 2.43733457e+02 2.41089288e+02 2.42587357e+02 5.31040000e+06 0.00000000e+00 0.00000000e+00 0.00000000e+00]
 [2.38760978e+02 2.38860234e+02 2.33463606e+02 2.35430939e+02 7.35400000e+06 0.00000000e+00 0.00000000e+00 0.00000000e+00]
 [2.36919985e+02 2.38670739e+02 2.35593383e+02 2.38463165e+02 4.36680000e+06 0.00000000e+00 0.00000000e+00 0.00000000e+00]
 [2.35683663e+02 2.39356638e+02 2.33725335e+02 2.38625656e+02 4.26120000e+06 0.00000000e+00 0.00000000e+00 0.00000000e+00]
 [2.40051531e+02 2.43291321e+02 2.39510056e+02 2.43282288e+02 3.61880000e+06 0.00000000e+00 0.00000000e+00 0.00000000e+00]
 [2.42506197e+02 2.43020600e+02 2.40051534e+02 2.41585709e+02 2.61630000e+06 0.00000000e+00 0.00000000e+00 0.00000000e+00]
 [2.40268076e+02 2.40764440e+02 2.37858552e+02 2.38751968e+02 2.10450000e+06 0.00000000e+00 0.00000000e+00 0.00000000e+00]
 [2.38445119e+02 2.43751525e+02 2.38165362e+02 2.42451996e+02 3.40230000e+06 0.00000000e+00 0.00000000e+00 0.00000000e+00]
 [2.38751947e+02 2.39284389e+02 2.35151184e+02 2.35151184e+02 4.35480000e+06 0.00000000e+00 0.00000000e+00 0.00000000e+00]
 [2.36098781e+02 2.36685368e+02 2.34041198e+02 2.35891235e+02 2.77520000e+06 0.00000000e+00 0.00000000e+00 0.00000000e+00]
 [2.37407289e+02 2.39762668e+02 2.37362150e+02 2.39347549e+02 2.43270000e+06 0.00000000e+00 0.00000000e+00 0.00000000e+00]
 [2.42181280e+02 2.42885216e+02 2.41531542e+02 2.42289597e+02 1.43080000e+06 0.00000000e+00 0.00000000e+00 0.00000000e+00]
 [2.41838361e+02 2.42298591e+02 2.40313219e+02 2.40412476e+02 1.86500000e+06 0.00000000e+00 0.00000000e+00 0.00000000e+00]
 [2.42379840e+02 2.42695703e+02 2.41784248e+02 2.42361801e+02 2.00740000e+06 0.00000000e+00 0.00000000e+00 0.00000000e+00]
 [2.43011530e+02 2.43580077e+02 2.40683223e+02 2.42271515e+02 1.88370000e+06 0.00000000e+00 0.00000000e+00 0.00000000e+00]
 [2.41125410e+02 2.42614446e+02 2.34934594e+02 2.36053650e+02 4.18420000e+06 0.00000000e+00 0.00000000e+00 0.00000000e+00]
 [2.38075111e+02 2.38670731e+02 2.36685331e+02 2.38670731e+02 2.26000000e+06 0.00000000e+00 0.00000000e+00 0.00000000e+00]
 [2.39979310e+02 2.40286140e+02 2.37082428e+02 2.37732193e+02 2.49040000e+06 0.00000000e+00 0.00000000e+00 0.00000000e+00]
 [2.37100502e+02 2.39555165e+02 2.36441704e+02 2.39383698e+02 3.12400000e+06 0.00000000e+00 0.00000000e+00 0.00000000e+00]
 [2.41775198e+02 2.42966438e+02 2.40863716e+02 2.42497147e+02 3.12870000e+06 0.00000000e+00 0.00000000e+00 0.00000000e+00]
 [2.43796582e+02 2.43850726e+02 2.41549492e+02 2.42397797e+02 4.20920000e+06 0.00000000e+00 0.00000000e+00 0.00000000e+00]
 [2.40800507e+02 2.41675884e+02 2.39762696e+02 2.41053192e+02 3.36850000e+06 0.00000000e+00 0.00000000e+00 0.00000000e+00]
 [2.42984497e+02 2.43715479e+02 2.42289621e+02 2.43634262e+02 1.48610000e+06 0.00000000e+00 0.00000000e+00 0.00000000e+00]
 [2.45980626e+02 2.47668202e+02 2.45881342e+02 2.46856003e+02 1.75580000e+06 0.00000000e+00 0.00000000e+00 0.00000000e+00]
 [2.47207875e+02 2.47623021e+02 2.46540071e+02 2.47036407e+02 1.89080000e+06 0.00000000e+00 0.00000000e+00 0.00000000e+00]
 [2.47993087e+02 2.48020159e+02 2.46332583e+02 2.47099670e+02 2.15850000e+06 0.00000000e+00 0.00000000e+00 0.00000000e+00]
 [2.46467953e+02 2.47162857e+02 2.45348925e+02 2.47153824e+02 1.87040000e+06 0.00000000e+00 0.00000000e+00 0.00000000e+00]
 [2.47406423e+02 2.48931564e+02 2.46819837e+02 2.48931564e+02 2.08030000e+06 0.00000000e+00 0.00000000e+00 0.00000000e+00]
 [2.49716727e+02 2.50700394e+02 2.49021851e+02 2.49662582e+02 2.43370000e+06 0.00000000e+00 0.00000000e+00 0.00000000e+00]
 [2.50167958e+02 2.50465782e+02 2.49211364e+02 2.49599411e+02 2.29200000e+06 0.00000000e+00 0.00000000e+00 0.00000000e+00]
 [2.48516480e+02 2.49166245e+02 2.48209651e+02 2.48778198e+02 1.43240000e+06 0.00000000e+00 0.00000000e+00 0.00000000e+00]
 [2.48588585e+02 2.49509101e+02 2.48480296e+02 2.49454956e+02 1.78920000e+06 0.00000000e+00 0.00000000e+00 0.00000000e+00]
 [2.49076018e+02 2.49689677e+02 2.47226008e+02 2.49608459e+02 2.02870000e+06 0.00000000e+00 0.00000000e+00 0.00000000e+00]
 [2.49978412e+02 2.50862823e+02 2.49283537e+02 2.49554260e+02 2.26790000e+06 0.00000000e+00 0.00000000e+00 0.00000000e+00]
 [2.50140957e+02 2.50348530e+02 2.47722399e+02 2.48218735e+02 2.05270000e+06 0.00000000e+00 0.00000000e+00 0.00000000e+00]
 [2.47803535e+02 2.48985741e+02 2.47568889e+02 2.48390121e+02 1.28640000e+06 0.00000000e+00 0.00000000e+00 0.00000000e+00]
 [2.49355699e+02 2.49689601e+02 2.45520290e+02 2.46332489e+02 5.12490000e+06 0.00000000e+00 0.00000000e+00 0.00000000e+00]
 [2.46440726e+02 2.48245624e+02 2.45105120e+02 2.47839539e+02 2.64920000e+06 0.00000000e+00 0.00000000e+00 0.00000000e+00]
 [2.47849620e+02 2.48040029e+02 2.46045207e+02 2.47350922e+02 2.35500000e+06 1.30100000e+00 0.00000000e+00 0.00000000e+00]
 [2.48049094e+02 2.48076296e+02 2.44567198e+02 2.45963593e+02 2.83650000e+06 0.00000000e+00 0.00000000e+00 0.00000000e+00]
 [2.46471405e+02 2.47786169e+02 2.46444204e+02 2.47178665e+02 2.73520000e+06 0.00000000e+00 0.00000000e+00 0.00000000e+00]
 [2.47940267e+02 2.48520569e+02 2.43995922e+02 2.44204483e+02 3.69600000e+06 0.00000000e+00 0.00000000e+00 0.00000000e+00]
 [2.42762762e+02 2.42762762e+02 2.38700536e+02 2.39897446e+02 4.46350000e+06 0.00000000e+00 0.00000000e+00 0.00000000e+00]
 [2.39697936e+02 2.41855992e+02 2.37195312e+02 2.41801590e+02 2.98880000e+06 0.00000000e+00 0.00000000e+00 0.00000000e+00]
 [2.42508816e+02 2.45328778e+02 2.42427184e+02 2.45156494e+02 1.90780000e+06 0.00000000e+00 0.00000000e+00 0.00000000e+00]
 [2.44422087e+02 2.45872884e+02 2.43823632e+02 2.44104721e+02 1.82190000e+06 0.00000000e+00 0.00000000e+00 0.00000000e+00]
 [2.42354689e+02 2.43025672e+02 2.40251035e+02 2.40314514e+02 2.15310000e+06 0.00000000e+00 0.00000000e+00 0.00000000e+00]
 [2.42137074e+02 2.43406511e+02 2.41547696e+02 2.42554169e+02 1.92120000e+06 0.00000000e+00 0.00000000e+00 0.00000000e+00]
 [2.42481674e+02 2.45002423e+02 2.42327515e+02 2.44204483e+02 1.55930000e+06 0.00000000e+00 0.00000000e+00 0.00000000e+00]
 [2.46725286e+02 2.48765462e+02 2.46580203e+02 2.46752487e+02 2.80650000e+06 0.00000000e+00 0.00000000e+00 0.00000000e+00]
 [2.46444168e+02 2.47042623e+02 2.46163080e+02 2.46525772e+02 1.21550000e+06 0.00000000e+00 0.00000000e+00 0.00000000e+00]
 [2.47423433e+02 2.49581489e+02 2.47332753e+02 2.48910507e+02 1.78380000e+06 0.00000000e+00 0.00000000e+00 0.00000000e+00]
 [2.48511490e+02 2.49109944e+02 2.48103444e+02 2.48520538e+02 1.15080000e+06 0.00000000e+00 0.00000000e+00 0.00000000e+00]
 [2.49572346e+02 2.50007593e+02 2.48620275e+02 2.49191528e+02 3.10060000e+06 0.00000000e+00 0.00000000e+00 0.00000000e+00]
 [2.48774435e+02 2.49327563e+02 2.47368991e+02 2.48166931e+02 1.15220000e+06 0.00000000e+00 0.00000000e+00 0.00000000e+00]
 [2.49400108e+02 2.50007639e+02 2.48964888e+02 2.49898834e+02 3.01750000e+06 0.00000000e+00 0.00000000e+00 0.00000000e+00]
 [2.50343065e+02 2.50560675e+02 2.48919470e+02 2.49019226e+02 1.60150000e+06 0.00000000e+00 0.00000000e+00 0.00000000e+00]
 [2.48819823e+02 2.49790046e+02 2.48611262e+02 2.49753769e+02 1.29650000e+06 0.00000000e+00 0.00000000e+00 0.00000000e+00]
 [2.50606039e+02 2.50723920e+02 2.49400053e+02 2.50161743e+02 2.22060000e+06 0.00000000e+00 0.00000000e+00 0.00000000e+00]
 [2.49654006e+02 2.51657932e+02 2.49608680e+02 2.51204559e+02 5.50090000e+06 0.00000000e+00 0.00000000e+00 0.00000000e+00]
 [2.52274489e+02 2.53045228e+02 2.52274489e+02 2.52664383e+02 1.79590000e+06 0.00000000e+00 0.00000000e+00 0.00000000e+00]
 [2.52365245e+02 2.53371719e+02 2.52238287e+02 2.52501251e+02 1.59920000e+06 0.00000000e+00 0.00000000e+00 0.00000000e+00]
 [2.52700712e+02 2.53607457e+02 2.51512878e+02 2.53389847e+02 1.81130000e+06 0.00000000e+00 0.00000000e+00 0.00000000e+00]
 [2.53299143e+02 2.53299143e+02 2.51304293e+02 2.52573730e+02 2.31210000e+06 0.00000000e+00 0.00000000e+00 0.00000000e+00]
 [2.53933860e+02 2.54985687e+02 2.53806930e+02 2.54976639e+02 2.36190000e+06 0.00000000e+00 0.00000000e+00 0.00000000e+00]
 [2.56418374e+02 2.56518103e+02 2.55665760e+02 2.55992203e+02 3.79750000e+06 0.00000000e+00 0.00000000e+00 0.00000000e+00]
 [2.56227857e+02 2.56445495e+02 2.55438994e+02 2.55665680e+02 2.99560000e+06 0.00000000e+00 0.00000000e+00 0.00000000e+00]
 [2.55738276e+02 2.56010289e+02 2.54904059e+02 2.55801727e+02 1.45720000e+06 0.00000000e+00 0.00000000e+00 0.00000000e+00]
 [2.57025801e+02 2.57724012e+02 2.56227862e+02 2.56708435e+02 2.68960000e+06 0.00000000e+00 0.00000000e+00 0.00000000e+00]
 [2.56373051e+02 2.57334198e+02 2.55702068e+02 2.57334198e+02 2.32870000e+06 0.00000000e+00 0.00000000e+00 0.00000000e+00]
 [2.56091912e+02 2.56944254e+02 2.55919628e+02 2.56835449e+02 1.12370000e+06 0.00000000e+00 0.00000000e+00 0.00000000e+00]
 [2.57134670e+02 2.58168372e+02 2.56635971e+02 2.57343231e+02 1.73760000e+06 0.00000000e+00 0.00000000e+00 0.00000000e+00]
 [2.56454662e+02 2.57805731e+02 2.56237052e+02 2.57452087e+02 1.72140000e+06 0.00000000e+00 0.00000000e+00 0.00000000e+00]
 [2.57189127e+02 2.57878235e+02 2.56599721e+02 2.57796631e+02 2.24400000e+06 0.00000000e+00 0.00000000e+00 0.00000000e+00]
 [2.59002533e+02 2.59718842e+02 2.58422203e+02 2.59718842e+02 1.89240000e+06 0.00000000e+00 0.00000000e+00 0.00000000e+00]
 [2.59492095e+02 2.60099626e+02 2.59065924e+02 2.59881989e+02 2.27850000e+06 0.00000000e+00 0.00000000e+00 0.00000000e+00]
 [2.60453372e+02 2.60453372e+02 2.59220212e+02 2.59755188e+02 3.21250000e+06 0.00000000e+00 0.00000000e+00 0.00000000e+00]
 [2.59247341e+02 2.59709789e+02 2.57415727e+02 2.58839294e+02 2.81630000e+06 0.00000000e+00 0.00000000e+00 0.00000000e+00]
 [2.58893710e+02 2.59002543e+02 2.57669627e+02 2.58440338e+02 2.30720000e+06 0.00000000e+00 0.00000000e+00 0.00000000e+00]
 [2.59102277e+02 2.59202005e+02 2.58059526e+02 2.59011597e+02 1.26650000e+06 0.00000000e+00 0.00000000e+00 0.00000000e+00]
 [2.59873018e+02 2.60997373e+02 2.59845817e+02 2.60979248e+02 2.04030000e+06 0.00000000e+00 0.00000000e+00 0.00000000e+00]
 [2.61060922e+02 2.61759106e+02 2.60752632e+02 2.61505219e+02 1.79570000e+06 0.00000000e+00 0.00000000e+00 0.00000000e+00]
 [2.62103610e+02 2.62756467e+02 2.61831598e+02 2.62738342e+02 1.63150000e+06 0.00000000e+00 0.00000000e+00 0.00000000e+00]
 [2.62275864e+02 2.62484425e+02 2.61577680e+02 2.61731812e+02 1.98850000e+06 0.00000000e+00 0.00000000e+00 0.00000000e+00]
 [2.62076436e+02 2.62076436e+02 2.59183918e+02 2.59601013e+02 4.41610000e+06 0.00000000e+00 0.00000000e+00 0.00000000e+00]
 [2.57080262e+02 2.57905403e+02 2.55792700e+02 2.57778473e+02 3.23600000e+06 0.00000000e+00 0.00000000e+00 0.00000000e+00]
 [2.58793945e+02 2.59963653e+02 2.58485656e+02 2.59428650e+02 3.18880000e+06 0.00000000e+00 0.00000000e+00 0.00000000e+00]
 [2.60081527e+02 2.60081527e+02 2.58685161e+02 2.59909271e+02 1.59720000e+06 0.00000000e+00 0.00000000e+00 0.00000000e+00]
 [2.61668429e+02 2.62638653e+02 2.61641228e+02 2.62221558e+02 1.60940000e+06 0.00000000e+00 0.00000000e+00 0.00000000e+00]
 [2.61931298e+02 2.62520676e+02 2.61387245e+02 2.61423523e+02 1.47890000e+06 0.00000000e+00 0.00000000e+00 0.00000000e+00]
 [2.61423491e+02 2.61994745e+02 2.60553025e+02 2.61178680e+02 1.82270000e+06 0.00000000e+00 0.00000000e+00 0.00000000e+00]
 [2.61550505e+02 2.62121731e+02 2.61214987e+02 2.61858795e+02 1.83540000e+06 0.00000000e+00 0.00000000e+00 0.00000000e+00]
 [2.61913247e+02 2.64860168e+02 2.61695610e+02 2.64161957e+02 3.27660000e+06 0.00000000e+00 0.00000000e+00 0.00000000e+00]
 [2.63944322e+02 2.65458598e+02 2.63227986e+02 2.64261688e+02 3.51960000e+06 0.00000000e+00 0.00000000e+00 0.00000000e+00]
 [2.65911968e+02 2.66682679e+02 2.65875690e+02 2.66129578e+02 3.14190000e+06 0.00000000e+00 0.00000000e+00 0.00000000e+00]
 [2.66573823e+02 2.66755183e+02 2.66129527e+02 2.66183929e+02 3.65820000e+06 0.00000000e+00 0.00000000e+00 0.00000000e+00]
 [2.66601057e+02 2.66782417e+02 2.66193039e+02 2.66202087e+02 3.29440000e+06 0.00000000e+00 0.00000000e+00 0.00000000e+00]
 [2.66383480e+02 2.67380905e+02 2.66356279e+02 2.67308350e+02 2.33160000e+06 0.00000000e+00 0.00000000e+00 0.00000000e+00]
 [2.68296716e+02 2.69085580e+02 2.68196960e+02 2.68668457e+02 4.98560000e+06 0.00000000e+00 0.00000000e+00 0.00000000e+00]
 [2.69232457e+02 2.69268910e+02 2.68776887e+02 2.68931793e+02 2.32520000e+06 1.42900000e+00 0.00000000e+00 0.00000000e+00]
 [2.69114004e+02 2.69150458e+02 2.68649342e+02 2.68931793e+02 1.30590000e+06 0.00000000e+00 0.00000000e+00 0.00000000e+00]
 [2.69296208e+02 2.70325799e+02 2.69259755e+02 2.70307587e+02 2.39030000e+06 0.00000000e+00 0.00000000e+00 0.00000000e+00]
 [2.71072940e+02 2.71072940e+02 2.69833777e+02 2.70307587e+02 2.22540000e+06 0.00000000e+00 0.00000000e+00 0.00000000e+00]
 [2.70380458e+02 2.70462457e+02 2.68339516e+02 2.68822418e+02 2.34540000e+06 0.00000000e+00 0.00000000e+00 0.00000000e+00]
 [2.68357786e+02 2.69688042e+02 2.68029790e+02 2.69514923e+02 2.51270000e+06 0.00000000e+00 0.00000000e+00 0.00000000e+00]
 [2.70872478e+02 2.71929402e+02 2.70006885e+02 2.71902069e+02 3.14240000e+06 0.00000000e+00 0.00000000e+00 0.00000000e+00]
 [2.68986481e+02 2.70936304e+02 2.68822482e+02 2.69915833e+02 3.24790000e+06 0.00000000e+00 0.00000000e+00 0.00000000e+00]
 [2.68257585e+02 2.70991002e+02 2.68193798e+02 2.70927216e+02 2.77710000e+06 0.00000000e+00 0.00000000e+00 0.00000000e+00]
 [2.70444292e+02 2.70854288e+02 2.69751817e+02 2.70180054e+02 2.25180000e+06 0.00000000e+00 0.00000000e+00 0.00000000e+00]
 [2.70343993e+02 2.72712959e+02 2.70125328e+02 2.71574036e+02 3.71950000e+06 0.00000000e+00 0.00000000e+00 0.00000000e+00]
 [2.73095629e+02 2.73514745e+02 2.72512486e+02 2.73450958e+02 2.16850000e+06 0.00000000e+00 0.00000000e+00 0.00000000e+00]
 [2.74015918e+02 2.74125250e+02 2.72239214e+02 2.72667450e+02 3.66680000e+06 0.00000000e+00 0.00000000e+00 0.00000000e+00]
 [2.73259664e+02 2.74544373e+02 2.72867881e+02 2.74471466e+02 2.72800000e+06 0.00000000e+00 0.00000000e+00 0.00000000e+00]
 [2.74152629e+02 2.75081981e+02 2.73633273e+02 2.74107056e+02 2.62010000e+06 0.00000000e+00 0.00000000e+00 0.00000000e+00]
 [2.74079690e+02 2.75437278e+02 2.73970358e+02 2.74717499e+02 2.82230000e+06 0.00000000e+00 0.00000000e+00 0.00000000e+00]
 [2.76020442e+02 2.77022701e+02 2.75810870e+02 2.77013580e+02 2.58260000e+06 0.00000000e+00 0.00000000e+00 0.00000000e+00]
 [2.77687727e+02 2.78079538e+02 2.77168399e+02 2.77951965e+02 2.21800000e+06 0.00000000e+00 0.00000000e+00 0.00000000e+00]
 [2.77059148e+02 2.78097859e+02 2.76986269e+02 2.77378052e+02 2.75790000e+06 0.00000000e+00 0.00000000e+00 0.00000000e+00]
 [2.78179797e+02 2.78735606e+02 2.77277779e+02 2.77450897e+02 2.76530000e+06 0.00000000e+00 0.00000000e+00 0.00000000e+00]
 [2.76840437e+02 2.77870029e+02 2.75765300e+02 2.77724243e+02 2.67310000e+06 0.00000000e+00 0.00000000e+00 0.00000000e+00]
 [2.78280058e+02 2.78371150e+02 2.74079694e+02 2.75191284e+02 3.44820000e+06 0.00000000e+00 0.00000000e+00 0.00000000e+00]
 [2.70462483e+02 2.72184549e+02 2.70107153e+02 2.70817841e+02 4.30200000e+06 0.00000000e+00 0.00000000e+00 0.00000000e+00]
 [2.72157216e+02 2.74453276e+02 2.71719859e+02 2.73751709e+02 3.56250000e+06 0.00000000e+00 0.00000000e+00 0.00000000e+00]
 [2.74963463e+02 2.75109248e+02 2.73268758e+02 2.73478302e+02 2.73940000e+06 0.00000000e+00 0.00000000e+00 0.00000000e+00]
 [2.71555936e+02 2.74517139e+02 2.70881675e+02 2.74334900e+02 4.43270000e+06 0.00000000e+00 0.00000000e+00 0.00000000e+00]
 [2.73742552e+02 2.73888337e+02 2.68530837e+02 2.69414642e+02 6.18470000e+06 0.00000000e+00 0.00000000e+00 0.00000000e+00]
 [2.70717606e+02 2.73041027e+02 2.70635606e+02 2.71373627e+02 3.20520000e+06 0.00000000e+00 0.00000000e+00 0.00000000e+00]
 [2.74708373e+02 2.76284653e+02 2.74398589e+02 2.75555725e+02 2.29280000e+06 0.00000000e+00 0.00000000e+00 0.00000000e+00]
 [2.78261729e+02 2.78881297e+02 2.76867688e+02 2.78671753e+02 3.04990000e+06 0.00000000e+00 0.00000000e+00 0.00000000e+00]
 [2.79537480e+02 2.79792598e+02 2.78635461e+02 2.79619507e+02 1.92550000e+06 0.00000000e+00 0.00000000e+00 0.00000000e+00]
 [2.78653567e+02 2.79346042e+02 2.77660429e+02 2.78197998e+02 2.24900000e+06 0.00000000e+00 0.00000000e+00 0.00000000e+00]
 [2.77341609e+02 2.80229904e+02 2.77305156e+02 2.80193451e+02 2.24690000e+06 0.00000000e+00 0.00000000e+00 0.00000000e+00]
 [2.81478148e+02 2.82170622e+02 2.80275438e+02 2.80703674e+02 2.43880000e+06 0.00000000e+00 0.00000000e+00 0.00000000e+00]
 [2.82052152e+02 2.82699052e+02 2.81696822e+02 2.82507721e+02 2.11580000e+06 0.00000000e+00 0.00000000e+00 0.00000000e+00]
 [2.81177481e+02 2.83109091e+02 2.80958789e+02 2.82234406e+02 2.04340000e+06 0.00000000e+00 0.00000000e+00 0.00000000e+00]
 [2.82553255e+02 2.82753706e+02 2.81541904e+02 2.82708160e+02 1.63700000e+06 0.00000000e+00 0.00000000e+00 0.00000000e+00]
 [2.81760628e+02 2.82289104e+02 2.80658157e+02 2.81933746e+02 3.00030000e+06 0.00000000e+00 0.00000000e+00 0.00000000e+00]
 [2.82835782e+02 2.83901799e+02 2.82562423e+02 2.83291351e+02 2.25750000e+06 0.00000000e+00 0.00000000e+00 0.00000000e+00]
 [2.82772044e+02 2.83537398e+02 2.79419059e+02 2.82179810e+02 4.61730000e+06 0.00000000e+00 0.00000000e+00 0.00000000e+00]
 [2.80904134e+02 2.81159251e+02 2.78462288e+02 2.79254974e+02 2.67800000e+06 0.00000000e+00 0.00000000e+00 0.00000000e+00]
 [2.70571854e+02 2.72776823e+02 2.68940935e+02 2.69915833e+02 7.09700000e+06 0.00000000e+00 0.00000000e+00 0.00000000e+00]
 [2.71273387e+02 2.71728956e+02 2.60913715e+02 2.61806641e+02 8.46580000e+06 0.00000000e+00 0.00000000e+00 0.00000000e+00]
 [2.62963778e+02 2.66307670e+02 2.60111937e+02 2.60649506e+02 1.02337000e+07 0.00000000e+00 0.00000000e+00 0.00000000e+00]
 [2.55638269e+02 2.59200826e+02 2.49068937e+02 2.49096298e+02 1.48970000e+07 0.00000000e+00 0.00000000e+00 0.00000000e+00]
 [2.41743414e+02 2.48668076e+02 2.38946210e+02 2.47592911e+02 2.31796000e+07 0.00000000e+00 0.00000000e+00 0.00000000e+00]
 [2.49651994e+02 2.58799834e+02 2.46453888e+02 2.58644928e+02 1.24286000e+07 0.00000000e+00 0.00000000e+00 0.00000000e+00]
 [2.59073183e+02 2.62699525e+02 2.49068869e+02 2.51510742e+02 9.80590000e+06 0.00000000e+00 0.00000000e+00 0.00000000e+00]
 [2.56239616e+02 2.62089113e+02 2.53934436e+02 2.61934235e+02 5.25390000e+06 0.00000000e+00 0.00000000e+00 0.00000000e+00]
 [2.55392201e+02 2.58225857e+02 2.51118957e+02 2.53159927e+02 6.22000000e+06 0.00000000e+00 0.00000000e+00 0.00000000e+00]
 [2.45387929e+02 2.50071168e+02 2.42909630e+02 2.48914032e+02 6.66910000e+06 0.00000000e+00 0.00000000e+00 0.00000000e+00]
 [2.31329086e+02 2.37798165e+02 2.28832561e+02 2.29707260e+02 1.64259000e+07 0.00000000e+00 0.00000000e+00 0.00000000e+00]
 [2.38447648e+02 2.41495972e+02 2.28854075e+02 2.41495972e+02 1.08791000e+07 1.17800000e+00 0.00000000e+00 0.00000000e+00]
 [2.34950781e+02 2.35921120e+02 2.26675409e+02 2.29522354e+02 1.14801000e+07 0.00000000e+00 0.00000000e+00 0.00000000e+00]
 [2.15067883e+02 2.23068612e+02 2.06710129e+02 2.07323456e+02 2.46693000e+07 0.00000000e+00 0.00000000e+00 0.00000000e+00]
 [2.20304049e+02 2.26821807e+02 2.08806424e+02 2.26693649e+02 1.95336000e+07 0.00000000e+00 0.00000000e+00 0.00000000e+00]
 [2.04000562e+02 2.14912324e+02 1.99688944e+02 2.00082581e+02 1.72715000e+07 0.00000000e+00 0.00000000e+00 0.00000000e+00]
 [2.04824389e+02 2.14161632e+02 1.98279168e+02 2.13182144e+02 1.51155000e+07 0.00000000e+00 0.00000000e+00 0.00000000e+00]
 [1.97803118e+02 2.05730625e+02 1.90690331e+02 2.01528854e+02 2.01775000e+07 0.00000000e+00 0.00000000e+00 0.00000000e+00]
 [1.99954371e+02 2.06884079e+02 1.94168948e+02 2.01702820e+02 1.24412000e+07 0.00000000e+00 0.00000000e+00 0.00000000e+00]
 [2.03954711e+02 2.05565838e+02 1.92283156e+02 1.92914795e+02 1.15332000e+07 0.00000000e+00 0.00000000e+00 0.00000000e+00]
 [1.91898728e+02 1.92951451e+02 1.83586746e+02 1.86992096e+02 1.41282000e+07 0.00000000e+00 0.00000000e+00 0.00000000e+00]
 [1.98086908e+02 2.05327853e+02 1.96658861e+02 2.04824371e+02 1.31608000e+07 0.00000000e+00 0.00000000e+00 0.00000000e+00]
 [2.05968675e+02 2.15589696e+02 2.01684533e+02 2.07451645e+02 1.18764000e+07 0.00000000e+00 0.00000000e+00 0.00000000e+00]
 [2.09877499e+02 2.21018113e+02 2.09493026e+02 2.19919617e+02 1.24111000e+07 0.00000000e+00 0.00000000e+00 0.00000000e+00]
 [2.13017364e+02 2.19370355e+02 2.11149921e+02 2.13163834e+02 1.11706000e+07 0.00000000e+00 0.00000000e+00 0.00000000e+00]
 [2.15049602e+02 2.20706882e+02 2.13264543e+02 2.20056931e+02 8.72780000e+06 0.00000000e+00 0.00000000e+00 0.00000000e+00]
 [2.19196415e+02 2.21475806e+02 2.15525601e+02 2.16788879e+02 1.03863000e+07 0.00000000e+00 0.00000000e+00 0.00000000e+00]
 [2.08641668e+02 2.11506926e+02 2.05172247e+02 2.07021378e+02 1.37101000e+07 0.00000000e+00 0.00000000e+00 0.00000000e+00]
 [2.06270729e+02 2.12541321e+02 2.05712324e+02 2.11863922e+02 6.54700000e+06 0.00000000e+00 0.00000000e+00 0.00000000e+00]
 [2.10939373e+02 2.13026535e+02 2.06279908e+02 2.08733231e+02 5.49020000e+06 0.00000000e+00 0.00000000e+00 0.00000000e+00]
 [2.16917043e+02 2.24551611e+02 2.15974151e+02 2.22931320e+02 7.62400000e+06 0.00000000e+00 0.00000000e+00 0.00000000e+00]
 [2.30611688e+02 2.31417259e+02 2.22867274e+02 2.23050354e+02 1.29366000e+07 0.00000000e+00 0.00000000e+00 0.00000000e+00]
 [2.25412112e+02 2.31646095e+02 2.23407348e+02 2.30620819e+02 6.95860000e+06 0.00000000e+00 0.00000000e+00 0.00000000e+00]
 [2.33540982e+02 2.36534411e+02 2.31728462e+02 2.34044464e+02 8.81260000e+06 0.00000000e+00 0.00000000e+00 0.00000000e+00]
 [2.33101612e+02 2.33385389e+02 2.28286528e+02 2.31774261e+02 7.66640000e+06 0.00000000e+00 0.00000000e+00 0.00000000e+00]
 [2.36397142e+02 2.39500417e+02 2.35454264e+02 2.38850479e+02 6.63110000e+06 0.00000000e+00 0.00000000e+00 0.00000000e+00]
 [2.33504363e+02 2.35170413e+02 2.31700992e+02 2.33650833e+02 4.88890000e+06 0.00000000e+00 0.00000000e+00 0.00000000e+00]
 [2.34813428e+02 2.35536587e+02 2.31966469e+02 2.34831726e+02 6.16570000e+06 0.00000000e+00 0.00000000e+00 0.00000000e+00]
 [2.40122836e+02 2.41669892e+02 2.37550519e+02 2.41312866e+02 6.73880000e+06 0.00000000e+00 0.00000000e+00 0.00000000e+00]
 [2.37687801e+02 2.40845998e+02 2.36708299e+02 2.36964615e+02 6.49870000e+06 0.00000000e+00 0.00000000e+00 0.00000000e+00]
 [2.32744601e+02 2.33879722e+02 2.28854082e+02 2.29723724e+02 6.52610000e+06 0.00000000e+00 0.00000000e+00 0.00000000e+00]
 [2.34190898e+02 2.36387905e+02 2.32955081e+02 2.34776764e+02 5.62680000e+06 0.00000000e+00 0.00000000e+00 0.00000000e+00]
 [2.35948540e+02 2.38832096e+02 2.34529656e+02 2.34731049e+02 7.66540000e+06 0.00000000e+00 0.00000000e+00 0.00000000e+00]
 [2.36177424e+02 2.38649060e+02 2.34291669e+02 2.38136429e+02 4.76820000e+06 0.00000000e+00 0.00000000e+00 0.00000000e+00]
 [2.39848216e+02 2.42502918e+02 2.39445431e+02 2.41578339e+02 3.89220000e+06 0.00000000e+00 0.00000000e+00 0.00000000e+00]
 [2.44855594e+02 2.45139371e+02 2.40113716e+02 2.40461578e+02 5.84950000e+06 0.00000000e+00 0.00000000e+00 0.00000000e+00]
 [2.45313272e+02 2.48077820e+02 2.44333770e+02 2.46658936e+02 6.77310000e+06 0.00000000e+00 0.00000000e+00 0.00000000e+00]
 [2.45404780e+02 2.45862489e+02 2.42795866e+02 2.44507690e+02 7.38660000e+06 0.00000000e+00 0.00000000e+00 0.00000000e+00]
 [2.39967263e+02 2.40617201e+02 2.36854825e+02 2.37843491e+02 4.79070000e+06 0.00000000e+00 0.00000000e+00 0.00000000e+00]
 [2.36104183e+02 2.38832105e+02 2.34831741e+02 2.38594116e+02 4.12890000e+06 0.00000000e+00 0.00000000e+00 0.00000000e+00]
 [2.41166431e+02 2.43326800e+02 2.40388322e+02 2.40791107e+02 4.43720000e+06 0.00000000e+00 0.00000000e+00 0.00000000e+00]
 [2.42319779e+02 2.42685940e+02 2.39051765e+02 2.39170746e+02 3.02140000e+06 0.00000000e+00 0.00000000e+00 0.00000000e+00]
 [2.42081909e+02 2.43775407e+02 2.41578413e+02 2.41999496e+02 3.41020000e+06 0.00000000e+00 0.00000000e+00 0.00000000e+00]
 [2.44901353e+02 2.46375188e+02 2.43848630e+02 2.46045624e+02 3.20110000e+06 0.00000000e+00 0.00000000e+00 0.00000000e+00]
 [2.44214803e+02 2.47345539e+02 2.43894401e+02 2.46082260e+02 3.46930000e+06 0.00000000e+00 0.00000000e+00 0.00000000e+00]
 [2.47144114e+02 2.47528573e+02 2.41056573e+02 2.41129822e+02 5.15990000e+06 0.00000000e+00 0.00000000e+00 0.00000000e+00]
 [2.40635487e+02 2.41578364e+02 2.34676117e+02 2.36854813e+02 5.61750000e+06 0.00000000e+00 0.00000000e+00 0.00000000e+00]
 [2.34648626e+02 2.39839048e+02 2.32488257e+02 2.39710876e+02 7.73760000e+06 0.00000000e+00 0.00000000e+00 0.00000000e+00]
 [2.37587150e+02 2.40855165e+02 2.36690032e+02 2.40791107e+02 3.38590000e+06 0.00000000e+00 0.00000000e+00 0.00000000e+00]
 [2.46539888e+02 2.49633999e+02 2.46301870e+02 2.48151001e+02 6.75920000e+06 0.00000000e+00 0.00000000e+00 0.00000000e+00]
 [2.47720742e+02 2.49222038e+02 2.45642757e+02 2.45807526e+02 4.92110000e+06 0.00000000e+00 0.00000000e+00 0.00000000e+00]
 [2.48920064e+02 2.50631888e+02 2.48709508e+02 2.49817154e+02 4.89620000e+06 0.00000000e+00 0.00000000e+00 0.00000000e+00]
 [2.49725534e+02 2.50448720e+02 2.47116620e+02 2.48022873e+02 3.58130000e+06 0.00000000e+00 0.00000000e+00 0.00000000e+00]
 [2.47858170e+02 2.48736962e+02 2.46704737e+02 2.48581329e+02 2.29640000e+06 0.00000000e+00 0.00000000e+00 0.00000000e+00]
 [2.54055485e+02 2.54247715e+02 2.51327535e+02 2.51776108e+02 4.91180000e+06 0.00000000e+00 0.00000000e+00 0.00000000e+00]
 [2.54284316e+02 2.55446884e+02 2.49780456e+02 2.55446884e+02 5.15240000e+06 0.00000000e+00 0.00000000e+00 0.00000000e+00]
 [2.56343991e+02 2.58183986e+02 2.54311766e+02 2.54943405e+02 4.63060000e+06 0.00000000e+00 0.00000000e+00 0.00000000e+00]
 [2.54513221e+02 2.56636993e+02 2.52069047e+02 2.56087738e+02 7.04930000e+06 0.00000000e+00 0.00000000e+00 0.00000000e+00]
 [2.55465274e+02 2.57680566e+02 2.55007565e+02 2.57204559e+02 3.88820000e+06 0.00000000e+00 0.00000000e+00 0.00000000e+00]
 [2.57955161e+02 2.59319122e+02 2.56737642e+02 2.59319122e+02 4.34390000e+06 0.00000000e+00 0.00000000e+00 0.00000000e+00]
 [2.61076701e+02 2.63575769e+02 2.60829520e+02 2.62742737e+02 5.56810000e+06 0.00000000e+00 0.00000000e+00 0.00000000e+00]
 [2.61809045e+02 2.63411024e+02 2.60161307e+02 2.62074524e+02 3.81860000e+06 0.00000000e+00 0.00000000e+00 0.00000000e+00]
 [2.66962884e+02 2.70395696e+02 2.66944558e+02 2.68775391e+02 6.01550000e+06 0.00000000e+00 0.00000000e+00 0.00000000e+00]
 [2.69525951e+02 2.72171517e+02 2.69022483e+02 2.72034210e+02 5.55970000e+06 0.00000000e+00 0.00000000e+00 0.00000000e+00]
 [2.69580898e+02 2.71320211e+02 2.68793653e+02 2.70102692e+02 4.68640000e+06 0.00000000e+00 0.00000000e+00 0.00000000e+00]
 [2.70532913e+02 2.71320186e+02 2.67841588e+02 2.68418304e+02 5.60260000e+06 0.00000000e+00 0.00000000e+00 0.00000000e+00]
 [2.62138589e+02 2.62651248e+02 2.52471796e+02 2.52947830e+02 7.74820000e+06 0.00000000e+00 0.00000000e+00 0.00000000e+00]
 [2.59383268e+02 2.60115590e+02 2.51281826e+02 2.55996216e+02 6.23220000e+06 0.00000000e+00 0.00000000e+00 0.00000000e+00]
 [2.50741548e+02 2.59383075e+02 2.49697960e+02 2.58330353e+02 4.43140000e+06 0.00000000e+00 0.00000000e+00 0.00000000e+00]
 [2.65516422e+02 2.65653756e+02 2.58907116e+02 2.63383514e+02 5.29500000e+06 0.00000000e+00 0.00000000e+00 0.00000000e+00]
 [2.64308198e+02 2.64573649e+02 2.61699256e+02 2.62175262e+02 2.66280000e+06 0.00000000e+00 0.00000000e+00 0.00000000e+00]
 [2.60866152e+02 2.62834292e+02 2.60481665e+02 2.62413208e+02 2.75630000e+06 0.00000000e+00 0.00000000e+00 0.00000000e+00]
 [2.65507286e+02 2.65717813e+02 2.59676090e+02 2.60866119e+02 3.47950000e+06 0.00000000e+00 0.00000000e+00 0.00000000e+00]
 [2.60298637e+02 2.62898417e+02 2.59300837e+02 2.62596313e+02 2.51800000e+06 0.00000000e+00 0.00000000e+00 0.00000000e+00]
 [2.65022195e+02 2.65864362e+02 2.63420216e+02 2.63786377e+02 2.50360000e+06 0.00000000e+00 0.00000000e+00 0.00000000e+00]
 [2.61882266e+02 2.62449847e+02 2.55373670e+02 2.57039734e+02 4.53230000e+06 0.00000000e+00 0.00000000e+00 0.00000000e+00]
 [2.56554558e+02 2.60069753e+02 2.54687101e+02 2.59758514e+02 3.89740000e+06 0.00000000e+00 0.00000000e+00 0.00000000e+00]
 [2.58806521e+02 2.58989615e+02 2.53130928e+02 2.53671021e+02 4.47900000e+06 0.00000000e+00 0.00000000e+00 0.00000000e+00]
 [2.54787145e+02 2.57391227e+02 2.52790354e+02 2.57372833e+02 3.46460000e+06 1.43300000e+00 0.00000000e+00 0.00000000e+00]
 [2.56995666e+02 2.62203860e+02 2.56866828e+02 2.60805176e+02 5.21570000e+06 0.00000000e+00 0.00000000e+00 0.00000000e+00]
 [2.61670035e+02 2.63639222e+02 2.61283578e+02 2.62590210e+02 3.71260000e+06 0.00000000e+00 0.00000000e+00 0.00000000e+00]
 [2.65709666e+02 2.66896671e+02 2.63335599e+02 2.63915314e+02 3.66110000e+06 0.00000000e+00 0.00000000e+00 0.00000000e+00]
 [2.67467141e+02 2.68304475e+02 2.66758588e+02 2.68010040e+02 3.57380000e+06 0.00000000e+00 0.00000000e+00 0.00000000e+00]
 [2.66547011e+02 2.68396543e+02 2.64909101e+02 2.65231140e+02 3.42030000e+06 0.00000000e+00 0.00000000e+00 0.00000000e+00]
 [2.65930502e+02 2.67356762e+02 2.64357011e+02 2.67200348e+02 2.43420000e+06 0.00000000e+00 0.00000000e+00 0.00000000e+00]
 [2.67789267e+02 2.68046915e+02 2.62627100e+02 2.65838501e+02 3.16460000e+06 0.00000000e+00 0.00000000e+00 0.00000000e+00]
 [2.65672802e+02 2.68700184e+02 2.64402957e+02 2.68506927e+02 2.71240000e+06 0.00000000e+00 0.00000000e+00 0.00000000e+00]
 [2.70623456e+02 2.72785872e+02 2.65571676e+02 2.66077789e+02 3.65790000e+06 0.00000000e+00 0.00000000e+00 0.00000000e+00]
 [2.64817117e+02 2.69905683e+02 2.63749711e+02 2.69638824e+02 4.05310000e+06 0.00000000e+00 0.00000000e+00 0.00000000e+00]
 [2.72546484e+02 2.73061780e+02 2.69933192e+02 2.72031189e+02 6.60140000e+06 0.00000000e+00 0.00000000e+00 0.00000000e+00]
 [2.70347328e+02 2.71552755e+02 2.69749220e+02 2.71239899e+02 3.08290000e+06 0.00000000e+00 0.00000000e+00 0.00000000e+00]
 [2.72114053e+02 2.72693768e+02 2.70301308e+02 2.71957611e+02 2.24600000e+06 0.00000000e+00 0.00000000e+00 0.00000000e+00]
 [2.71755193e+02 2.74837784e+02 2.71083484e+02 2.74221283e+02 2.53990000e+06 0.00000000e+00 0.00000000e+00 0.00000000e+00]
 [2.75923606e+02 2.76374511e+02 2.73899238e+02 2.74791809e+02 3.30550000e+06 0.00000000e+00 0.00000000e+00 0.00000000e+00]
 [2.74414524e+02 2.76567729e+02 2.74313290e+02 2.76356079e+02 4.12110000e+06 0.00000000e+00 0.00000000e+00 0.00000000e+00]
 [2.75987972e+02 2.76622894e+02 2.71801188e+02 2.73052612e+02 3.48710000e+06 0.00000000e+00 0.00000000e+00 0.00000000e+00]
 [2.71322706e+02 2.72196883e+02 2.69887236e+02 2.71285919e+02 2.85100000e+06 0.00000000e+00 0.00000000e+00 0.00000000e+00]
 [2.71893231e+02 2.73402303e+02 2.71212283e+02 2.73264282e+02 2.25330000e+06 0.00000000e+00 0.00000000e+00 0.00000000e+00]
 [2.72537370e+02 2.73595565e+02 2.71258341e+02 2.71571198e+02 3.13560000e+06 0.00000000e+00 0.00000000e+00 0.00000000e+00]
 [2.72371688e+02 2.75371466e+02 2.72279665e+02 2.74856171e+02 2.37080000e+06 0.00000000e+00 0.00000000e+00 0.00000000e+00]
 [2.72132488e+02 2.74267300e+02 2.70227748e+02 2.73853210e+02 2.95170000e+06 0.00000000e+00 0.00000000e+00 0.00000000e+00]
 [2.75546301e+02 2.76144409e+02 2.71672346e+02 2.76144409e+02 4.46030000e+06 0.00000000e+00 0.00000000e+00 0.00000000e+00]
 [2.77570750e+02 2.78647367e+02 2.77092269e+02 2.77883606e+02 3.76770000e+06 0.00000000e+00 0.00000000e+00 0.00000000e+00]
 [2.77175112e+02 2.79052277e+02 2.77175112e+02 2.79052277e+02 2.12920000e+06 0.00000000e+00 0.00000000e+00 0.00000000e+00]
 [2.80294388e+02 2.81021334e+02 2.80018347e+02 2.80791290e+02 2.61510000e+06 0.00000000e+00 0.00000000e+00 0.00000000e+00]
 [2.80266792e+02 2.82760486e+02 2.79963147e+02 2.82677673e+02 4.08820000e+06 0.00000000e+00 0.00000000e+00 0.00000000e+00]
 [2.81785116e+02 2.83045751e+02 2.80947754e+02 2.82824890e+02 3.31960000e+06 0.00000000e+00 0.00000000e+00 0.00000000e+00]
 [2.83303382e+02 2.83873885e+02 2.81499847e+02 2.83726654e+02 2.11820000e+06 0.00000000e+00 0.00000000e+00 0.00000000e+00]
 [2.84812512e+02 2.85364622e+02 2.80717751e+02 2.81435486e+02 3.57120000e+06 0.00000000e+00 0.00000000e+00 0.00000000e+00]
 [2.83643895e+02 2.85999540e+02 2.83597897e+02 2.85291016e+02 2.94740000e+06 0.00000000e+00 0.00000000e+00 0.00000000e+00]
 [2.84610027e+02 2.85971895e+02 2.83929106e+02 2.84803284e+02 4.07420000e+06 0.00000000e+00 0.00000000e+00 0.00000000e+00]
 [2.84472006e+02 2.85272554e+02 2.83726667e+02 2.84803284e+02 2.09760000e+06 0.00000000e+00 0.00000000e+00 0.00000000e+00]
 [2.85659092e+02 2.86054760e+02 2.85337025e+02 2.85723511e+02 2.18340000e+06 0.00000000e+00 0.00000000e+00 0.00000000e+00]
 [2.86109852e+02 2.86680356e+02 2.84591570e+02 2.86321503e+02 2.41580000e+06 0.00000000e+00 0.00000000e+00 0.00000000e+00]
 [2.86680425e+02 2.87352162e+02 2.84619242e+02 2.85106934e+02 2.49830000e+06 0.00000000e+00 0.00000000e+00 0.00000000e+00]
 [2.83515004e+02 2.86422759e+02 2.83432192e+02 2.86008698e+02 2.40930000e+06 0.00000000e+00 0.00000000e+00 0.00000000e+00]
 [2.85695823e+02 2.87186502e+02 2.85410572e+02 2.87030060e+02 2.31620000e+06 0.00000000e+00 0.00000000e+00 0.00000000e+00]
 [2.89266165e+02 2.90011532e+02 2.88355200e+02 2.89947113e+02 2.34960000e+06 0.00000000e+00 0.00000000e+00 0.00000000e+00]
 [2.90489961e+02 2.91014467e+02 2.89394951e+02 2.90959259e+02 2.89080000e+06 0.00000000e+00 0.00000000e+00 0.00000000e+00]
 [2.91465305e+02 2.94115412e+02 2.91005217e+02 2.93931366e+02 2.60600000e+06 0.00000000e+00 0.00000000e+00 0.00000000e+00]
 [2.94658315e+02 2.95836137e+02 2.93048009e+02 2.94520294e+02 2.29590000e+06 0.00000000e+00 0.00000000e+00 0.00000000e+00]
 [2.95504938e+02 2.96553923e+02 2.94409928e+02 2.96434296e+02 3.53870000e+06 0.00000000e+00 0.00000000e+00 0.00000000e+00]
 [2.96277858e+02 2.97059984e+02 2.95192031e+02 2.95394470e+02 5.06800000e+06 0.00000000e+00 0.00000000e+00 0.00000000e+00]
 [2.96121390e+02 2.98228598e+02 2.95320843e+02 2.98154968e+02 3.00800000e+06 0.00000000e+00 0.00000000e+00 0.00000000e+00]
 [2.99921752e+02 3.03354014e+02 2.98854346e+02 3.02498230e+02 5.27310000e+06 0.00000000e+00 0.00000000e+00 0.00000000e+00]
 [3.00906319e+02 3.01366406e+02 2.89680177e+02 2.92026611e+02 6.89200000e+06 0.00000000e+00 0.00000000e+00 0.00000000e+00]
 [2.92403890e+02 2.94087826e+02 2.82401596e+02 2.89689392e+02 5.13390000e+06 0.00000000e+00 0.00000000e+00 0.00000000e+00]
 [2.84656038e+02 2.85797045e+02 2.81435426e+02 2.81729889e+02 4.27830000e+06 0.00000000e+00 0.00000000e+00 0.00000000e+00]
 [2.85392162e+02 2.89542159e+02 2.84600825e+02 2.87287720e+02 3.33980000e+06 0.00000000e+00 0.00000000e+00 0.00000000e+00]
 [2.88980782e+02 2.89588100e+02 2.81407764e+02 2.82263519e+02 3.58900000e+06 0.00000000e+00 0.00000000e+00 0.00000000e+00]
 [2.83919873e+02 2.84876862e+02 2.79889531e+02 2.82475220e+02 3.69010000e+06 0.00000000e+00 0.00000000e+00 0.00000000e+00]
 [2.85327760e+02 2.87784638e+02 2.84895276e+02 2.86146729e+02 3.05610000e+06 0.00000000e+00 0.00000000e+00 0.00000000e+00]
 [2.88447170e+02 2.89174116e+02 2.86652818e+02 2.87619019e+02 2.57090000e+06 0.00000000e+00 0.00000000e+00 0.00000000e+00]
 [2.88760093e+02 2.90020728e+02 2.86211219e+02 2.86459656e+02 2.31340000e+06 0.00000000e+00 0.00000000e+00 0.00000000e+00]
 [2.82015110e+02 2.85502552e+02 2.81536601e+02 2.83956665e+02 2.84830000e+06 0.00000000e+00 0.00000000e+00 0.00000000e+00]
 [2.84738961e+02 2.84775776e+02 2.78398941e+02 2.80653381e+02 3.42080000e+06 0.00000000e+00 0.00000000e+00 0.00000000e+00]
 [2.76484869e+02 2.77662691e+02 2.73135420e+02 2.77607483e+02 4.53680000e+06 0.00000000e+00 0.00000000e+00 0.00000000e+00]
 [2.78914173e+02 2.80874150e+02 2.76668972e+02 2.80414062e+02 2.74150000e+06 0.00000000e+00 0.00000000e+00 0.00000000e+00]
 [2.80910999e+02 2.81159436e+02 2.73448393e+02 2.73917664e+02 2.75580000e+06 0.00000000e+00 0.00000000e+00 0.00000000e+00]
 [2.72656935e+02 2.77395828e+02 2.71488323e+02 2.74672119e+02 3.13070000e+06 0.00000000e+00 0.00000000e+00 0.00000000e+00]
 [2.73825640e+02 2.79769990e+02 2.73034303e+02 2.79070648e+02 2.68380000e+06 0.00000000e+00 0.00000000e+00 0.00000000e+00]
 [2.82880118e+02 2.84352375e+02 2.81969126e+02 2.83745056e+02 2.43790000e+06 0.00000000e+00 0.00000000e+00 0.00000000e+00]
 [2.83550071e+02 2.84169229e+02 2.81526295e+02 2.82126953e+02 2.30390000e+06 1.30900000e+00 0.00000000e+00 0.00000000e+00]
 [2.82810831e+02 2.87163323e+02 2.82635250e+02 2.84298615e+02 4.30450000e+06 0.00000000e+00 0.00000000e+00 0.00000000e+00]
 [2.86618048e+02 2.87495923e+02 2.84400220e+02 2.86100555e+02 3.00570000e+06 0.00000000e+00 0.00000000e+00 0.00000000e+00]
 [2.81591044e+02 2.85158048e+02 2.81119745e+02 2.83439240e+02 3.12510000e+06 0.00000000e+00 0.00000000e+00 0.00000000e+00]
 [2.85259688e+02 2.88586445e+02 2.85259688e+02 2.88392365e+02 2.36450000e+06 0.00000000e+00 0.00000000e+00 0.00000000e+00]
 [2.88549442e+02 2.90462330e+02 2.83864261e+02 2.84363281e+02 3.38980000e+06 0.00000000e+00 0.00000000e+00 0.00000000e+00]
 [2.87033917e+02 2.89991040e+02 2.87024695e+02 2.89242523e+02 1.70780000e+06 0.00000000e+00 0.00000000e+00 0.00000000e+00]
 [2.91053699e+02 2.91876159e+02 2.90212767e+02 2.91802216e+02 1.73170000e+06 0.00000000e+00 0.00000000e+00 0.00000000e+00]
 [2.93373222e+02 2.94879505e+02 2.92800286e+02 2.94398956e+02 2.79410000e+06 0.00000000e+00 0.00000000e+00 0.00000000e+00]
 [2.96764705e+02 3.00535011e+02 2.96321128e+02 2.99148865e+02 2.19430000e+06 0.00000000e+00 0.00000000e+00 0.00000000e+00]
 [2.99074966e+02 2.99158131e+02 2.96367338e+02 2.97235992e+02 2.22970000e+06 0.00000000e+00 0.00000000e+00 0.00000000e+00]
 [2.97762761e+02 2.98760774e+02 2.94722471e+02 2.95378601e+02 1.90210000e+06 0.00000000e+00 0.00000000e+00 0.00000000e+00]
 [2.91746811e+02 2.95433979e+02 2.91303263e+02 2.95027374e+02 2.48170000e+06 0.00000000e+00 0.00000000e+00 0.00000000e+00]
 [2.96311868e+02 2.97753458e+02 2.94694697e+02 2.94777863e+02 1.66960000e+06 0.00000000e+00 0.00000000e+00 0.00000000e+00]
 [2.95988425e+02 2.96533667e+02 2.89547464e+02 2.90323730e+02 2.22960000e+06 0.00000000e+00 0.00000000e+00 0.00000000e+00]
 [2.91534329e+02 2.94482202e+02 2.90887449e+02 2.91469635e+02 3.06660000e+06 0.00000000e+00 0.00000000e+00 0.00000000e+00]
 [2.91469583e+02 2.93419415e+02 2.90711816e+02 2.90942841e+02 2.60770000e+06 0.00000000e+00 0.00000000e+00 0.00000000e+00]
 [2.91146169e+02 2.93086779e+02 2.89233280e+02 2.92541565e+02 2.36240000e+06 0.00000000e+00 0.00000000e+00 0.00000000e+00]
 [2.93715223e+02 2.93715223e+02 2.91312563e+02 2.93539642e+02 1.42930000e+06 0.00000000e+00 0.00000000e+00 0.00000000e+00]
 [2.90453069e+02 2.91164614e+02 2.84954678e+02 2.88133575e+02 3.33580000e+06 0.00000000e+00 0.00000000e+00 0.00000000e+00]
 [2.88484744e+02 2.88752740e+02 2.86987710e+02 2.87181763e+02 2.19610000e+06 0.00000000e+00 0.00000000e+00 0.00000000e+00]
 [2.81969845e+02 2.82533531e+02 2.76878060e+02 2.77293915e+02 5.65050000e+06 0.00000000e+00 0.00000000e+00 0.00000000e+00]
 [2.77525014e+02 2.83004907e+02 2.76018731e+02 2.80214142e+02 5.36520000e+06 0.00000000e+00 0.00000000e+00 0.00000000e+00]
 [2.78670848e+02 2.79872163e+02 2.73874779e+02 2.77062927e+02 5.89210000e+06 0.00000000e+00 0.00000000e+00 0.00000000e+00]
 [2.80343560e+02 2.82136312e+02 2.77811541e+02 2.80288116e+02 4.08040000e+06 0.00000000e+00 0.00000000e+00 0.00000000e+00]
 [2.83300634e+02 2.87154105e+02 2.82857057e+02 2.85231995e+02 3.37830000e+06 0.00000000e+00 0.00000000e+00 0.00000000e+00]
 [2.89418209e+02 2.95387874e+02 2.88318531e+02 2.91654510e+02 5.75020000e+06 0.00000000e+00 0.00000000e+00 0.00000000e+00]
 [2.96579959e+02 2.98991841e+02 2.96191826e+02 2.97365448e+02 3.95030000e+06 0.00000000e+00 0.00000000e+00 0.00000000e+00]
 [2.97041962e+02 2.98409637e+02 2.95184517e+02 2.97328430e+02 3.64060000e+06 0.00000000e+00 0.00000000e+00 0.00000000e+00]
 [3.08981243e+02 3.09757510e+02 3.00590450e+02 3.01034027e+02 8.09730000e+06 0.00000000e+00 0.00000000e+00 0.00000000e+00]
 [3.00119071e+02 3.01532939e+02 2.97614775e+02 3.00645813e+02 4.12080000e+06 0.00000000e+00 0.00000000e+00 0.00000000e+00]
 [3.02568002e+02 3.03566015e+02 3.01412880e+02 3.02762054e+02 2.77350000e+06 0.00000000e+00 0.00000000e+00 0.00000000e+00]
 [3.01939621e+02 3.02586500e+02 2.98234009e+02 2.99962067e+02 2.53270000e+06 0.00000000e+00 0.00000000e+00 0.00000000e+00]
 [3.01671696e+02 3.04702735e+02 3.01154204e+02 3.04037384e+02 1.99610000e+06 0.00000000e+00 0.00000000e+00 0.00000000e+00]
 [3.06476920e+02 3.07835344e+02 3.05331048e+02 3.07724457e+02 3.01880000e+06 0.00000000e+00 0.00000000e+00 0.00000000e+00]
 [3.05626805e+02 3.07262447e+02 3.04259130e+02 3.06190491e+02 3.05210000e+06 0.00000000e+00 0.00000000e+00 0.00000000e+00]
 [3.06458475e+02 3.06929773e+02 3.02447895e+02 3.02475616e+02 2.64780000e+06 0.00000000e+00 0.00000000e+00 0.00000000e+00]
 [3.01958167e+02 3.04111302e+02 3.00710629e+02 3.03741669e+02 2.96220000e+06 0.00000000e+00 0.00000000e+00 0.00000000e+00]
 [3.03482898e+02 3.03713922e+02 3.01625453e+02 3.01708618e+02 3.51680000e+06 0.00000000e+00 0.00000000e+00 0.00000000e+00]
 [3.03362770e+02 3.04582585e+02 3.01311272e+02 3.03492157e+02 2.22260000e+06 0.00000000e+00 0.00000000e+00 0.00000000e+00]
 [3.05894809e+02 3.08879655e+02 3.05044655e+02 3.08408356e+02 2.65970000e+06 0.00000000e+00 0.00000000e+00 0.00000000e+00]
 [3.08343571e+02 3.08343571e+02 3.06938925e+02 3.07899994e+02 2.25690000e+06 0.00000000e+00 0.00000000e+00 0.00000000e+00]
 [3.08916594e+02 3.09212283e+02 3.07890831e+02 3.08777985e+02 9.84700000e+05 0.00000000e+00 0.00000000e+00 0.00000000e+00]
 [3.08094049e+02 3.08306601e+02 3.04989095e+02 3.07391754e+02 4.17570000e+06 0.00000000e+00 0.00000000e+00 0.00000000e+00]
 [3.10422884e+02 3.12160164e+02 3.09868420e+02 3.10774017e+02 3.22420000e+06 0.00000000e+00 0.00000000e+00 0.00000000e+00]
 [3.09775912e+02 3.11522441e+02 3.09249169e+02 3.11430054e+02 2.27030000e+06 0.00000000e+00 0.00000000e+00 0.00000000e+00]
 [3.11337677e+02 3.12622158e+02 3.10385858e+02 3.11337677e+02 2.85110000e+06 0.00000000e+00 0.00000000e+00 0.00000000e+00]
 [3.11882885e+02 3.14045269e+02 3.11836691e+02 3.14017548e+02 2.90700000e+06 0.00000000e+00 0.00000000e+00 0.00000000e+00]
 [3.13333696e+02 3.13851188e+02 3.12261740e+02 3.13435333e+02 1.94310000e+06 0.00000000e+00 0.00000000e+00 0.00000000e+00]
 [3.12243373e+02 3.14840085e+02 3.12206401e+02 3.14341064e+02 1.94820000e+06 0.00000000e+00 0.00000000e+00 0.00000000e+00]
 [3.14923120e+02 3.15052479e+02 3.10736961e+02 3.11550171e+02 2.54580000e+06 0.00000000e+00 0.00000000e+00 0.00000000e+00]
 [3.10256444e+02 3.12344913e+02 3.09424762e+02 3.11402344e+02 2.73860000e+06 0.00000000e+00 0.00000000e+00 0.00000000e+00]
 [3.09859194e+02 3.11236090e+02 3.08436075e+02 3.11005066e+02 2.38790000e+06 0.00000000e+00 0.00000000e+00 0.00000000e+00]
 [3.13047275e+02 3.13999094e+02 3.09471022e+02 3.09581909e+02 2.65460000e+06 0.00000000e+00 0.00000000e+00 0.00000000e+00]
 [3.12012279e+02 3.13860474e+02 3.10718520e+02 3.13860474e+02 2.75740000e+06 0.00000000e+00 0.00000000e+00 0.00000000e+00]
 [3.14036096e+02 3.15154275e+02 3.13232136e+02 3.14341064e+02 2.94320000e+06 0.00000000e+00 0.00000000e+00 0.00000000e+00]
 [3.15828796e+02 3.16272373e+02 3.15080279e+02 3.16050598e+02 2.62700000e+06 0.00000000e+00 0.00000000e+00 0.00000000e+00]
 [3.16401716e+02 3.16503353e+02 3.12991795e+02 3.14784546e+02 6.02570000e+06 0.00000000e+00 0.00000000e+00 0.00000000e+00]
 [3.11263691e+02 3.14544254e+02 3.08750145e+02 3.13814209e+02 3.91810000e+06 0.00000000e+00 0.00000000e+00 0.00000000e+00]
 [3.14058353e+02 3.14132571e+02 3.12202600e+02 3.13195435e+02 2.37190000e+06 1.38300000e+00 0.00000000e+00 0.00000000e+00]
 [3.14123283e+02 3.15246005e+02 3.13334582e+02 3.13445923e+02 3.68220000e+06 0.00000000e+00 0.00000000e+00 0.00000000e+00]
 [3.13965487e+02 3.14717064e+02 3.13408755e+02 3.14698517e+02 1.44750000e+06 0.00000000e+00 0.00000000e+00 0.00000000e+00]
 [3.17092481e+02 3.17760553e+02 3.16489367e+02 3.17435791e+02 2.79880000e+06 0.00000000e+00 0.00000000e+00 0.00000000e+00]
 [3.18846195e+02 3.18976083e+02 3.16285247e+02 3.16767761e+02 2.55550000e+06 0.00000000e+00 0.00000000e+00 0.00000000e+00]
 [3.17593530e+02 3.18178096e+02 3.16934745e+02 3.17194550e+02 2.00910000e+06 0.00000000e+00 0.00000000e+00 0.00000000e+00]
 [3.17166792e+02 3.19532866e+02 3.16619348e+02 3.18901917e+02 3.50700000e+06 0.00000000e+00 0.00000000e+00 0.00000000e+00]
 [3.20135850e+02 3.20200809e+02 3.11181850e+02 3.14577881e+02 5.40260000e+06 0.00000000e+00 0.00000000e+00 0.00000000e+00]
 [3.13993384e+02 3.17695630e+02 3.13984124e+02 3.16647125e+02 3.29970000e+06 0.00000000e+00 0.00000000e+00 0.00000000e+00]
 [3.15283087e+02 3.21509129e+02 3.14828409e+02 3.18567749e+02 4.80500000e+06 0.00000000e+00 0.00000000e+00 0.00000000e+00]
 [3.20803934e+02 3.24014406e+02 3.20618376e+02 3.23327759e+02 3.63890000e+06 0.00000000e+00 0.00000000e+00 0.00000000e+00]
 [3.24645362e+02 3.25331982e+02 3.21639052e+02 3.25146423e+02 3.75850000e+06 0.00000000e+00 0.00000000e+00 0.00000000e+00]
 [3.22307154e+02 3.24589750e+02 3.22158719e+02 3.23021637e+02 2.97500000e+06 0.00000000e+00 0.00000000e+00 0.00000000e+00]
 [3.23179326e+02 3.23968027e+02 3.21017387e+02 3.23049438e+02 2.29840000e+06 0.00000000e+00 0.00000000e+00 0.00000000e+00]
 [3.23003031e+02 3.24812401e+02 3.22270029e+02 3.23856689e+02 3.03990000e+06 0.00000000e+00 0.00000000e+00 0.00000000e+00]
 [3.24617471e+02 3.25053574e+02 3.22483339e+02 3.22761719e+02 3.49740000e+06 0.00000000e+00 0.00000000e+00 0.00000000e+00]
 [3.21295715e+02 3.22028746e+02 3.18753343e+02 3.20460632e+02 3.62210000e+06 0.00000000e+00 0.00000000e+00 0.00000000e+00]
 [3.22715395e+02 3.23448425e+02 3.21379250e+02 3.22993774e+02 3.43380000e+06 0.00000000e+00 0.00000000e+00 0.00000000e+00]
 [3.25053679e+02 3.28199165e+02 3.24728916e+02 3.27382629e+02 2.92060000e+06 0.00000000e+00 0.00000000e+00 0.00000000e+00]
 [3.27967225e+02 3.28319823e+02 3.26890885e+02 3.27688873e+02 2.58080000e+06 0.00000000e+00 0.00000000e+00 0.00000000e+00]
 [3.26037259e+02 3.27577538e+02 3.25675374e+02 3.26519745e+02 1.81220000e+06 0.00000000e+00 0.00000000e+00 0.00000000e+00]
 [3.27271279e+02 3.28171320e+02 3.22873154e+02 3.27846558e+02 3.54900000e+06 0.00000000e+00 0.00000000e+00 0.00000000e+00]
 [3.28681682e+02 3.29071374e+02 3.27169239e+02 3.27354797e+02 2.43020000e+06 0.00000000e+00 0.00000000e+00 0.00000000e+00]
 [3.24329963e+02 3.24348511e+02 3.17324479e+02 3.19412201e+02 5.01040000e+06 0.00000000e+00 0.00000000e+00 0.00000000e+00]
 [3.21017380e+02 3.25749555e+02 3.20655494e+02 3.22093719e+02 3.43220000e+06 0.00000000e+00 0.00000000e+00 0.00000000e+00]
 [3.20404969e+02 3.21249339e+02 3.14151091e+02 3.15644958e+02 5.80360000e+06 0.00000000e+00 0.00000000e+00 0.00000000e+00]
 [3.18846177e+02 3.21833940e+02 3.16777002e+02 3.20831818e+02 3.33400000e+06 0.00000000e+00 0.00000000e+00 0.00000000e+00]
 [3.23875276e+02 3.26927998e+02 3.23828894e+02 3.25443390e+02 2.95520000e+06 0.00000000e+00 0.00000000e+00 0.00000000e+00]
 [3.26334177e+02 3.27354819e+02 3.24645435e+02 3.25768158e+02 3.39280000e+06 0.00000000e+00 0.00000000e+00 0.00000000e+00]
 [3.26723837e+02 3.29433249e+02 3.26538279e+02 3.29414673e+02 1.98830000e+06 0.00000000e+00 0.00000000e+00 0.00000000e+00]
 [3.31159115e+02 3.31372537e+02 3.29693083e+02 3.30732300e+02 2.09180000e+06 0.00000000e+00 0.00000000e+00 0.00000000e+00]
 [3.32105616e+02 3.33172668e+02 3.31307627e+02 3.33172668e+02 3.37110000e+06 0.00000000e+00 0.00000000e+00 0.00000000e+00]
 [3.32383864e+02 3.33413794e+02 3.31966309e+02 3.32903473e+02 1.89120000e+06 0.00000000e+00 0.00000000e+00 0.00000000e+00]
 [3.34527231e+02 3.34601449e+02 3.30602304e+02 3.32773560e+02 2.40000000e+06 0.00000000e+00 0.00000000e+00 0.00000000e+00]
 [3.33766449e+02 3.34128334e+02 3.31103447e+02 3.33311798e+02 2.23720000e+06 0.00000000e+00 0.00000000e+00 0.00000000e+00]
 [3.32597279e+02 3.35139651e+02 3.32513746e+02 3.35009735e+02 2.14450000e+06 0.00000000e+00 0.00000000e+00 0.00000000e+00]
 [3.36030419e+02 3.36234553e+02 3.34016943e+02 3.34694275e+02 4.40850000e+06 0.00000000e+00 0.00000000e+00 0.00000000e+00]
 [3.33135392e+02 3.34935474e+02 3.32105463e+02 3.34768463e+02 3.21180000e+06 0.00000000e+00 0.00000000e+00 0.00000000e+00]
 [3.32402405e+02 3.33970518e+02 3.30778621e+02 3.33339569e+02 3.01050000e+06 0.00000000e+00 0.00000000e+00 0.00000000e+00]
 [3.34471616e+02 3.34694297e+02 3.32309676e+02 3.32727203e+02 2.48710000e+06 0.00000000e+00 0.00000000e+00 0.00000000e+00]
 [3.30175554e+02 3.32356069e+02 3.29915750e+02 3.30110596e+02 3.29100000e+06 0.00000000e+00 0.00000000e+00 0.00000000e+00]
 [3.28180581e+02 3.31771458e+02 3.24320612e+02 3.30528107e+02 5.25110000e+06 0.00000000e+00 0.00000000e+00 0.00000000e+00]
 [3.29535350e+02 3.34573713e+02 3.28653885e+02 3.34184021e+02 3.30120000e+06 0.00000000e+00 0.00000000e+00 0.00000000e+00]
 [3.33135507e+02 3.34286064e+02 3.24831000e+02 3.26167145e+02 7.04920000e+06 0.00000000e+00 0.00000000e+00 0.00000000e+00]
 [3.27976416e+02 3.28904292e+02 3.22631839e+02 3.24376251e+02 7.57950000e+06 0.00000000e+00 0.00000000e+00 0.00000000e+00]
 [3.28978612e+02 3.33469559e+02 3.28932229e+02 3.32291138e+02 3.72110000e+06 0.00000000e+00 0.00000000e+00 0.00000000e+00]
 [3.32532320e+02 3.32764289e+02 3.29544557e+02 3.29720856e+02 5.46260000e+06 0.00000000e+00 0.00000000e+00 0.00000000e+00]
 [3.29117800e+02 3.29990006e+02 3.25276378e+02 3.25369171e+02 6.31760000e+06 0.00000000e+00 0.00000000e+00 0.00000000e+00]
 [3.25211430e+02 3.27558957e+02 3.17259550e+02 3.21360748e+02 6.60450000e+06 0.00000000e+00 0.00000000e+00 0.00000000e+00]
 [3.24543305e+02 3.28217715e+02 3.17881159e+02 3.27252716e+02 8.72130000e+06 0.00000000e+00 0.00000000e+00 0.00000000e+00]
 [3.28124995e+02 3.30695203e+02 3.25369201e+02 3.25647552e+02 5.66350000e+06 0.00000000e+00 0.00000000e+00 0.00000000e+00]
 [3.29164122e+02 3.32606535e+02 3.28681636e+02 3.30203339e+02 6.07510000e+06 0.00000000e+00 0.00000000e+00 0.00000000e+00]
 [3.32458114e+02 3.33887052e+02 3.31140545e+02 3.32244720e+02 7.23140000e+06 0.00000000e+00 0.00000000e+00 0.00000000e+00]
 [3.34647900e+02 3.37524322e+02 3.34183962e+02 3.35752075e+02 3.34070000e+06 0.00000000e+00 0.00000000e+00 0.00000000e+00]
 [3.34499475e+02 3.36308845e+02 3.33729350e+02 3.36225311e+02 4.84730000e+06 0.00000000e+00 0.00000000e+00 0.00000000e+00]
 [3.36512889e+02 3.38442859e+02 3.34453003e+02 3.38173767e+02 3.15480000e+06 0.00000000e+00 0.00000000e+00 0.00000000e+00]
 [3.38786292e+02 3.39398694e+02 3.37051167e+02 3.37793457e+02 3.69840000e+06 0.00000000e+00 0.00000000e+00 0.00000000e+00]
 [3.36661367e+02 3.39649130e+02 3.35538645e+02 3.38897552e+02 5.01160000e+06 0.00000000e+00 0.00000000e+00 0.00000000e+00]
 [3.36568628e+02 3.38452216e+02 3.33367443e+02 3.33914886e+02 5.06750000e+06 0.00000000e+00 0.00000000e+00 0.00000000e+00]
 [3.33710737e+02 3.35121127e+02 3.31381787e+02 3.33321045e+02 5.38280000e+06 0.00000000e+00 0.00000000e+00 0.00000000e+00]
 [3.33840620e+02 3.37283033e+02 3.33812785e+02 3.35956177e+02 3.41760000e+06 0.00000000e+00 0.00000000e+00 0.00000000e+00]
 [3.35455100e+02 3.36763409e+02 3.32652924e+02 3.33488007e+02 4.95460000e+06 0.00000000e+00 0.00000000e+00 0.00000000e+00]
 [3.34694264e+02 3.36141749e+02 3.31641571e+02 3.31641571e+02 4.09900000e+06 0.00000000e+00 0.00000000e+00 0.00000000e+00]
 [3.30398200e+02 3.34258169e+02 3.28598146e+02 3.33506592e+02 5.48730000e+06 0.00000000e+00 0.00000000e+00 0.00000000e+00]
 [3.34626815e+02 3.39282557e+02 3.34049507e+02 3.38947357e+02 3.32260000e+06 1.26300000e+00 0.00000000e+00 0.00000000e+00]
 [3.37606490e+02 3.39571200e+02 3.36246993e+02 3.38742493e+02 3.14330000e+06 0.00000000e+00 0.00000000e+00 0.00000000e+00]
 [3.37597132e+02 3.38444480e+02 3.36395942e+02 3.37876465e+02 3.69620000e+06 0.00000000e+00 0.00000000e+00 0.00000000e+00]
 [3.38369965e+02 3.40632649e+02 3.38369965e+02 3.39217285e+02 7.47030000e+06 0.00000000e+00 0.00000000e+00 0.00000000e+00]
 [3.40986542e+02 3.42932638e+02 3.40828234e+02 3.42811584e+02 5.13200000e+06 0.00000000e+00 0.00000000e+00 0.00000000e+00]
 [3.45353661e+02 3.48314707e+02 3.45279154e+02 3.47756012e+02 3.76410000e+06 0.00000000e+00 0.00000000e+00 0.00000000e+00]
 [3.47355541e+02 3.48556701e+02 3.47011020e+02 3.47560394e+02 3.58350000e+06 0.00000000e+00 0.00000000e+00 0.00000000e+00]
 [3.47448642e+02 3.48323895e+02 3.47057548e+02 3.47998016e+02 2.76890000e+06 0.00000000e+00 0.00000000e+00 0.00000000e+00]
 [3.49152665e+02 3.49702039e+02 3.48305317e+02 3.49692719e+02 3.94940000e+06 0.00000000e+00 0.00000000e+00 0.00000000e+00]
 [3.49571681e+02 3.52346484e+02 3.49487852e+02 3.52206818e+02 2.62750000e+06 0.00000000e+00 0.00000000e+00 0.00000000e+00]
 [3.51694715e+02 3.52579289e+02 3.51117379e+02 3.52365143e+02 2.74750000e+06 0.00000000e+00 0.00000000e+00 0.00000000e+00]
 [3.52318471e+02 3.53947980e+02 3.51899472e+02 3.53324127e+02 2.98550000e+06 0.00000000e+00 0.00000000e+00 0.00000000e+00]
 [3.53333588e+02 3.54311311e+02 3.51694786e+02 3.52188293e+02 3.69110000e+06 0.00000000e+00 0.00000000e+00 0.00000000e+00]
 [3.54143587e+02 3.56201446e+02 3.54097041e+02 3.55968658e+02 3.57380000e+06 0.00000000e+00 0.00000000e+00 0.00000000e+00]
 [3.57151213e+02 3.57700587e+02 3.55875544e+02 3.57216400e+02 3.25250000e+06 0.00000000e+00 0.00000000e+00 0.00000000e+00]
 [3.56275897e+02 3.56713538e+02 3.54180814e+02 3.55456482e+02 3.94570000e+06 0.00000000e+00 0.00000000e+00 0.00000000e+00]
 [3.54292542e+02 3.54916424e+02 3.51480485e+02 3.52849274e+02 4.10670000e+06 0.00000000e+00 0.00000000e+00 0.00000000e+00]
 [3.52234768e+02 3.56322523e+02 3.52104422e+02 3.56164215e+02 3.64010000e+06 0.00000000e+00 0.00000000e+00 0.00000000e+00]
 [3.55996614e+02 3.56741521e+02 3.51936792e+02 3.52895874e+02 3.96500000e+06 0.00000000e+00 0.00000000e+00 0.00000000e+00]
 [3.53435980e+02 3.57989281e+02 3.53333539e+02 3.56657745e+02 3.78110000e+06 0.00000000e+00 0.00000000e+00 0.00000000e+00]
 [3.57309578e+02 3.57980006e+02 3.56927803e+02 3.57430603e+02 3.12520000e+06 0.00000000e+00 0.00000000e+00 0.00000000e+00]
 [3.57747196e+02 3.57914796e+02 3.56369087e+02 3.57318848e+02 3.37060000e+06 0.00000000e+00 0.00000000e+00 0.00000000e+00]
 [3.57654073e+02 3.58650409e+02 3.56853271e+02 3.57151245e+02 3.96040000e+06 0.00000000e+00 0.00000000e+00 0.00000000e+00]
 [3.59795694e+02 3.60112281e+02 3.56452875e+02 3.59534973e+02 4.20990000e+06 0.00000000e+00 0.00000000e+00 0.00000000e+00]
 [3.57477171e+02 3.58268652e+02 3.56378422e+02 3.57160583e+02 5.21920000e+06 0.00000000e+00 0.00000000e+00 0.00000000e+00]
 [3.59013554e+02 3.59367395e+02 3.57523711e+02 3.57970673e+02 4.18080000e+06 0.00000000e+00 0.00000000e+00 0.00000000e+00]
 [3.56182845e+02 3.56592552e+02 3.52393093e+02 3.55791779e+02 5.48560000e+06 0.00000000e+00 0.00000000e+00 0.00000000e+00]
 [3.57300233e+02 3.57477153e+02 3.55177216e+02 3.55856964e+02 4.41070000e+06 0.00000000e+00 0.00000000e+00 0.00000000e+00]
 [3.55940750e+02 3.58836608e+02 3.54087746e+02 3.58752808e+02 4.73730000e+06 0.00000000e+00 0.00000000e+00 0.00000000e+00]
 [3.59441859e+02 3.61918717e+02 3.58799365e+02 3.61313477e+02 3.51660000e+06 0.00000000e+00 0.00000000e+00 0.00000000e+00]
 [3.61667309e+02 3.61900096e+02 3.57644742e+02 3.57775116e+02 5.94270000e+06 0.00000000e+00 0.00000000e+00 0.00000000e+00]
 [3.53603555e+02 3.55456531e+02 3.50996351e+02 3.54637115e+02 7.08150000e+06 0.00000000e+00 0.00000000e+00 0.00000000e+00]
 [3.52011289e+02 3.53156584e+02 3.46508200e+02 3.47066895e+02 7.70740000e+06 0.00000000e+00 0.00000000e+00 0.00000000e+00]
 [3.48444965e+02 3.52951719e+02 3.48407740e+02 3.51191864e+02 7.17910000e+06 0.00000000e+00 0.00000000e+00 0.00000000e+00]
 [3.53659402e+02 3.57365383e+02 3.53659402e+02 3.56583221e+02 5.16790000e+06 0.00000000e+00 0.00000000e+00 0.00000000e+00]
 [3.55605539e+02 3.56397021e+02 3.53836363e+02 3.55726593e+02 3.78160000e+06 0.00000000e+00 0.00000000e+00 0.00000000e+00]
 [3.55931502e+02 3.56136356e+02 3.52476949e+02 3.52653870e+02 3.12830000e+06 0.00000000e+00 0.00000000e+00 0.00000000e+00]
 [3.48305329e+02 3.51825069e+02 3.46964474e+02 3.51722656e+02 5.08630000e+06 0.00000000e+00 0.00000000e+00 0.00000000e+00]
 [3.52504794e+02 3.56620453e+02 3.52393060e+02 3.55475159e+02 4.77670000e+06 0.00000000e+00 0.00000000e+00 0.00000000e+00]
 [3.56844000e+02 3.57980002e+02 3.54776849e+02 3.55205170e+02 3.56750000e+06 0.00000000e+00 0.00000000e+00 0.00000000e+00]
 [3.57272293e+02 3.59795697e+02 3.57039506e+02 3.58790070e+02 2.96250000e+06 0.00000000e+00 0.00000000e+00 0.00000000e+00]
 [3.59795714e+02 3.60130942e+02 3.57505097e+02 3.58035858e+02 4.03180000e+06 0.00000000e+00 0.00000000e+00 0.00000000e+00]
 [3.58575889e+02 3.59190450e+02 3.57626128e+02 3.58687622e+02 2.64270000e+06 0.00000000e+00 0.00000000e+00 0.00000000e+00]
 [3.59684006e+02 3.60149580e+02 3.58790111e+02 3.58845978e+02 3.01590000e+06 0.00000000e+00 0.00000000e+00 0.00000000e+00]
 [3.60382370e+02 3.60605836e+02 3.59367422e+02 3.59544342e+02 3.37010000e+06 0.00000000e+00 0.00000000e+00 0.00000000e+00]
 [3.61751163e+02 3.61862896e+02 3.58845984e+02 3.59264984e+02 4.38900000e+06 0.00000000e+00 0.00000000e+00 0.00000000e+00]
 [3.59842367e+02 3.60577954e+02 3.58929831e+02 3.59870300e+02 3.20920000e+06 0.00000000e+00 0.00000000e+00 0.00000000e+00]
 [3.57719182e+02 3.59525583e+02 3.56350393e+02 3.58501343e+02 3.39100000e+06 0.00000000e+00 0.00000000e+00 0.00000000e+00]
 [3.60177486e+02 3.62030462e+02 3.60130940e+02 3.61751129e+02 2.62810000e+06 0.00000000e+00 0.00000000e+00 0.00000000e+00]
 [3.61769696e+02 3.61928004e+02 3.60587148e+02 3.61443817e+02 2.50060000e+06 0.00000000e+00 0.00000000e+00 0.00000000e+00]
 [3.62216699e+02 3.62291179e+02 3.59832962e+02 3.61499725e+02 2.38660000e+06 0.00000000e+00 0.00000000e+00 0.00000000e+00]
 [3.62291170e+02 3.62337745e+02 3.60736168e+02 3.60931702e+02 2.96810000e+06 0.00000000e+00 0.00000000e+00 0.00000000e+00]
 [3.62086332e+02 3.63483054e+02 3.60894463e+02 3.62598480e+02 2.61180000e+06 0.00000000e+00 0.00000000e+00 0.00000000e+00]
 [3.63147859e+02 3.63334100e+02 3.61965311e+02 3.63231659e+02 2.24150000e+06 0.00000000e+00 0.00000000e+00 0.00000000e+00]
 [3.63343424e+02 3.64144226e+02 3.62216742e+02 3.64144226e+02 2.25220000e+06 0.00000000e+00 0.00000000e+00 0.00000000e+00]
 [3.64218582e+02 3.64265156e+02 3.62598393e+02 3.63380554e+02 2.40500000e+06 0.00000000e+00 0.00000000e+00 0.00000000e+00]
 [3.63538918e+02 3.63687877e+02 3.59441843e+02 3.61387939e+02 4.19430000e+06 0.00000000e+00 0.00000000e+00 0.00000000e+00]
 [3.60931722e+02 3.62132911e+02 3.58957692e+02 3.61257629e+02 4.06530000e+06 0.00000000e+00 0.00000000e+00 0.00000000e+00]
 [3.58296583e+02 3.58845957e+02 3.56182858e+02 3.56462219e+02 5.21110000e+06 0.00000000e+00 0.00000000e+00 0.00000000e+00]
 [3.58026536e+02 3.61639397e+02 3.57235055e+02 3.61453156e+02 4.38980000e+06 0.00000000e+00 0.00000000e+00 0.00000000e+00]
 [3.61509011e+02 3.64162789e+02 3.60792037e+02 3.63371307e+02 2.70540000e+06 0.00000000e+00 0.00000000e+00 0.00000000e+00]
 [3.63473763e+02 3.64209378e+02 3.62868522e+02 3.62980255e+02 2.40420000e+06 0.00000000e+00 0.00000000e+00 0.00000000e+00]
 [3.64907743e+02 3.65494343e+02 3.64702889e+02 3.65056702e+02 2.98780000e+06 0.00000000e+00 0.00000000e+00 0.00000000e+00]
 [3.65848105e+02 3.66797894e+02 3.65512905e+02 3.66406799e+02 2.86280000e+06 0.00000000e+00 0.00000000e+00 0.00000000e+00]
 [3.66900339e+02 3.67291433e+02 3.65782949e+02 3.67170380e+02 2.41850000e+06 0.00000000e+00 0.00000000e+00 0.00000000e+00]
 [3.67509582e+02 3.68060820e+02 3.66864908e+02 3.67332062e+02 2.92760000e+06 1.33300000e+00 0.00000000e+00 0.00000000e+00]
 [3.66920932e+02 3.68238307e+02 3.66920932e+02 3.67668365e+02 3.79590000e+06 0.00000000e+00 0.00000000e+00 0.00000000e+00]
 [3.68397058e+02 3.69845251e+02 3.68312974e+02 3.69742462e+02 3.41450000e+06 0.00000000e+00 0.00000000e+00 0.00000000e+00]
 [3.70779693e+02 3.72835151e+02 3.70480708e+02 3.72554871e+02 4.36310000e+06 0.00000000e+00 0.00000000e+00 0.00000000e+00]
 [3.72573440e+02 3.72778989e+02 3.69331395e+02 3.71854034e+02 4.33130000e+06 0.00000000e+00 0.00000000e+00 0.00000000e+00]
 [3.72480036e+02 3.73404990e+02 3.70620746e+02 3.73134033e+02 4.74780000e+06 0.00000000e+00 0.00000000e+00 0.00000000e+00]
 [3.68303733e+02 3.70807668e+02 3.67201229e+02 3.70162994e+02 5.81710000e+06 0.00000000e+00 0.00000000e+00 0.00000000e+00]
 [3.71508368e+02 3.74329964e+02 3.71312172e+02 3.74068359e+02 3.33220000e+06 0.00000000e+00 0.00000000e+00 0.00000000e+00]
 [3.74002962e+02 3.75619323e+02 3.73601217e+02 3.75423126e+02 2.92920000e+06 0.00000000e+00 0.00000000e+00 0.00000000e+00]
 [3.74731701e+02 3.76058429e+02 3.73890831e+02 3.74152435e+02 4.31310000e+06 0.00000000e+00 0.00000000e+00 0.00000000e+00]
 [3.75647393e+02 3.76123898e+02 3.73554554e+02 3.74666382e+02 3.33220000e+06 0.00000000e+00 0.00000000e+00 0.00000000e+00]
 [3.73479766e+02 3.74077736e+02 3.71676561e+02 3.73461090e+02 4.48390000e+06 0.00000000e+00 0.00000000e+00 0.00000000e+00]
 [3.74507517e+02 3.74544898e+02 3.70116293e+02 3.70555389e+02 4.51660000e+06 0.00000000e+00 0.00000000e+00 0.00000000e+00]
 [3.66042697e+02 3.66491174e+02 3.62445610e+02 3.65014954e+02 1.23362000e+07 0.00000000e+00 0.00000000e+00 0.00000000e+00]
 [3.65640939e+02 3.71386920e+02 3.64388972e+02 3.70172333e+02 4.04310000e+06 0.00000000e+00 0.00000000e+00 0.00000000e+00]
 [3.71368282e+02 3.73367684e+02 3.71172057e+02 3.73283600e+02 2.99660000e+06 0.00000000e+00 0.00000000e+00 0.00000000e+00]
 [3.73451761e+02 3.74245927e+02 3.72508130e+02 3.74077759e+02 2.57570000e+06 0.00000000e+00 0.00000000e+00 0.00000000e+00]
 [3.75750101e+02 3.78160600e+02 3.75198835e+02 3.77814911e+02 3.15190000e+06 0.00000000e+00 0.00000000e+00 0.00000000e+00]
 [3.77385205e+02 3.78786665e+02 3.77291769e+02 3.78777313e+02 2.37430000e+06 0.00000000e+00 0.00000000e+00 0.00000000e+00]
 [3.77880393e+02 3.77880393e+02 3.74470151e+02 3.77095551e+02 3.62610000e+06 0.00000000e+00 0.00000000e+00 0.00000000e+00]
 [3.77618742e+02 3.78169980e+02 3.75628664e+02 3.76889984e+02 3.76370000e+06 0.00000000e+00 0.00000000e+00 0.00000000e+00]
 [3.77796252e+02 3.79449993e+02 3.77786928e+02 3.78515686e+02 2.27420000e+06 0.00000000e+00 0.00000000e+00 0.00000000e+00]
 [3.76142562e+02 3.77955119e+02 3.76030450e+02 3.76665771e+02 5.20450000e+06 0.00000000e+00 0.00000000e+00 0.00000000e+00]
 [3.78188721e+02 3.78730607e+02 3.75535293e+02 3.75899658e+02 5.81470000e+06 0.00000000e+00 0.00000000e+00 0.00000000e+00]
 [3.76600360e+02 3.79010887e+02 3.74582282e+02 3.78936127e+02 4.12960000e+06 0.00000000e+00 0.00000000e+00 0.00000000e+00]
 [3.77749535e+02 3.78263392e+02 3.76843257e+02 3.77123566e+02 3.88020000e+06 0.00000000e+00 0.00000000e+00 0.00000000e+00]
 [3.78113947e+02 3.79506055e+02 3.77814962e+02 3.79478027e+02 3.05280000e+06 0.00000000e+00 0.00000000e+00 0.00000000e+00]
 [3.79739657e+02 3.80431035e+02 3.79487404e+02 3.80132050e+02 2.48690000e+06 0.00000000e+00 0.00000000e+00 0.00000000e+00]
 [3.80029213e+02 3.80309494e+02 3.79038851e+02 3.79767609e+02 1.98440000e+06 0.00000000e+00 0.00000000e+00 0.00000000e+00]
 [3.80178732e+02 3.80888815e+02 3.79543411e+02 3.80244141e+02 2.40070000e+06 0.00000000e+00 0.00000000e+00 0.00000000e+00]
 [3.81197079e+02 3.81262487e+02 3.80178688e+02 3.81159698e+02 3.55440000e+06 0.00000000e+00 0.00000000e+00 0.00000000e+00]
 [3.81029021e+02 3.82439805e+02 3.80234855e+02 3.82271637e+02 2.31930000e+06 0.00000000e+00 0.00000000e+00 0.00000000e+00]
 [3.82729455e+02 3.83028412e+02 3.82299654e+02 3.83028412e+02 2.25380000e+06 0.00000000e+00 0.00000000e+00 0.00000000e+00]
 [3.81860425e+02 3.84009348e+02 3.80402909e+02 3.83943939e+02 3.37910000e+06 0.00000000e+00 0.00000000e+00 0.00000000e+00]
 [3.81580217e+02 3.82178158e+02 3.78683860e+02 3.81412048e+02 5.18630000e+06 0.00000000e+00 0.00000000e+00 0.00000000e+00]
 [3.80468386e+02 3.81897874e+02 3.77030144e+02 3.77310425e+02 4.87830000e+06 0.00000000e+00 0.00000000e+00 0.00000000e+00]
 [3.74741082e+02 3.78908082e+02 3.74591589e+02 3.77842987e+02 5.50570000e+06 0.00000000e+00 0.00000000e+00 0.00000000e+00]
 [3.78095221e+02 3.81122394e+02 3.77702829e+02 3.80832733e+02 3.26360000e+06 0.00000000e+00 0.00000000e+00 0.00000000e+00]
 [3.82365042e+02 3.85009118e+02 3.82346366e+02 3.84205627e+02 3.25940000e+06 0.00000000e+00 0.00000000e+00 0.00000000e+00]
 [3.84840986e+02 3.85270759e+02 3.84327128e+02 3.84812958e+02 3.00650000e+06 0.00000000e+00 0.00000000e+00 0.00000000e+00]
 [3.84990449e+02 3.86064896e+02 3.84626084e+02 3.85523010e+02 3.26140000e+06 0.00000000e+00 0.00000000e+00 0.00000000e+00]
 [3.85317435e+02 3.85551012e+02 3.83252625e+02 3.83271301e+02 4.70760000e+06 0.00000000e+00 0.00000000e+00 0.00000000e+00]
 [3.84084130e+02 3.87111275e+02 3.84018722e+02 3.86672150e+02 3.88220000e+06 0.00000000e+00 0.00000000e+00 0.00000000e+00]
 [3.87419645e+02 3.89194822e+02 3.87167392e+02 3.88447388e+02 2.81180000e+06 0.00000000e+00 0.00000000e+00 0.00000000e+00]
 [3.88354000e+02 3.88690336e+02 3.87344932e+02 3.87784058e+02 6.06290000e+06 0.00000000e+00 0.00000000e+00 0.00000000e+00]
 [3.88718217e+02 3.89222750e+02 3.87886699e+02 3.88195007e+02 3.25640000e+06 0.00000000e+00 0.00000000e+00 0.00000000e+00]
 [3.89419017e+02 3.90016987e+02 3.88204430e+02 3.89353638e+02 2.83550000e+06 0.00000000e+00 0.00000000e+00 0.00000000e+00]
 [3.88279088e+02 3.89661872e+02 3.87886695e+02 3.89204071e+02 3.74000000e+06 0.00000000e+00 0.00000000e+00 0.00000000e+00]
 [3.88923851e+02 3.88942555e+02 3.87195406e+02 3.87765320e+02 3.54250000e+06 0.00000000e+00 0.00000000e+00 0.00000000e+00]
 [3.87298135e+02 3.87980189e+02 3.85560338e+02 3.87391571e+02 4.01260000e+06 0.00000000e+00 0.00000000e+00 0.00000000e+00]
 [3.87120646e+02 3.88737007e+02 3.85466934e+02 3.85653778e+02 3.88780000e+06 0.00000000e+00 0.00000000e+00 0.00000000e+00]
 [3.87447693e+02 3.87830762e+02 3.82523906e+02 3.82673370e+02 4.03550000e+06 0.00000000e+00 0.00000000e+00 0.00000000e+00]
 [3.85420160e+02 3.85597681e+02 3.81486737e+02 3.83570251e+02 4.73830000e+06 0.00000000e+00 0.00000000e+00 0.00000000e+00]
 [3.84953064e+02 3.85102557e+02 3.80720656e+02 3.81580231e+02 3.65770000e+06 0.00000000e+00 0.00000000e+00 0.00000000e+00]
 [3.81935257e+02 3.85177302e+02 3.80916866e+02 3.84766205e+02 3.89140000e+06 0.00000000e+00 0.00000000e+00 0.00000000e+00]
 [3.84252306e+02 3.85111881e+02 3.81412034e+02 3.84102814e+02 3.35150000e+06 0.00000000e+00 0.00000000e+00 0.00000000e+00]
 [3.83392756e+02 3.83794501e+02 3.80047922e+02 3.80337555e+02 5.39610000e+06 0.00000000e+00 0.00000000e+00 0.00000000e+00]
 [3.74759711e+02 3.76189228e+02 3.69583673e+02 3.74124390e+02 1.09427000e+07 0.00000000e+00 0.00000000e+00 0.00000000e+00]
 [3.76207919e+02 3.77366450e+02 3.73199451e+02 3.73760040e+02 6.41810000e+06 0.00000000e+00 0.00000000e+00 0.00000000e+00]
 [3.75750032e+02 3.79188272e+02 3.74899809e+02 3.77366364e+02 6.00480000e+06 0.00000000e+00 0.00000000e+00 0.00000000e+00]
 [3.79057545e+02 3.83364713e+02 3.78833320e+02 3.81925873e+02 4.09800000e+06 0.00000000e+00 0.00000000e+00 0.00000000e+00]
 [3.80421676e+02 3.83187216e+02 3.80216128e+02 3.82561218e+02 3.41770000e+06 0.00000000e+00 0.00000000e+00 0.00000000e+00]
 [3.81589588e+02 3.82664035e+02 3.80814098e+02 3.81477448e+02 3.54660000e+06 0.00000000e+00 0.00000000e+00 0.00000000e+00]
 [3.78908090e+02 3.79207075e+02 3.73096701e+02 3.73853516e+02 8.23430000e+06 0.00000000e+00 0.00000000e+00 0.00000000e+00]
 [3.75042039e+02 3.76626198e+02 3.73879680e+02 3.74442108e+02 4.72420000e+06 1.30800000e+00 0.00000000e+00 0.00000000e+00]
 [3.75745058e+02 3.76373080e+02 3.69642765e+02 3.69699005e+02 9.51120000e+06 0.00000000e+00 0.00000000e+00 0.00000000e+00]
 [3.71414457e+02 3.75745105e+02 3.68171133e+02 3.74123444e+02 8.48220000e+06 0.00000000e+00 0.00000000e+00 0.00000000e+00]
 [3.73186027e+02 3.73954678e+02 3.67411820e+02 3.69520905e+02 8.82040000e+06 0.00000000e+00 0.00000000e+00 0.00000000e+00]
 [3.70786394e+02 3.75276408e+02 3.70064629e+02 3.73111084e+02 5.52320000e+06 0.00000000e+00 0.00000000e+00 0.00000000e+00]
 [3.69933366e+02 3.74967042e+02 3.68442950e+02 3.74770203e+02 6.59000000e+06 0.00000000e+00 0.00000000e+00 0.00000000e+00]
 [3.77826031e+02 3.80619378e+02 3.77619808e+02 3.77994751e+02 4.40920000e+06 0.00000000e+00 0.00000000e+00 0.00000000e+00]
 [3.78735321e+02 3.79063407e+02 3.76766837e+02 3.77282379e+02 3.96090000e+06 0.00000000e+00 0.00000000e+00 0.00000000e+00]
 [3.76738685e+02 3.79391432e+02 3.74535858e+02 3.74535858e+02 3.69570000e+06 0.00000000e+00 0.00000000e+00 0.00000000e+00]
 [3.75463853e+02 3.75810705e+02 3.72951707e+02 3.73785980e+02 6.20130000e+06 0.00000000e+00 0.00000000e+00 0.00000000e+00]
 [3.74610867e+02 3.75773197e+02 3.71901851e+02 3.74985809e+02 6.49240000e+06 0.00000000e+00 0.00000000e+00 0.00000000e+00]
 [3.78416621e+02 3.81463076e+02 3.77966672e+02 3.81284973e+02 3.78520000e+06 0.00000000e+00 0.00000000e+00 0.00000000e+00]
 [3.83309623e+02 3.84565696e+02 3.82709692e+02 3.84256348e+02 3.50160000e+06 0.00000000e+00 0.00000000e+00 0.00000000e+00]
 [3.82634784e+02 3.85690594e+02 3.82006733e+02 3.85428131e+02 3.40270000e+06 0.00000000e+00 0.00000000e+00 0.00000000e+00]
 [3.86890432e+02 3.88427734e+02 3.86328033e+02 3.88427734e+02 2.83830000e+06 0.00000000e+00 0.00000000e+00 0.00000000e+00]
 [3.88765207e+02 3.90152526e+02 3.88680847e+02 3.89936920e+02 3.20820000e+06 0.00000000e+00 0.00000000e+00 0.00000000e+00]
 [3.89365117e+02 3.91108613e+02 3.88952671e+02 3.90893036e+02 2.57950000e+06 0.00000000e+00 0.00000000e+00 0.00000000e+00]
 [3.90489915e+02 3.91820994e+02 3.88727682e+02 3.90499298e+02 3.64890000e+06 0.00000000e+00 0.00000000e+00 0.00000000e+00]
 [3.91483641e+02 3.92889697e+02 3.89880716e+02 3.92524109e+02 2.51150000e+06 0.00000000e+00 0.00000000e+00 0.00000000e+00]
 [3.93948838e+02 3.95129934e+02 3.92627141e+02 3.92898987e+02 3.08530000e+06 0.00000000e+00 0.00000000e+00 0.00000000e+00]
 [3.93377022e+02 3.93967570e+02 3.91146075e+02 3.91192932e+02 2.87350000e+06 0.00000000e+00 0.00000000e+00 0.00000000e+00]
 [3.92552166e+02 3.95045576e+02 3.92524046e+02 3.95017456e+02 3.64360000e+06 0.00000000e+00 0.00000000e+00 0.00000000e+00]
 [3.92899024e+02 3.96057960e+02 3.92636562e+02 3.95720520e+02 4.63740000e+06 0.00000000e+00 0.00000000e+00 0.00000000e+00]
 [3.96685933e+02 3.97042139e+02 3.94895552e+02 3.96554688e+02 3.93730000e+06 0.00000000e+00 0.00000000e+00 0.00000000e+00]
 [3.96648543e+02 3.98345182e+02 3.96517326e+02 3.98092102e+02 2.98920000e+06 0.00000000e+00 0.00000000e+00 0.00000000e+00]
 [3.97576490e+02 4.00876025e+02 3.97154661e+02 4.00491699e+02 3.56290000e+06 0.00000000e+00 0.00000000e+00 0.00000000e+00]
 [4.01054111e+02 4.02478904e+02 4.00763528e+02 4.02366425e+02 4.28730000e+06 0.00000000e+00 0.00000000e+00 0.00000000e+00]
 [4.04522373e+02 4.05656613e+02 4.02413289e+02 4.03734985e+02 4.94290000e+06 0.00000000e+00 0.00000000e+00 0.00000000e+00]
 [4.04831728e+02 4.05262911e+02 4.03538152e+02 4.04222443e+02 3.51160000e+06 0.00000000e+00 0.00000000e+00 0.00000000e+00]
 [4.04531704e+02 4.04709807e+02 4.01513370e+02 4.02806946e+02 4.69600000e+06 0.00000000e+00 0.00000000e+00 0.00000000e+00]
 [4.01279036e+02 4.02816337e+02 3.98204461e+02 3.99563660e+02 6.35070000e+06 0.00000000e+00 0.00000000e+00 0.00000000e+00]
 [4.00913515e+02 4.01025995e+02 3.99685562e+02 3.99694916e+02 3.63460000e+06 0.00000000e+00 0.00000000e+00 0.00000000e+00]
 [4.00876031e+02 4.03228841e+02 4.00004283e+02 4.02666412e+02 3.65550000e+06 0.00000000e+00 0.00000000e+00 0.00000000e+00]
 [4.03959971e+02 4.04016211e+02 4.01804001e+02 4.02853851e+02 3.12230000e+06 0.00000000e+00 0.00000000e+00 0.00000000e+00]
 [4.02619530e+02 4.05497265e+02 4.02572673e+02 4.04391174e+02 3.26700000e+06 0.00000000e+00 0.00000000e+00 0.00000000e+00]
 [4.04231798e+02 4.04372427e+02 4.02919485e+02 4.03416290e+02 3.76490000e+06 0.00000000e+00 0.00000000e+00 0.00000000e+00]
 [4.04419278e+02 4.05103569e+02 4.01944605e+02 4.04812958e+02 4.73220000e+06 0.00000000e+00 0.00000000e+00 0.00000000e+00]
 [4.04822301e+02 4.05872151e+02 4.03425628e+02 4.04053650e+02 4.88620000e+06 0.00000000e+00 0.00000000e+00 0.00000000e+00]
 [4.05815957e+02 4.08140647e+02 4.02807005e+02 4.02985107e+02 4.86830000e+06 0.00000000e+00 0.00000000e+00 0.00000000e+00]
 [4.02666412e+02 4.04278691e+02 4.00294865e+02 4.03510040e+02 6.79520000e+06 0.00000000e+00 0.00000000e+00 0.00000000e+00]
 [4.01719609e+02 4.04709824e+02 4.00922838e+02 4.04503601e+02 4.56960000e+06 0.00000000e+00 0.00000000e+00 0.00000000e+00]
 [3.98560721e+02 3.99807412e+02 3.94539392e+02 3.95701752e+02 7.70250000e+06 0.00000000e+00 0.00000000e+00 0.00000000e+00]
 [3.99985494e+02 4.02113344e+02 3.97960770e+02 4.00482300e+02 6.30080000e+06 0.00000000e+00 0.00000000e+00 0.00000000e+00]
 [3.98195136e+02 3.99910541e+02 3.92411574e+02 3.92814636e+02 8.65760000e+06 0.00000000e+00 0.00000000e+00 0.00000000e+00]
 [3.97885823e+02 4.00463593e+02 3.88043429e+02 3.88296509e+02 8.33700000e+06 0.00000000e+00 0.00000000e+00 0.00000000e+00]
 [3.88465231e+02 3.95626729e+02 3.88099642e+02 3.94220673e+02 1.04177000e+07 0.00000000e+00 0.00000000e+00 0.00000000e+00]
 [3.95682990e+02 3.96685984e+02 3.86918567e+02 3.90733673e+02 1.02289000e+07 0.00000000e+00 0.00000000e+00 0.00000000e+00]
 [3.93142666e+02 3.97126492e+02 3.90883600e+02 3.95401733e+02 7.28950000e+06 0.00000000e+00 0.00000000e+00 0.00000000e+00]
 [4.00238626e+02 4.04100589e+02 4.00201123e+02 4.03528778e+02 4.73190000e+06 0.00000000e+00 0.00000000e+00 0.00000000e+00]
 [4.03959997e+02 4.05075470e+02 4.02357072e+02 4.04663025e+02 4.47650000e+06 0.00000000e+00 0.00000000e+00 0.00000000e+00]
 [4.03500618e+02 4.04306771e+02 4.01766476e+02 4.01907104e+02 5.03540000e+06 0.00000000e+00 0.00000000e+00 0.00000000e+00]
 [4.04419301e+02 4.05844094e+02 4.02085257e+02 4.05740997e+02 6.23830000e+06 0.00000000e+00 0.00000000e+00 0.00000000e+00]
 [4.05281649e+02 4.05562877e+02 4.01897754e+02 4.02141479e+02 5.92390000e+06 0.00000000e+00 0.00000000e+00 0.00000000e+00]
 [3.99132512e+02 4.01419700e+02 3.96695371e+02 3.99404358e+02 6.52290000e+06 0.00000000e+00 0.00000000e+00 0.00000000e+00]
 [3.99423121e+02 4.05862883e+02 3.97135962e+02 4.05647278e+02 6.87130000e+06 0.00000000e+00 0.00000000e+00 0.00000000e+00]
 [4.07343910e+02 4.07568870e+02 4.00585474e+02 4.01982147e+02 7.15950000e+06 0.00000000e+00 0.00000000e+00 0.00000000e+00]
 [3.99179467e+02 4.01935340e+02 3.96198634e+02 3.97810913e+02 8.88270000e+06 0.00000000e+00 0.00000000e+00 0.00000000e+00]
 [3.93123912e+02 3.93901918e+02 3.90227412e+02 3.93508209e+02 9.90340000e+06 0.00000000e+00 0.00000000e+00 0.00000000e+00]
 [3.96691016e+02 4.00642415e+02 3.94687094e+02 4.00491882e+02 6.91670000e+06 1.53300000e+00 0.00000000e+00 0.00000000e+00]
 [4.00266113e+02 4.04631440e+02 4.00143804e+02 4.04537354e+02 4.99220000e+06 0.00000000e+00 0.00000000e+00 0.00000000e+00]
 [4.05402912e+02 4.08404087e+02 4.05365272e+02 4.07030518e+02 5.03270000e+06 0.00000000e+00 0.00000000e+00 0.00000000e+00]
 [4.08291154e+02 4.12844653e+02 4.08262930e+02 4.12835236e+02 4.98630000e+06 0.00000000e+00 0.00000000e+00 0.00000000e+00]
 [4.13277475e+02 4.14133612e+02 4.11753373e+02 4.12524841e+02 4.86580000e+06 0.00000000e+00 0.00000000e+00 0.00000000e+00]
 [4.12543648e+02 4.13907828e+02 4.11640481e+02 4.13023468e+02 4.59670000e+06 0.00000000e+00 0.00000000e+00 0.00000000e+00]
 [4.13380973e+02 4.14293527e+02 4.11433496e+02 4.11856842e+02 3.75180000e+06 0.00000000e+00 0.00000000e+00 0.00000000e+00]
 [4.11348810e+02 4.12430732e+02 4.10558536e+02 4.10727875e+02 5.18560000e+06 0.00000000e+00 0.00000000e+00 0.00000000e+00]
 [4.12007335e+02 4.13268012e+02 4.09852909e+02 4.13249207e+02 6.01730000e+06 0.00000000e+00 0.00000000e+00 0.00000000e+00]
 [4.14500463e+02 4.15140233e+02 4.11339367e+02 4.13079865e+02 6.26220000e+06 0.00000000e+00 0.00000000e+00 0.00000000e+00]
 [4.12807006e+02 4.13399719e+02 4.05045354e+02 4.05167664e+02 7.53960000e+06 0.00000000e+00 0.00000000e+00 0.00000000e+00]
 [4.04734930e+02 4.07209227e+02 4.02571058e+02 4.04622009e+02 7.97150000e+06 0.00000000e+00 0.00000000e+00 0.00000000e+00]
 [4.04744347e+02 4.05826269e+02 4.01912539e+02 4.03220245e+02 6.15750000e+06 0.00000000e+00 0.00000000e+00 0.00000000e+00]
 [4.00200259e+02 4.02843922e+02 3.94922319e+02 4.02693390e+02 1.04815000e+07 0.00000000e+00 0.00000000e+00 0.00000000e+00]
 [4.02364032e+02 4.06381294e+02 3.99635700e+02 4.06221344e+02 7.28240000e+06 0.00000000e+00 0.00000000e+00 0.00000000e+00]
 [4.07896014e+02 4.09288418e+02 4.05619279e+02 4.07435028e+02 8.27030000e+06 0.00000000e+00 0.00000000e+00 0.00000000e+00]
 [4.08394648e+02 4.08987361e+02 4.00868197e+02 4.01818420e+02 7.52130000e+06 0.00000000e+00 0.00000000e+00 0.00000000e+00]
 [3.98854830e+02 4.02269933e+02 3.97782297e+02 4.01940674e+02 9.96080000e+06 0.00000000e+00 0.00000000e+00 0.00000000e+00]
 [3.97603631e+02 3.99823949e+02 3.92626757e+02 3.94894104e+02 1.06815000e+07 0.00000000e+00 0.00000000e+00 0.00000000e+00]
 [3.96239452e+02 3.97528352e+02 3.90500527e+02 3.90745117e+02 8.18410000e+06 0.00000000e+00 0.00000000e+00 0.00000000e+00]
 [3.92476221e+02 3.96785101e+02 3.86003468e+02 3.86445648e+02 8.90760000e+06 0.00000000e+00 0.00000000e+00 0.00000000e+00]
 [3.85457752e+02 3.87546343e+02 3.78825079e+02 3.78853302e+02 1.62259000e+07 0.00000000e+00 0.00000000e+00 0.00000000e+00]
 [3.73744749e+02 3.80913689e+02 3.63941534e+02 3.80433868e+02 2.29707000e+07 0.00000000e+00 0.00000000e+00 0.00000000e+00]
 [3.74600864e+02 3.80330371e+02 3.69482875e+02 3.75814484e+02 1.68363000e+07 0.00000000e+00 0.00000000e+00 0.00000000e+00]
 [3.81647535e+02 3.84037192e+02 3.70997600e+02 3.74967804e+02 1.43773000e+07 0.00000000e+00 0.00000000e+00 0.00000000e+00]
 [3.79079090e+02 3.81939149e+02 3.71449164e+02 3.73067352e+02 1.24552000e+07 0.00000000e+00 0.00000000e+00 0.00000000e+00]
 [3.74271627e+02 3.82277871e+02 3.70019164e+02 3.82212036e+02 1.20968000e+07 0.00000000e+00 0.00000000e+00 0.00000000e+00]
 [3.81656952e+02 3.89465634e+02 3.80415081e+02 3.89202209e+02 9.20040000e+06 0.00000000e+00 0.00000000e+00 0.00000000e+00]
 [3.89813731e+02 3.92353920e+02 3.86577354e+02 3.91742401e+02 8.15490000e+06 0.00000000e+00 0.00000000e+00 0.00000000e+00]
 [3.94179037e+02 3.96248794e+02 3.91883467e+02 3.95477325e+02 6.72650000e+06 0.00000000e+00 0.00000000e+00 0.00000000e+00]
 [3.90048962e+02 3.91780043e+02 3.85533102e+02 3.86285736e+02 7.65830000e+06 0.00000000e+00 0.00000000e+00 0.00000000e+00]
 [3.86050520e+02 3.91601272e+02 3.83905482e+02 3.88101471e+02 8.21000000e+06 0.00000000e+00 0.00000000e+00 0.00000000e+00]
 [3.88769437e+02 3.90077143e+02 3.85636535e+02 3.86821960e+02 5.62090000e+06 0.00000000e+00 0.00000000e+00 0.00000000e+00]
 [3.86407974e+02 3.90867387e+02 3.85119074e+02 3.89954803e+02 5.56570000e+06 0.00000000e+00 0.00000000e+00 0.00000000e+00]
 [3.93774449e+02 3.95957127e+02 3.93586305e+02 3.95674896e+02 6.28450000e+06 0.00000000e+00 0.00000000e+00 0.00000000e+00]
 [3.90368793e+02 3.95891322e+02 3.86803157e+02 3.88722382e+02 9.26050000e+06 0.00000000e+00 0.00000000e+00 0.00000000e+00]
 [3.88694135e+02 3.90622806e+02 3.79681223e+02 3.80970123e+02 1.04586000e+07 0.00000000e+00 0.00000000e+00 0.00000000e+00]
 [3.80490353e+02 3.81958009e+02 3.76548372e+02 3.79728302e+02 1.01676000e+07 0.00000000e+00 0.00000000e+00 0.00000000e+00]
 [3.84018346e+02 3.86003463e+02 3.83340964e+02 3.85824707e+02 6.81500000e+06 0.00000000e+00 0.00000000e+00 0.00000000e+00]
 [3.84037223e+02 3.87508802e+02 3.82268503e+02 3.86285736e+02 7.74380000e+06 0.00000000e+00 0.00000000e+00 0.00000000e+00]
 [3.83369193e+02 3.83830208e+02 3.77479765e+02 3.78072449e+02 7.54100000e+06 0.00000000e+00 0.00000000e+00 0.00000000e+00]
 [3.78345325e+02 3.79436664e+02 3.73500178e+02 3.75654633e+02 1.05708000e+07 0.00000000e+00 0.00000000e+00 0.00000000e+00]
 [3.73547167e+02 3.76670652e+02 3.68335121e+02 3.71543274e+02 1.04147000e+07 0.00000000e+00 0.00000000e+00 0.00000000e+00]
 [3.74196358e+02 3.74742042e+02 3.64449617e+02 3.64854156e+02 1.21549000e+07 0.00000000e+00 0.00000000e+00 0.00000000e+00]
 [3.55399043e+02 3.70837680e+02 3.55154424e+02 3.70461334e+02 2.12772000e+07 0.00000000e+00 0.00000000e+00 0.00000000e+00]
 [3.71571509e+02 3.78693392e+02 3.70113242e+02 3.78552277e+02 1.16652000e+07 0.00000000e+00 0.00000000e+00 0.00000000e+00]
 [3.73669426e+02 3.79003811e+02 3.72559282e+02 3.77601990e+02 1.18559000e+07 0.00000000e+00 0.00000000e+00 0.00000000e+00]
 [3.76331963e+02 3.78128907e+02 3.69539340e+02 3.71938385e+02 9.12440000e+06 0.00000000e+00 0.00000000e+00 0.00000000e+00]
 [3.74177537e+02 3.80179886e+02 3.73293176e+02 3.78768677e+02 8.18520000e+06 0.00000000e+00 0.00000000e+00 0.00000000e+00]
 [3.81045439e+02 3.81534677e+02 3.75268902e+02 3.76868256e+02 8.74530000e+06 0.00000000e+00 0.00000000e+00 0.00000000e+00]
 [3.73434273e+02 3.74845483e+02 3.70085005e+02 3.73820007e+02 6.31770000e+06 0.00000000e+00 0.00000000e+00 0.00000000e+00]
 [3.73246155e+02 3.73500162e+02 3.62737334e+02 3.62784363e+02 8.41150000e+06 0.00000000e+00 0.00000000e+00 0.00000000e+00]
 [3.62925496e+02 3.69492307e+02 3.59049378e+02 3.60046631e+02 9.35610000e+06 0.00000000e+00 0.00000000e+00 0.00000000e+00]
 [3.67742373e+02 3.71477376e+02 3.65710228e+02 3.69642792e+02 5.81260000e+06 0.00000000e+00 0.00000000e+00 0.00000000e+00]
 [3.65446882e+02 3.68805568e+02 3.63649938e+02 3.67996460e+02 6.39480000e+06 0.00000000e+00 0.00000000e+00 0.00000000e+00]
 [3.70320227e+02 3.70856493e+02 3.62850221e+02 3.63301819e+02 5.87280000e+06 0.00000000e+00 0.00000000e+00 0.00000000e+00]
 [3.64157930e+02 3.67168493e+02 3.59623237e+02 3.60648712e+02 6.45500000e+06 0.00000000e+00 0.00000000e+00 0.00000000e+00]
 [3.63019519e+02 3.69144178e+02 3.61862346e+02 3.68560883e+02 5.73940000e+06 0.00000000e+00 0.00000000e+00 0.00000000e+00]
 [3.72088949e+02 3.76840010e+02 3.67431946e+02 3.76802399e+02 7.40730000e+06 0.00000000e+00 0.00000000e+00 0.00000000e+00]
 [3.75043044e+02 3.81553408e+02 3.74723145e+02 3.81412292e+02 5.17750000e+06 0.00000000e+00 0.00000000e+00 0.00000000e+00]
 [3.80066937e+02 3.85994005e+02 3.79370721e+02 3.85627106e+02 5.87500000e+06 0.00000000e+00 0.00000000e+00 0.00000000e+00]
 [3.85580041e+02 3.87376985e+02 3.82371888e+02 3.85645905e+02 4.15950000e+06 0.00000000e+00 0.00000000e+00 0.00000000e+00]
 [3.86859637e+02 3.90923900e+02 3.86859637e+02 3.90124237e+02 4.23170000e+06 0.00000000e+00 0.00000000e+00 0.00000000e+00]
 [3.87762810e+02 3.89136379e+02 3.85062700e+02 3.85100311e+02 3.74260000e+06 0.00000000e+00 0.00000000e+00 0.00000000e+00]
 [3.86925992e+02 3.90900119e+02 3.85906482e+02 3.90824585e+02 2.97730000e+06 1.37400000e+00 0.00000000e+00 0.00000000e+00]
 [3.91551411e+02 3.93033430e+02 3.89115939e+02 3.92806885e+02 3.63800000e+06 0.00000000e+00 0.00000000e+00 0.00000000e+00]
 [3.92221619e+02 3.95572719e+02 3.90513027e+02 3.95516083e+02 3.39530000e+06 0.00000000e+00 0.00000000e+00 0.00000000e+00]
 [3.99263723e+02 4.00925128e+02 3.96705558e+02 4.00519226e+02 5.51060000e+06 0.00000000e+00 0.00000000e+00 0.00000000e+00]
 [3.99546884e+02 4.00254865e+02 3.96082483e+02 3.98027069e+02 4.79430000e+06 0.00000000e+00 0.00000000e+00 0.00000000e+00]
 [3.97385200e+02 3.98045994e+02 3.91796855e+02 3.91910156e+02 5.87660000e+06 0.00000000e+00 0.00000000e+00 0.00000000e+00]
 [3.93335545e+02 3.93467715e+02 3.89739002e+02 3.92995728e+02 4.66310000e+06 0.00000000e+00 0.00000000e+00 0.00000000e+00]
 [3.93118372e+02 3.96431704e+02 3.92429260e+02 3.96327881e+02 5.11720000e+06 0.00000000e+00 0.00000000e+00 0.00000000e+00]
 [3.95110239e+02 3.97243632e+02 3.90333727e+02 3.91428741e+02 4.11200000e+06 0.00000000e+00 0.00000000e+00 0.00000000e+00]
 [3.87747199e+02 3.89540746e+02 3.84802002e+02 3.87463989e+02 5.54070000e+06 0.00000000e+00 0.00000000e+00 0.00000000e+00]
 [3.86652190e+02 3.91088855e+02 3.84896381e+02 3.89418030e+02 4.95410000e+06 0.00000000e+00 0.00000000e+00 0.00000000e+00]
 [3.88776108e+02 3.91013325e+02 3.87010880e+02 3.88474030e+02 4.75280000e+06 0.00000000e+00 0.00000000e+00 0.00000000e+00]
 [3.85613803e+02 3.86142427e+02 3.81299830e+02 3.81743500e+02 3.34280000e+06 0.00000000e+00 0.00000000e+00 0.00000000e+00]
 [3.84509371e+02 3.86756036e+02 3.78883287e+02 3.80346466e+02 6.61580000e+06 0.00000000e+00 0.00000000e+00 0.00000000e+00]
 [3.80016038e+02 3.85330622e+02 3.79931084e+02 3.84641510e+02 4.35870000e+06 0.00000000e+00 0.00000000e+00 0.00000000e+00]
 [3.84877431e+02 3.85878042e+02 3.79798841e+02 3.79968750e+02 3.73570000e+06 0.00000000e+00 0.00000000e+00 0.00000000e+00]
 [3.79053170e+02 3.81573596e+02 3.78005372e+02 3.80034912e+02 4.30590000e+06 0.00000000e+00 0.00000000e+00 0.00000000e+00]
 [3.80025383e+02 3.86812565e+02 3.79817708e+02 3.86104584e+02 3.84150000e+06 0.00000000e+00 0.00000000e+00 0.00000000e+00]
 [3.87803753e+02 3.88341825e+02 3.84830238e+02 3.85811951e+02 5.06710000e+06 0.00000000e+00 0.00000000e+00 0.00000000e+00]
 [3.89276440e+02 3.90503597e+02 3.79289168e+02 3.80091553e+02 4.67020000e+06 0.00000000e+00 0.00000000e+00 0.00000000e+00]
 [3.79166454e+02 3.79374129e+02 3.69188631e+02 3.69717255e+02 6.32640000e+06 0.00000000e+00 0.00000000e+00 0.00000000e+00]
 [3.67602749e+02 3.71982778e+02 3.63430367e+02 3.71737335e+02 8.14120000e+06 0.00000000e+00 0.00000000e+00 0.00000000e+00]
 [3.69471851e+02 3.69651209e+02 3.61013843e+02 3.61108246e+02 8.49300000e+06 0.00000000e+00 0.00000000e+00 0.00000000e+00]
 [3.62014407e+02 3.66970275e+02 3.60126457e+02 3.62042725e+02 6.41570000e+06 0.00000000e+00 0.00000000e+00 0.00000000e+00]
 [3.66479489e+02 3.72775787e+02 3.62363742e+02 3.71114410e+02 7.03020000e+06 0.00000000e+00 0.00000000e+00 0.00000000e+00]
 [3.67602813e+02 3.69519082e+02 3.56822604e+02 3.57483398e+02 8.22190000e+06 0.00000000e+00 0.00000000e+00 0.00000000e+00]
 [3.57568298e+02 3.60853313e+02 3.51470199e+02 3.59729980e+02 1.07370000e+07 0.00000000e+00 0.00000000e+00 0.00000000e+00]
 [3.60239770e+02 3.63487047e+02 3.58710535e+02 3.61287598e+02 5.60770000e+06 0.00000000e+00 0.00000000e+00 0.00000000e+00]
 [3.61872795e+02 3.72804012e+02 3.58974785e+02 3.72247070e+02 7.36750000e+06 0.00000000e+00 0.00000000e+00 0.00000000e+00]
 [3.68357922e+02 3.68442876e+02 3.55264993e+02 3.59173035e+02 1.04773000e+07 0.00000000e+00 0.00000000e+00 0.00000000e+00]
 [3.56832038e+02 3.59918826e+02 3.52055526e+02 3.56916992e+02 7.95960000e+06 0.00000000e+00 0.00000000e+00 0.00000000e+00]
 [3.51498553e+02 3.52631335e+02 3.44078923e+02 3.45400482e+02 1.07932000e+07 0.00000000e+00 0.00000000e+00 0.00000000e+00]
 [3.51064385e+02 3.52310439e+02 3.42578057e+02 3.46287872e+02 7.87080000e+06 0.00000000e+00 0.00000000e+00 0.00000000e+00]
 [3.45466628e+02 3.50554639e+02 3.40085957e+02 3.40708984e+02 8.02690000e+06 0.00000000e+00 0.00000000e+00 0.00000000e+00]
 [3.37792043e+02 3.43370939e+02 3.34186051e+02 3.40444611e+02 7.67920000e+06 0.00000000e+00 0.00000000e+00 0.00000000e+00]
 [3.44296011e+02 3.49818242e+02 3.43267082e+02 3.48477814e+02 5.37740000e+06 0.00000000e+00 0.00000000e+00 0.00000000e+00]
 [3.47109090e+02 3.50545173e+02 3.44975726e+02 3.47231812e+02 4.71980000e+06 0.00000000e+00 0.00000000e+00 0.00000000e+00]
 [3.52725683e+02 3.54519230e+02 3.49346237e+02 3.54179413e+02 4.51330000e+06 0.00000000e+00 0.00000000e+00 0.00000000e+00]
 [3.50195855e+02 3.50365763e+02 3.38887024e+02 3.40151947e+02 6.88360000e+06 0.00000000e+00 0.00000000e+00 0.00000000e+00]
 [3.37159582e+02 3.41936094e+02 3.35913528e+02 3.37876984e+02 6.35950000e+06 0.00000000e+00 0.00000000e+00 0.00000000e+00]
 [3.41162003e+02 3.41671758e+02 3.30164700e+02 3.37961914e+02 8.75590000e+06 0.00000000e+00 0.00000000e+00 0.00000000e+00]
 [3.40859933e+02 3.45088951e+02 3.38745438e+02 3.44371521e+02 5.25490000e+06 0.00000000e+00 0.00000000e+00 0.00000000e+00]
 [3.40633472e+02 3.42861240e+02 3.35772005e+02 3.41888947e+02 5.56730000e+06 0.00000000e+00 0.00000000e+00 0.00000000e+00]
 [3.40340788e+02 3.46589899e+02 3.40085896e+02 3.44739716e+02 5.70460000e+06 0.00000000e+00 0.00000000e+00 0.00000000e+00]
 [3.45919716e+02 3.53169438e+02 3.45749778e+02 3.51592987e+02 4.24830000e+06 0.00000000e+00 0.00000000e+00 0.00000000e+00]
 [3.53934043e+02 3.60466335e+02 3.53801872e+02 3.60409698e+02 3.91180000e+06 0.00000000e+00 0.00000000e+00 0.00000000e+00]
 [3.58927590e+02 3.61400799e+02 3.55803035e+02 3.58408386e+02 5.01650000e+06 0.00000000e+00 0.00000000e+00 0.00000000e+00]
 [3.60230284e+02 3.61202606e+02 3.53141051e+02 3.55406586e+02 4.24580000e+06 0.00000000e+00 0.00000000e+00 0.00000000e+00]
 [3.55321696e+02 3.62241021e+02 3.53235519e+02 3.62156067e+02 3.27370000e+06 0.00000000e+00 0.00000000e+00 0.00000000e+00]
 [3.57870398e+02 3.59276941e+02 3.55387768e+02 3.56293976e+02 2.74950000e+06 0.00000000e+00 0.00000000e+00 0.00000000e+00]
 [3.59965990e+02 3.61504674e+02 3.56265624e+02 3.57266235e+02 2.65950000e+06 0.00000000e+00 0.00000000e+00 0.00000000e+00]
 [3.54141668e+02 3.61174264e+02 3.53716867e+02 3.60758942e+02 2.64990000e+06 0.00000000e+00 0.00000000e+00 0.00000000e+00]
 [3.59182466e+02 3.60815553e+02 3.56123997e+02 3.56813080e+02 3.43640000e+06 0.00000000e+00 0.00000000e+00 0.00000000e+00]
 [3.55161140e+02 3.57237896e+02 3.48345639e+02 3.48421173e+02 3.02200000e+06 0.00000000e+00 0.00000000e+00 0.00000000e+00]
 [3.42596895e+02 3.43314326e+02 3.38160229e+02 3.38197968e+02 7.62970000e+06 0.00000000e+00 0.00000000e+00 0.00000000e+00]
 [3.29551099e+02 3.31184186e+02 3.23840062e+02 3.25161621e+02 1.03997000e+07 0.00000000e+00 0.00000000e+00 0.00000000e+00]
 [3.26964623e+02 3.27861411e+02 3.21489580e+02 3.24349823e+02 7.58420000e+06 0.00000000e+00 0.00000000e+00 0.00000000e+00]
 [3.27389400e+02 3.33072119e+02 3.22811116e+02 3.28994141e+02 7.88760000e+06 0.00000000e+00 0.00000000e+00 0.00000000e+00]
 [3.21404627e+02 3.21744444e+02 3.15825731e+02 3.18185669e+02 8.82190000e+06 0.00000000e+00 0.00000000e+00 0.00000000e+00]
 [3.18412261e+02 3.21772810e+02 3.15514250e+02 3.19016418e+02 7.08400000e+06 0.00000000e+00 0.00000000e+00 0.00000000e+00]
 [3.23962797e+02 3.28031327e+02 3.23887263e+02 3.26832489e+02 5.62830000e+06 0.00000000e+00 0.00000000e+00 0.00000000e+00]
 [3.22915055e+02 3.29928813e+02 3.22490283e+02 3.26143463e+02 4.87610000e+06 0.00000000e+00 0.00000000e+00 0.00000000e+00]
 [3.28154075e+02 3.30023127e+02 3.24859611e+02 3.29570038e+02 6.70880000e+06 0.00000000e+00 0.00000000e+00 0.00000000e+00]
 [3.32307542e+02 3.39849893e+02 3.32250906e+02 3.39831024e+02 5.45860000e+06 0.00000000e+00 0.00000000e+00 0.00000000e+00]
 [3.40774988e+02 3.40916578e+02 3.37537160e+02 3.38556641e+02 4.60860000e+06 0.00000000e+00 0.00000000e+00 0.00000000e+00]
 [3.39906529e+02 3.42511909e+02 3.31240845e+02 3.31240845e+02 8.79780000e+06 0.00000000e+00 0.00000000e+00 0.00000000e+00]
 [3.32152645e+02 3.33034132e+02 3.29669301e+02 3.31403870e+02 3.77590000e+06 1.43200000e+00 0.00000000e+00 0.00000000e+00]
 [3.27839999e+02 3.31593449e+02 3.24588904e+02 3.28787842e+02 7.15960000e+06 0.00000000e+00 0.00000000e+00 0.00000000e+00]
 [3.28105403e+02 3.32531814e+02 3.25669439e+02 3.32162170e+02 7.48150000e+06 0.00000000e+00 0.00000000e+00 0.00000000e+00]
 [3.27460865e+02 3.32787739e+02 3.24901677e+02 3.32749817e+02 6.18060000e+06 0.00000000e+00 0.00000000e+00 0.00000000e+00]
 [3.32910978e+02 3.36181020e+02 3.30730922e+02 3.33953583e+02 5.45090000e+06 0.00000000e+00 0.00000000e+00 0.00000000e+00]
 [3.35545889e+02 3.39612114e+02 3.35536401e+02 3.38853851e+02 3.73750000e+06 0.00000000e+00 0.00000000e+00 0.00000000e+00]
 [3.37346818e+02 3.40323030e+02 3.35981922e+02 3.38654846e+02 4.79130000e+06 0.00000000e+00 0.00000000e+00 0.00000000e+00]
 [3.36332659e+02 3.37024595e+02 3.34124197e+02 3.34825592e+02 3.49170000e+06 0.00000000e+00 0.00000000e+00 0.00000000e+00]
 [3.34209481e+02 3.36389509e+02 3.30209582e+02 3.31735596e+02 4.08030000e+06 0.00000000e+00 0.00000000e+00 0.00000000e+00]
 [3.26759425e+02 3.32692932e+02 3.26408728e+02 3.30190613e+02 5.60350000e+06 0.00000000e+00 0.00000000e+00 0.00000000e+00]
 [3.25498797e+02 3.29802013e+02 3.23261872e+02 3.29318604e+02 4.62480000e+06 0.00000000e+00 0.00000000e+00 0.00000000e+00]
 [3.33384878e+02 3.35640721e+02 3.31555519e+02 3.35545959e+02 4.52050000e+06 0.00000000e+00 0.00000000e+00 0.00000000e+00]
 [3.38351610e+02 3.38967702e+02 3.31669326e+02 3.32768799e+02 3.54490000e+06 0.00000000e+00 0.00000000e+00 0.00000000e+00]
 [3.36436900e+02 3.42256641e+02 3.35773398e+02 3.41801666e+02 3.62020000e+06 0.00000000e+00 0.00000000e+00 0.00000000e+00]
 [3.41887059e+02 3.45242403e+02 3.40702255e+02 3.43991272e+02 4.27060000e+06 0.00000000e+00 0.00000000e+00 0.00000000e+00]
 [3.43460491e+02 3.47498313e+02 3.41233083e+02 3.47469879e+02 4.60400000e+06 0.00000000e+00 0.00000000e+00 0.00000000e+00]
 [3.47564630e+02 3.48654644e+02 3.42180887e+02 3.44304047e+02 4.53390000e+06 0.00000000e+00 0.00000000e+00 0.00000000e+00]
 [3.44863186e+02 3.45431898e+02 3.42597857e+02 3.44645172e+02 3.90220000e+06 0.00000000e+00 0.00000000e+00 0.00000000e+00]
 [3.43232939e+02 3.43318242e+02 3.39754371e+02 3.40512634e+02 2.98720000e+06 0.00000000e+00 0.00000000e+00 0.00000000e+00]
 [3.43583649e+02 3.51014736e+02 3.43327742e+02 3.49431854e+02 4.50030000e+06 0.00000000e+00 0.00000000e+00 0.00000000e+00]
 [3.50152233e+02 3.54408040e+02 3.46891651e+02 3.53848816e+02 4.34530000e+06 0.00000000e+00 0.00000000e+00 0.00000000e+00]
 [3.55185298e+02 3.59858158e+02 3.54427006e+02 3.59033539e+02 5.24640000e+06 0.00000000e+00 0.00000000e+00 0.00000000e+00]
 [3.56502804e+02 3.60189928e+02 3.55858277e+02 3.57953003e+02 4.42140000e+06 0.00000000e+00 0.00000000e+00 0.00000000e+00]
 [3.56493312e+02 3.59829739e+02 3.54445996e+02 3.55640259e+02 4.13260000e+06 0.00000000e+00 0.00000000e+00 0.00000000e+00]
 [3.57516914e+02 3.62170827e+02 3.57251519e+02 3.61194550e+02 3.85480000e+06 0.00000000e+00 0.00000000e+00 0.00000000e+00]
 [3.61014526e+02 3.61630618e+02 3.59412668e+02 3.60910248e+02 3.41060000e+06 0.00000000e+00 0.00000000e+00 0.00000000e+00]
 [3.57005134e+02 3.60843917e+02 3.56900886e+02 3.60161469e+02 2.85210000e+06 0.00000000e+00 0.00000000e+00 0.00000000e+00]
 [3.61867542e+02 3.63886452e+02 3.58824973e+02 3.59839172e+02 3.45080000e+06 0.00000000e+00 0.00000000e+00 0.00000000e+00]
 [3.59251497e+02 3.59621170e+02 3.57431654e+02 3.58417419e+02 2.36050000e+06 0.00000000e+00 0.00000000e+00 0.00000000e+00]
 [3.64910178e+02 3.66085524e+02 3.63118769e+02 3.65924377e+02 3.65100000e+06 0.00000000e+00 0.00000000e+00 0.00000000e+00]
 [3.68587815e+02 3.70274975e+02 3.65298797e+02 3.65924377e+02 3.57540000e+06 0.00000000e+00 0.00000000e+00 0.00000000e+00]
 [3.67715754e+02 3.72236956e+02 3.66900594e+02 3.72189575e+02 3.66440000e+06 0.00000000e+00 0.00000000e+00 0.00000000e+00]
 [3.70123232e+02 3.74170541e+02 3.70094798e+02 3.73781921e+02 3.20390000e+06 0.00000000e+00 0.00000000e+00 0.00000000e+00]
 [3.72729869e+02 3.76189520e+02 3.71971606e+02 3.74436005e+02 3.86480000e+06 0.00000000e+00 0.00000000e+00 0.00000000e+00]
 [3.71137454e+02 3.74255866e+02 3.69933703e+02 3.71876770e+02 3.22230000e+06 0.00000000e+00 0.00000000e+00 0.00000000e+00]
 [3.71952613e+02 3.73469139e+02 3.70767809e+02 3.73023651e+02 3.25810000e+06 0.00000000e+00 0.00000000e+00 0.00000000e+00]
 [3.70322344e+02 3.70559305e+02 3.67052273e+02 3.67876892e+02 2.89900000e+06 0.00000000e+00 0.00000000e+00 0.00000000e+00]
 [3.63431529e+02 3.63535807e+02 3.59317893e+02 3.60123566e+02 4.15370000e+06 0.00000000e+00 0.00000000e+00 0.00000000e+00]
 [3.59763376e+02 3.61952891e+02 3.58777611e+02 3.59270508e+02 2.86920000e+06 0.00000000e+00 0.00000000e+00 0.00000000e+00]
 [3.59137809e+02 3.61678022e+02 3.58455360e+02 3.60360535e+02 2.24120000e+06 0.00000000e+00 0.00000000e+00 0.00000000e+00]
 [3.61848634e+02 3.65611572e+02 3.60843922e+02 3.65611572e+02 2.63130000e+06 0.00000000e+00 0.00000000e+00 0.00000000e+00]
 [3.65440877e+02 3.65914798e+02 3.53081024e+02 3.53081024e+02 5.15320000e+06 0.00000000e+00 0.00000000e+00 0.00000000e+00]
 [3.50483995e+02 3.53592919e+02 3.49545639e+02 3.50749390e+02 4.95320000e+06 0.00000000e+00 0.00000000e+00 0.00000000e+00]
 [3.51934149e+02 3.52076348e+02 3.45033852e+02 3.46939026e+02 5.04450000e+06 0.00000000e+00 0.00000000e+00 0.00000000e+00]
 [3.48436632e+02 3.49555109e+02 3.44171337e+02 3.44209259e+02 4.06250000e+06 0.00000000e+00 0.00000000e+00 0.00000000e+00]
 [3.42266106e+02 3.45678346e+02 3.39811196e+02 3.45270752e+02 6.12680000e+06 0.00000000e+00 0.00000000e+00 0.00000000e+00]
 [3.48758847e+02 3.49877295e+02 3.40067114e+02 3.41650024e+02 4.54420000e+06 0.00000000e+00 0.00000000e+00 0.00000000e+00]
 [3.42512566e+02 3.43384594e+02 3.38379984e+02 3.40503143e+02 5.68030000e+06 0.00000000e+00 0.00000000e+00 0.00000000e+00]
 [3.40143002e+02 3.47270802e+02 3.39981885e+02 3.46607300e+02 4.13700000e+06 0.00000000e+00 0.00000000e+00 0.00000000e+00]
 [3.44427173e+02 3.49261178e+02 3.43375052e+02 3.48872559e+02 3.69200000e+06 0.00000000e+00 0.00000000e+00 0.00000000e+00]
 [3.50929439e+02 3.55071509e+02 3.50683020e+02 3.54256378e+02 2.62160000e+06 0.00000000e+00 0.00000000e+00 0.00000000e+00]
 [3.56218429e+02 3.58768129e+02 3.55924600e+02 3.58152008e+02 2.96140000e+06 0.00000000e+00 0.00000000e+00 0.00000000e+00]
 [3.50076378e+02 3.51204314e+02 3.41488922e+02 3.42531555e+02 5.54920000e+06 0.00000000e+00 0.00000000e+00 0.00000000e+00]
 [3.43668958e+02 3.45176054e+02 3.40778048e+02 3.43811157e+02 3.55550000e+06 0.00000000e+00 0.00000000e+00 0.00000000e+00]
 [3.42323043e+02 3.44986480e+02 3.38759143e+02 3.39972382e+02 3.80750000e+06 0.00000000e+00 0.00000000e+00 0.00000000e+00]
 [3.36067224e+02 3.37887095e+02 3.34294762e+02 3.37299408e+02 4.45230000e+06 0.00000000e+00 0.00000000e+00 0.00000000e+00]
 [3.34399095e+02 3.39887115e+02 3.34351714e+02 3.39887115e+02 3.41260000e+06 0.00000000e+00 0.00000000e+00 0.00000000e+00]
 [3.36844557e+02 3.37792400e+02 3.33479696e+02 3.36057831e+02 3.62400000e+06 0.00000000e+00 0.00000000e+00 0.00000000e+00]
 [3.37792351e+02 3.40560037e+02 3.30143250e+02 3.30143250e+02 5.10240000e+06 0.00000000e+00 0.00000000e+00 0.00000000e+00]
 [3.29422889e+02 3.30361274e+02 3.26693125e+02 3.27356598e+02 5.55560000e+06 0.00000000e+00 0.00000000e+00 0.00000000e+00]
 [3.24238184e+02 3.24238184e+02 3.17821296e+02 3.21915985e+02 1.04915000e+07 0.00000000e+00 0.00000000e+00 0.00000000e+00]
 [3.20589076e+02 3.23840172e+02 3.17593887e+02 3.18797638e+02 5.40570000e+06 0.00000000e+00 0.00000000e+00 0.00000000e+00]
 [3.22067691e+02 3.24010758e+02 3.15707642e+02 3.17897186e+02 5.79570000e+06 0.00000000e+00 0.00000000e+00 0.00000000e+00]
 [3.18733992e+02 3.25683706e+02 3.17191736e+02 3.24141449e+02 8.68390000e+06 1.46900000e+00 0.00000000e+00 0.00000000e+00]
 [3.20971158e+02 3.21113955e+02 3.14668837e+02 3.17382080e+02 7.23010000e+06 0.00000000e+00 0.00000000e+00 0.00000000e+00]
 [3.16610951e+02 3.20057233e+02 3.12374482e+02 3.12545837e+02 7.73660000e+06 0.00000000e+00 0.00000000e+00 0.00000000e+00]
 [3.15868377e+02 3.22408701e+02 3.14259473e+02 3.20809326e+02 5.73900000e+06 0.00000000e+00 0.00000000e+00 0.00000000e+00]
 [3.25721717e+02 3.30662638e+02 3.25712188e+02 3.30548401e+02 5.11000000e+06 0.00000000e+00 0.00000000e+00 0.00000000e+00]
 [3.26654748e+02 3.31909879e+02 3.24503189e+02 3.29977264e+02 4.75580000e+06 0.00000000e+00 0.00000000e+00 0.00000000e+00]
 [3.28615850e+02 3.31281504e+02 3.26054933e+02 3.26502380e+02 3.87960000e+06 0.00000000e+00 0.00000000e+00 0.00000000e+00]
 [3.22808485e+02 3.23056018e+02 3.15735037e+02 3.17334412e+02 5.16810000e+06 0.00000000e+00 0.00000000e+00 0.00000000e+00]
 [3.18419801e+02 3.18610215e+02 3.12888608e+02 3.14963989e+02 3.93390000e+06 0.00000000e+00 0.00000000e+00 0.00000000e+00]
 [3.13402614e+02 3.17553376e+02 3.11165379e+02 3.12888519e+02 4.96810000e+06 0.00000000e+00 0.00000000e+00 0.00000000e+00]
 [3.13355061e+02 3.14716433e+02 3.11727127e+02 3.11917542e+02 3.23510000e+06 0.00000000e+00 0.00000000e+00 0.00000000e+00]
 [3.05443822e+02 3.21475716e+02 3.04520368e+02 3.20085785e+02 6.39690000e+06 0.00000000e+00 0.00000000e+00 0.00000000e+00]
 [3.22370598e+02 3.23865265e+02 3.12288785e+02 3.12879028e+02 4.87940000e+06 0.00000000e+00 0.00000000e+00 0.00000000e+00]
 [3.18514954e+02 3.21875559e+02 3.18410218e+02 3.20828339e+02 3.88950000e+06 0.00000000e+00 0.00000000e+00 0.00000000e+00]
 [3.28139840e+02 3.28444491e+02 3.21561426e+02 3.24607880e+02 4.90330000e+06 0.00000000e+00 0.00000000e+00 0.00000000e+00]
 [3.22770502e+02 3.25274301e+02 3.19781167e+02 3.22361115e+02 4.40320000e+06 0.00000000e+00 0.00000000e+00 0.00000000e+00]
 [3.21942275e+02 3.25988330e+02 3.18971970e+02 3.19714539e+02 3.45910000e+06 0.00000000e+00 0.00000000e+00 0.00000000e+00]
 [3.19400344e+02 3.27863753e+02 3.18096091e+02 3.27397247e+02 4.36240000e+06 0.00000000e+00 0.00000000e+00 0.00000000e+00]
 [3.28872901e+02 3.32471509e+02 3.26416691e+02 3.31386200e+02 5.63940000e+06 0.00000000e+00 0.00000000e+00 0.00000000e+00]
 [3.31348141e+02 3.37041190e+02 3.31329112e+02 3.36774628e+02 5.20340000e+06 0.00000000e+00 0.00000000e+00 0.00000000e+00]
 [3.33870931e+02 3.39078442e+02 3.33623398e+02 3.34261230e+02 4.27770000e+06 0.00000000e+00 0.00000000e+00 0.00000000e+00]
 [3.35156120e+02 3.36812642e+02 3.31871693e+02 3.32471466e+02 4.14530000e+06 0.00000000e+00 0.00000000e+00 0.00000000e+00]
 [3.32290593e+02 3.40801591e+02 3.32204915e+02 3.40230377e+02 4.38810000e+06 0.00000000e+00 0.00000000e+00 0.00000000e+00]
 [3.38116968e+02 3.39792520e+02 3.37060218e+02 3.37917053e+02 6.43100000e+06 0.00000000e+00 0.00000000e+00 0.00000000e+00]
 [3.41325197e+02 3.41553671e+02 3.35384646e+02 3.36555603e+02 8.01430000e+06 0.00000000e+00 0.00000000e+00 0.00000000e+00]
 [3.35851110e+02 3.39992372e+02 3.27882767e+02 3.27968445e+02 5.02250000e+06 0.00000000e+00 0.00000000e+00 0.00000000e+00]
 [3.24960084e+02 3.27311557e+02 3.22637170e+02 3.24474548e+02 4.53480000e+06 0.00000000e+00 0.00000000e+00 0.00000000e+00]
 [3.29786782e+02 3.31319509e+02 3.23684376e+02 3.29225098e+02 3.65540000e+06 0.00000000e+00 0.00000000e+00 0.00000000e+00]
 [3.30405661e+02 3.32928490e+02 3.28539723e+02 3.32385864e+02 3.31660000e+06 0.00000000e+00 0.00000000e+00 0.00000000e+00]
 [3.33404454e+02 3.36888825e+02 3.30424649e+02 3.34194641e+02 3.23720000e+06 0.00000000e+00 0.00000000e+00 0.00000000e+00]
 [3.32328662e+02 3.33413971e+02 3.26883147e+02 3.27368683e+02 3.57080000e+06 0.00000000e+00 0.00000000e+00 0.00000000e+00]
 [3.39411681e+02 3.45590265e+02 3.37402947e+02 3.45285614e+02 4.60360000e+06 0.00000000e+00 0.00000000e+00 0.00000000e+00]
 [3.46237547e+02 3.49407737e+02 3.44381110e+02 3.48589020e+02 4.87740000e+06 0.00000000e+00 0.00000000e+00 0.00000000e+00]
 [3.47075323e+02 3.50140806e+02 3.45475949e+02 3.45790100e+02 5.27430000e+06 0.00000000e+00 0.00000000e+00 0.00000000e+00]
 [3.50959564e+02 3.51997254e+02 3.45190368e+02 3.48646179e+02 4.59780000e+06 0.00000000e+00 0.00000000e+00 0.00000000e+00]
 [3.47199118e+02 3.47979747e+02 3.45437889e+02 3.45999573e+02 2.75510000e+06 0.00000000e+00 0.00000000e+00 0.00000000e+00]
 [3.41582278e+02 3.45571215e+02 3.41363334e+02 3.45000031e+02 3.27850000e+06 0.00000000e+00 0.00000000e+00 0.00000000e+00]
 [3.47922654e+02 3.48046420e+02 3.43895657e+02 3.46523193e+02 2.57440000e+06 0.00000000e+00 0.00000000e+00 0.00000000e+00]
 [3.45361745e+02 3.46285199e+02 3.43552926e+02 3.45304626e+02 2.39790000e+06 0.00000000e+00 0.00000000e+00 0.00000000e+00]
 [3.47018264e+02 3.50036129e+02 3.45780630e+02 3.49902863e+02 2.31600000e+06 0.00000000e+00 0.00000000e+00 0.00000000e+00]
 [3.49588639e+02 3.52587474e+02 3.49407754e+02 3.52092438e+02 2.59090000e+06 0.00000000e+00 0.00000000e+00 0.00000000e+00]
 [3.51664113e+02 3.52568508e+02 3.51349932e+02 3.52054413e+02 1.42340000e+06 0.00000000e+00 0.00000000e+00 0.00000000e+00]
 [3.49255409e+02 3.50702487e+02 3.45723449e+02 3.46485077e+02 3.55360000e+06 0.00000000e+00 0.00000000e+00 0.00000000e+00]
 [3.46466067e+02 3.47656084e+02 3.44133653e+02 3.45875824e+02 2.50780000e+06 0.00000000e+00 0.00000000e+00 0.00000000e+00]
 [3.46009116e+02 3.56614525e+02 3.44295475e+02 3.56519318e+02 4.74880000e+06 0.00000000e+00 0.00000000e+00 0.00000000e+00]
 [3.57833089e+02 3.58908869e+02 3.54196393e+02 3.56566925e+02 4.60860000e+06 0.00000000e+00 0.00000000e+00 0.00000000e+00]
 [3.51921093e+02 3.56890602e+02 3.51921093e+02 3.56052826e+02 3.59600000e+06 0.00000000e+00 0.00000000e+00 0.00000000e+00]
 [3.53463366e+02 3.54329701e+02 3.48427210e+02 3.49712433e+02 3.70700000e+06 0.00000000e+00 0.00000000e+00 0.00000000e+00]
 [3.49474440e+02 3.49969477e+02 3.42658024e+02 3.44657257e+02 3.91100000e+06 0.00000000e+00 0.00000000e+00 0.00000000e+00]
 [3.43724313e+02 3.46161464e+02 3.43019832e+02 3.43990875e+02 3.33800000e+06 0.00000000e+00 0.00000000e+00 0.00000000e+00]
 [3.45704469e+02 3.47627525e+02 3.44247890e+02 3.46704071e+02 3.60450000e+06 0.00000000e+00 0.00000000e+00 0.00000000e+00]
 [3.45580681e+02 3.47903595e+02 3.44000337e+02 3.44171692e+02 4.27140000e+06 0.00000000e+00 0.00000000e+00 0.00000000e+00]
 [3.44895255e+02 3.49084106e+02 3.44228835e+02 3.49084106e+02 2.94620000e+06 0.00000000e+00 0.00000000e+00 0.00000000e+00]
 [3.59013605e+02 3.59089783e+02 3.49198354e+02 3.51664093e+02 6.16180000e+06 0.00000000e+00 0.00000000e+00 0.00000000e+00]
 [3.51387953e+02 3.54910384e+02 3.46770685e+02 3.49541046e+02 4.70710000e+06 0.00000000e+00 0.00000000e+00 0.00000000e+00]
 [3.45076191e+02 3.45809231e+02 3.39354583e+02 3.40944458e+02 5.12680000e+06 0.00000000e+00 0.00000000e+00 0.00000000e+00]
 [3.38583445e+02 3.39706813e+02 3.34908689e+02 3.36879333e+02 4.53310000e+06 0.00000000e+00 0.00000000e+00 0.00000000e+00]
 [3.37136398e+02 3.37336313e+02 3.32490570e+02 3.33975708e+02 5.53850000e+06 0.00000000e+00 0.00000000e+00 0.00000000e+00]
 [3.33317569e+02 3.35919447e+02 3.32131400e+02 3.34484589e+02 5.06820000e+06 1.67200000e+00 0.00000000e+00 0.00000000e+00]
 [3.36904669e+02 3.40491814e+02 3.36426383e+02 3.39487396e+02 3.83240000e+06 0.00000000e+00 0.00000000e+00 0.00000000e+00]
 [3.36694314e+02 3.36952578e+02 3.29386088e+02 3.34714203e+02 6.45820000e+06 0.00000000e+00 0.00000000e+00 0.00000000e+00]
 [3.33776726e+02 3.36665592e+02 3.32265355e+02 3.36589050e+02 4.57200000e+06 0.00000000e+00 0.00000000e+00 0.00000000e+00]
 [3.36483803e+02 3.36751642e+02 3.33700175e+02 3.35249817e+02 4.30320000e+06 0.00000000e+00 0.00000000e+00 0.00000000e+00]
 [3.35201936e+02 3.36904632e+02 3.30878212e+02 3.31136505e+02 4.46460000e+06 0.00000000e+00 0.00000000e+00 0.00000000e+00]
 [3.33757579e+02 3.37794314e+02 3.33336685e+02 3.37009918e+02 4.08660000e+06 0.00000000e+00 0.00000000e+00 0.00000000e+00]
 [3.34599356e+02 3.36225511e+02 3.32657516e+02 3.36082031e+02 5.32540000e+06 0.00000000e+00 0.00000000e+00 0.00000000e+00]
 [3.37842117e+02 3.39621356e+02 3.32112259e+02 3.34790649e+02 4.95730000e+06 0.00000000e+00 0.00000000e+00 0.00000000e+00]
 [3.36809035e+02 3.39162194e+02 3.34034982e+02 3.37201233e+02 3.11910000e+06 0.00000000e+00 0.00000000e+00 0.00000000e+00]
 [3.35498544e+02 3.35565482e+02 3.32944484e+02 3.33518433e+02 3.21650000e+06 0.00000000e+00 0.00000000e+00 0.00000000e+00]
 [3.36321234e+02 3.42137210e+02 3.33594997e+02 3.41104095e+02 3.46480000e+06 0.00000000e+00 0.00000000e+00 0.00000000e+00]
 [3.43151082e+02 3.46020798e+02 3.40750077e+02 3.40855286e+02 3.77530000e+06 0.00000000e+00 0.00000000e+00 0.00000000e+00]
 [3.40386592e+02 3.43361546e+02 3.39544803e+02 3.43285004e+02 3.49570000e+06 0.00000000e+00 0.00000000e+00 0.00000000e+00]
 [3.44758181e+02 3.47723560e+02 3.44040752e+02 3.47666168e+02 5.71050000e+06 0.00000000e+00 0.00000000e+00 0.00000000e+00]
 [3.48651324e+02 3.50248783e+02 3.44939821e+02 3.48966980e+02 4.74350000e+06 0.00000000e+00 0.00000000e+00 0.00000000e+00]
 [3.45972988e+02 3.50803695e+02 3.45772116e+02 3.50325409e+02 3.01520000e+06 0.00000000e+00 0.00000000e+00 0.00000000e+00]
 [3.50287110e+02 3.51750664e+02 3.49024428e+02 3.49789703e+02 4.94200000e+06 0.00000000e+00 0.00000000e+00 0.00000000e+00]
 [3.50746309e+02 3.51693306e+02 3.43964187e+02 3.44107697e+02 3.93180000e+06 0.00000000e+00 0.00000000e+00 0.00000000e+00]
 [3.42223197e+02 3.43753689e+02 3.40396141e+02 3.41630127e+02 3.56990000e+06 0.00000000e+00 0.00000000e+00 0.00000000e+00]
 [3.42883276e+02 3.48106152e+02 3.41381451e+02 3.47914825e+02 3.26510000e+06 0.00000000e+00 0.00000000e+00 0.00000000e+00]
 [3.48680104e+02 3.53931676e+02 3.47857437e+02 3.52152466e+02 3.24330000e+06 0.00000000e+00 0.00000000e+00 0.00000000e+00]
 [3.50650610e+02 3.52601996e+02 3.49550558e+02 3.51779358e+02 2.70240000e+06 0.00000000e+00 0.00000000e+00 0.00000000e+00]
 [3.47981826e+02 3.52171617e+02 3.45953898e+02 3.51903778e+02 3.06170000e+06 0.00000000e+00 0.00000000e+00 0.00000000e+00]
 [3.54371647e+02 3.55902168e+02 3.51645411e+02 3.55663025e+02 3.46090000e+06 0.00000000e+00 0.00000000e+00 0.00000000e+00]
 [3.54783038e+02 3.58791049e+02 3.54658679e+02 3.56677032e+02 5.54950000e+06 0.00000000e+00 0.00000000e+00 0.00000000e+00]
 [3.54075143e+02 3.56122221e+02 3.51884585e+02 3.52219391e+02 3.28060000e+06 0.00000000e+00 0.00000000e+00 0.00000000e+00]
 [3.52602061e+02 3.57317984e+02 3.52334221e+02 3.57222321e+02 4.18170000e+06 0.00000000e+00 0.00000000e+00 0.00000000e+00]
 [3.56265665e+02 3.63650402e+02 3.53702059e+02 3.61134613e+02 4.94170000e+06 0.00000000e+00 0.00000000e+00 0.00000000e+00]
 [3.64693083e+02 3.67715854e+02 3.62923419e+02 3.66309692e+02 5.20790000e+06 0.00000000e+00 0.00000000e+00 0.00000000e+00]
 [3.61804299e+02 3.66558464e+02 3.61383405e+02 3.62397369e+02 6.47250000e+06 0.00000000e+00 0.00000000e+00 0.00000000e+00]
 [3.60225918e+02 3.61517296e+02 3.58733667e+02 3.60302460e+02 2.88010000e+06 0.00000000e+00 0.00000000e+00 0.00000000e+00]
 [3.59470216e+02 3.66127949e+02 3.58351014e+02 3.64951355e+02 4.50460000e+06 0.00000000e+00 0.00000000e+00 0.00000000e+00]
 [3.63200892e+02 3.64387033e+02 3.60369447e+02 3.60952942e+02 2.92150000e+06 0.00000000e+00 0.00000000e+00 0.00000000e+00]
 [3.64425290e+02 3.64453986e+02 3.56753592e+02 3.57863190e+02 3.32770000e+06 0.00000000e+00 0.00000000e+00 0.00000000e+00]
 [3.56801469e+02 3.59087690e+02 3.56036222e+02 3.58733734e+02 3.25670000e+06 0.00000000e+00 0.00000000e+00 0.00000000e+00]
 [3.59336343e+02 3.62961759e+02 3.58905903e+02 3.62875671e+02 2.98060000e+06 0.00000000e+00 0.00000000e+00 0.00000000e+00]
 [3.61545984e+02 3.64855745e+02 3.59145008e+02 3.62741699e+02 4.71800000e+06 0.00000000e+00 0.00000000e+00 0.00000000e+00]
 [3.60771172e+02 3.64004390e+02 3.59986776e+02 3.63956573e+02 2.82020000e+06 0.00000000e+00 0.00000000e+00 0.00000000e+00]
 [3.59345861e+02 3.62952127e+02 3.58800608e+02 3.58896271e+02 3.07750000e+06 0.00000000e+00 0.00000000e+00 0.00000000e+00]
 [3.56973571e+02 3.58188436e+02 3.55194361e+02 3.57968414e+02 3.28530000e+06 0.00000000e+00 0.00000000e+00 0.00000000e+00]
 [3.54314264e+02 3.55213444e+02 3.50564518e+02 3.50861053e+02 3.10920000e+06 0.00000000e+00 0.00000000e+00 0.00000000e+00]
 [3.51234143e+02 3.52592488e+02 3.48995768e+02 3.50421051e+02 3.87200000e+06 0.00000000e+00 0.00000000e+00 0.00000000e+00]
 [3.53042031e+02 3.53520317e+02 3.48316563e+02 3.52181122e+02 2.86720000e+06 0.00000000e+00 0.00000000e+00 0.00000000e+00]
 [3.47532172e+02 3.49177477e+02 3.46020801e+02 3.48412231e+02 4.05500000e+06 0.00000000e+00 0.00000000e+00 0.00000000e+00]
 [3.51530667e+02 3.52755078e+02 3.48756614e+02 3.49617523e+02 3.30010000e+06 0.00000000e+00 0.00000000e+00 0.00000000e+00]
 [3.49158424e+02 3.50928059e+02 3.48240093e+02 3.48297485e+02 3.02220000e+06 0.00000000e+00 0.00000000e+00 0.00000000e+00]
 [3.47560916e+02 3.48680118e+02 3.45753010e+02 3.47025238e+02 3.76470000e+06 0.00000000e+00 0.00000000e+00 0.00000000e+00]
 [3.45140773e+02 3.50449736e+02 3.44872934e+02 3.49617523e+02 2.72720000e+06 0.00000000e+00 0.00000000e+00 0.00000000e+00]
 [3.51339354e+02 3.55529144e+02 3.50774980e+02 3.55156067e+02 4.91360000e+06 0.00000000e+00 0.00000000e+00 0.00000000e+00]
 [3.56093530e+02 3.58178850e+02 3.55175200e+02 3.55586548e+02 2.63830000e+06 0.00000000e+00 0.00000000e+00 0.00000000e+00]
 [3.55490869e+02 3.55739587e+02 3.49521869e+02 3.50086243e+02 3.54610000e+06 0.00000000e+00 0.00000000e+00 0.00000000e+00]
 [3.50210545e+02 3.51348868e+02 3.48613086e+02 3.50631439e+02 2.90630000e+06 0.00000000e+00 0.00000000e+00 0.00000000e+00]
 [3.51396819e+02 3.52860373e+02 3.43265954e+02 3.44212952e+02 4.40960000e+06 0.00000000e+00 0.00000000e+00 0.00000000e+00]
 [3.43725001e+02 3.45552057e+02 3.37803847e+02 3.39276947e+02 8.36040000e+06 0.00000000e+00 0.00000000e+00 0.00000000e+00]
 [3.35527236e+02 3.43093725e+02 3.34570664e+02 3.38703033e+02 6.47870000e+06 0.00000000e+00 0.00000000e+00 0.00000000e+00]
 [3.43294643e+02 3.45810433e+02 3.40185783e+02 3.44327728e+02 4.79880000e+06 0.00000000e+00 0.00000000e+00 0.00000000e+00]
 [3.39066546e+02 3.42338036e+02 3.37258640e+02 3.42204102e+02 6.61040000e+06 0.00000000e+00 0.00000000e+00 0.00000000e+00]
 [3.40099631e+02 3.48440941e+02 3.39573499e+02 3.48058289e+02 5.01670000e+06 0.00000000e+00 0.00000000e+00 0.00000000e+00]
 [3.47006061e+02 3.47991329e+02 3.42854542e+02 3.44251129e+02 5.18990000e+06 0.00000000e+00 0.00000000e+00 0.00000000e+00]
 [3.44815500e+02 3.47790425e+02 3.44193734e+02 3.47359985e+02 3.09980000e+06 0.00000000e+00 0.00000000e+00 0.00000000e+00]
 [3.50507191e+02 3.52410760e+02 3.49034062e+02 3.51903778e+02 4.11760000e+06 0.00000000e+00 0.00000000e+00 0.00000000e+00]
 [3.51808128e+02 3.55098739e+02 3.45953911e+02 3.46068695e+02 4.09480000e+06 0.00000000e+00 0.00000000e+00 0.00000000e+00]
 [3.48651385e+02 3.52295923e+02 3.44480716e+02 3.46891296e+02 4.78720000e+06 0.00000000e+00 0.00000000e+00 0.00000000e+00]
 [3.45764602e+02 3.49270459e+02 3.43593838e+02 3.49203217e+02 3.74040000e+06 1.48700000e+00 0.00000000e+00 0.00000000e+00]
 [3.51287550e+02 3.51959890e+02 3.49049544e+02 3.49779541e+02 4.14480000e+06 0.00000000e+00 0.00000000e+00 0.00000000e+00]
 [3.49184024e+02 3.49817964e+02 3.47397459e+02 3.49164795e+02 2.41370000e+06 0.00000000e+00 0.00000000e+00 0.00000000e+00]
 [3.52891579e+02 3.54370773e+02 3.51825426e+02 3.54130646e+02 3.63610000e+06 0.00000000e+00 0.00000000e+00 0.00000000e+00]
 [3.56570436e+02 3.56810564e+02 3.54524543e+02 3.56243866e+02 3.31670000e+06 0.00000000e+00 0.00000000e+00 0.00000000e+00]
 [3.57098609e+02 3.61478535e+02 3.56973738e+02 3.61219208e+02 4.15980000e+06 0.00000000e+00 0.00000000e+00 0.00000000e+00]
 [3.60767798e+02 3.62986575e+02 3.60402799e+02 3.62650391e+02 3.52530000e+06 0.00000000e+00 0.00000000e+00 0.00000000e+00]
 [3.63255511e+02 3.63457210e+02 3.59355840e+02 3.60604492e+02 2.71330000e+06 0.00000000e+00 0.00000000e+00 0.00000000e+00]
 [3.59912968e+02 3.60594952e+02 3.58164861e+02 3.59730469e+02 3.22770000e+06 0.00000000e+00 0.00000000e+00 0.00000000e+00]
 [3.58914041e+02 3.61334517e+02 3.58001544e+02 3.61104004e+02 3.07620000e+06 0.00000000e+00 0.00000000e+00 0.00000000e+00]
 [3.58798709e+02 3.61526585e+02 3.58232012e+02 3.61497742e+02 2.67110000e+06 0.00000000e+00 0.00000000e+00 0.00000000e+00]
 [3.62016478e+02 3.62842533e+02 3.60854269e+02 3.61545837e+02 3.06900000e+06 0.00000000e+00 0.00000000e+00 0.00000000e+00]
 [3.63457245e+02 3.63668559e+02 3.59538374e+02 3.60105072e+02 3.62420000e+06 0.00000000e+00 0.00000000e+00 0.00000000e+00]
 [3.61065545e+02 3.65157329e+02 3.60614104e+02 3.64773102e+02 2.68090000e+06 0.00000000e+00 0.00000000e+00 0.00000000e+00]
 [3.64292868e+02 3.66271517e+02 3.61843577e+02 3.64023926e+02 2.98170000e+06 0.00000000e+00 0.00000000e+00 0.00000000e+00]
 [3.63879832e+02 3.65301399e+02 3.62765637e+02 3.65262970e+02 2.72100000e+06 0.00000000e+00 0.00000000e+00 0.00000000e+00]
 [3.66761409e+02 3.66838266e+02 3.64264075e+02 3.65512756e+02 3.01930000e+06 0.00000000e+00 0.00000000e+00 0.00000000e+00]
 [3.63774237e+02 3.66271542e+02 3.63716609e+02 3.65493530e+02 2.67130000e+06 0.00000000e+00 0.00000000e+00 0.00000000e+00]
 [3.62861738e+02 3.65061316e+02 3.62054913e+02 3.63428436e+02 2.95320000e+06 0.00000000e+00 0.00000000e+00 0.00000000e+00]
 [3.63726213e+02 3.64129640e+02 3.61939677e+02 3.63639771e+02 2.76230000e+06 0.00000000e+00 0.00000000e+00 0.00000000e+00]
 [3.63534098e+02 3.64484994e+02 3.62333459e+02 3.64119995e+02 2.31040000e+06 0.00000000e+00 0.00000000e+00 0.00000000e+00]
 [3.62285479e+02 3.62784963e+02 3.58289750e+02 3.58366608e+02 3.79540000e+06 0.00000000e+00 0.00000000e+00 0.00000000e+00]
 [3.58904460e+02 3.59884171e+02 3.56330298e+02 3.56772125e+02 3.76690000e+06 0.00000000e+00 0.00000000e+00 0.00000000e+00]
 [3.59125318e+02 3.64158384e+02 3.58914004e+02 3.63851013e+02 4.30240000e+06 0.00000000e+00 0.00000000e+00 0.00000000e+00]
 [3.63111476e+02 3.67030347e+02 3.63073048e+02 3.66963104e+02 3.38690000e+06 0.00000000e+00 0.00000000e+00 0.00000000e+00]
 [3.66655720e+02 3.68490299e+02 3.66453992e+02 3.66713348e+02 3.06930000e+06 0.00000000e+00 0.00000000e+00 0.00000000e+00]
 [3.66012188e+02 3.66060201e+02 3.59874540e+02 3.62602386e+02 4.31160000e+06 0.00000000e+00 0.00000000e+00 0.00000000e+00]
 [3.62986641e+02 3.65186218e+02 3.59807352e+02 3.60076294e+02 5.51300000e+06 0.00000000e+00 0.00000000e+00 0.00000000e+00]
 [3.59077278e+02 3.59336605e+02 3.56272603e+02 3.57444427e+02 4.42150000e+06 0.00000000e+00 0.00000000e+00 0.00000000e+00]
 [3.60902270e+02 3.65080497e+02 3.60604514e+02 3.64004730e+02 3.13940000e+06 0.00000000e+00 0.00000000e+00 0.00000000e+00]
 [3.64427349e+02 3.64629048e+02 3.62957769e+02 3.64206421e+02 2.95760000e+06 0.00000000e+00 0.00000000e+00 0.00000000e+00]
 [3.62794465e+02 3.63630105e+02 3.62429467e+02 3.62631195e+02 2.27100000e+06 0.00000000e+00 0.00000000e+00 0.00000000e+00]
 [3.65262956e+02 3.65791226e+02 3.60806203e+02 3.64216003e+02 3.51290000e+06 0.00000000e+00 0.00000000e+00 0.00000000e+00]
 [3.63524532e+02 3.63918345e+02 3.61795624e+02 3.63707031e+02 2.67660000e+06 0.00000000e+00 0.00000000e+00 0.00000000e+00]
 [3.64850013e+02 3.65003698e+02 3.60998355e+02 3.63217133e+02 2.53100000e+06 0.00000000e+00 0.00000000e+00 0.00000000e+00]
 [3.63783834e+02 3.64840402e+02 3.62026112e+02 3.64475403e+02 3.88260000e+06 0.00000000e+00 0.00000000e+00 0.00000000e+00]
 [3.63447683e+02 3.64302522e+02 3.62026116e+02 3.62064545e+02 2.27530000e+06 0.00000000e+00 0.00000000e+00 0.00000000e+00]
 [3.63889446e+02 3.67001491e+02 3.62381438e+02 3.66386780e+02 3.22260000e+06 0.00000000e+00 0.00000000e+00 0.00000000e+00]
 [3.66204297e+02 3.70344096e+02 3.65954555e+02 3.69969482e+02 3.34060000e+06 0.00000000e+00 0.00000000e+00 0.00000000e+00]
 [3.70776298e+02 3.71275783e+02 3.68298194e+02 3.69383575e+02 3.64900000e+06 0.00000000e+00 0.00000000e+00 0.00000000e+00]
 [3.69469949e+02 3.70977957e+02 3.68326939e+02 3.69585205e+02 2.78400000e+06 0.00000000e+00 0.00000000e+00 0.00000000e+00]
 [3.68058084e+02 3.68941738e+02 3.65070881e+02 3.65455109e+02 2.88730000e+06 0.00000000e+00 0.00000000e+00 0.00000000e+00]
 [3.63947073e+02 3.64273643e+02 3.61699482e+02 3.62717621e+02 3.61160000e+06 0.00000000e+00 0.00000000e+00 0.00000000e+00]
 [3.65944899e+02 3.67183966e+02 3.63956664e+02 3.65877686e+02 3.31590000e+06 0.00000000e+00 0.00000000e+00 0.00000000e+00]
 [3.66569322e+02 3.71304632e+02 3.66473265e+02 3.70632263e+02 3.04280000e+06 0.00000000e+00 0.00000000e+00 0.00000000e+00]
 [3.72447620e+02 3.72927876e+02 3.69566088e+02 3.70747498e+02 3.96850000e+06 0.00000000e+00 0.00000000e+00 0.00000000e+00]
 [3.69133836e+02 3.69950276e+02 3.67318486e+02 3.68730438e+02 4.20530000e+06 0.00000000e+00 0.00000000e+00 0.00000000e+00]
 [3.69028220e+02 3.73225647e+02 3.67846782e+02 3.72265137e+02 3.56360000e+06 0.00000000e+00 0.00000000e+00 0.00000000e+00]
 [3.74675992e+02 3.78402778e+02 3.74157337e+02 3.77730438e+02 7.36890000e+06 0.00000000e+00 0.00000000e+00 0.00000000e+00]
 [3.77999367e+02 3.79180776e+02 3.76318473e+02 3.77000427e+02 3.48120000e+06 0.00000000e+00 0.00000000e+00 0.00000000e+00]
 [3.76568220e+02 3.78239529e+02 3.75953508e+02 3.77778473e+02 2.89470000e+06 0.00000000e+00 0.00000000e+00 0.00000000e+00]
 [3.78124264e+02 3.79171217e+02 3.76078372e+02 3.76539398e+02 3.94290000e+06 0.00000000e+00 0.00000000e+00 0.00000000e+00]
 [3.76481736e+02 3.79142369e+02 3.75838210e+02 3.78796570e+02 3.45540000e+06 0.00000000e+00 0.00000000e+00 0.00000000e+00]
 [3.79449742e+02 3.81255506e+02 3.78518045e+02 3.79430542e+02 3.06010000e+06 0.00000000e+00 0.00000000e+00 0.00000000e+00]
 [3.80342984e+02 3.82945959e+02 3.79689814e+02 3.82917145e+02 3.79270000e+06 0.00000000e+00 0.00000000e+00 0.00000000e+00]
 [3.84223462e+02 3.85981212e+02 3.83627950e+02 3.85443329e+02 3.91310000e+06 0.00000000e+00 0.00000000e+00 0.00000000e+00]
 [3.85750674e+02 3.87508425e+02 3.82725071e+02 3.85741089e+02 5.16130000e+06 0.00000000e+00 0.00000000e+00 0.00000000e+00]
 [3.85164807e+02 3.91821140e+02 3.85059165e+02 3.90687744e+02 5.28500000e+06 0.00000000e+00 0.00000000e+00 0.00000000e+00]
 [3.92551107e+02 3.92618350e+02 3.88901178e+02 3.89246948e+02 5.14190000e+06 0.00000000e+00 0.00000000e+00 0.00000000e+00]
 [3.87556387e+02 3.88353627e+02 3.85414467e+02 3.87450745e+02 4.24290000e+06 0.00000000e+00 0.00000000e+00 0.00000000e+00]
 [3.86423061e+02 3.87143444e+02 3.84847839e+02 3.85328094e+02 3.42350000e+06 0.00000000e+00 0.00000000e+00 0.00000000e+00]
 [3.84473171e+02 3.86816820e+02 3.84156216e+02 3.86730377e+02 3.14100000e+06 0.00000000e+00 0.00000000e+00 0.00000000e+00]
 [3.83560709e+02 3.85433717e+02 3.83176511e+02 3.83829651e+02 4.21530000e+06 0.00000000e+00 0.00000000e+00 0.00000000e+00]
 [3.83282211e+02 3.85030318e+02 3.82023944e+02 3.82244843e+02 3.25070000e+06 0.00000000e+00 0.00000000e+00 0.00000000e+00]
 [3.83051652e+02 3.87018566e+02 3.82657869e+02 3.86480682e+02 4.30240000e+06 0.00000000e+00 0.00000000e+00 0.00000000e+00]
 [3.85501000e+02 3.87556477e+02 3.84886259e+02 3.86653595e+02 4.32070000e+06 0.00000000e+00 0.00000000e+00 0.00000000e+00]
 [3.86292976e+02 3.88289055e+02 3.85897615e+02 3.88134766e+02 3.91480000e+06 1.57600000e+00 0.00000000e+00 0.00000000e+00]
 [3.90921452e+02 3.93640745e+02 3.90815395e+02 3.92734314e+02 5.17370000e+06 0.00000000e+00 0.00000000e+00 0.00000000e+00]
 [3.92387241e+02 3.93486511e+02 3.92155792e+02 3.93486511e+02 2.37200000e+06 0.00000000e+00 0.00000000e+00 0.00000000e+00]
 [3.91509738e+02 3.93274368e+02 3.91509738e+02 3.92609009e+02 4.23010000e+06 0.00000000e+00 0.00000000e+00 0.00000000e+00]
 [3.89359360e+02 3.89909010e+02 3.87218644e+02 3.89407562e+02 6.04030000e+06 0.00000000e+00 0.00000000e+00 0.00000000e+00]
 [3.88636175e+02 3.92155813e+02 3.88327596e+02 3.88501190e+02 3.67320000e+06 0.00000000e+00 0.00000000e+00 0.00000000e+00]
 [3.88250463e+02 3.89677587e+02 3.87700813e+02 3.89542603e+02 3.36230000e+06 0.00000000e+00 0.00000000e+00 0.00000000e+00]
 [3.90313990e+02 3.92464358e+02 3.89349704e+02 3.92040070e+02 3.17780000e+06 0.00000000e+00 0.00000000e+00 0.00000000e+00]
 [3.95540460e+02 3.96446891e+02 3.94190465e+02 3.95125824e+02 4.24640000e+06 0.00000000e+00 0.00000000e+00 0.00000000e+00]
 [3.96842274e+02 3.99031192e+02 3.96446913e+02 3.98346558e+02 3.27340000e+06 0.00000000e+00 0.00000000e+00 0.00000000e+00]
 [3.99156487e+02 3.99898976e+02 3.97362900e+02 3.98028259e+02 3.68090000e+06 0.00000000e+00 0.00000000e+00 0.00000000e+00]
 [3.97912586e+02 4.00419736e+02 3.97893311e+02 3.99416870e+02 2.96370000e+06 0.00000000e+00 0.00000000e+00 0.00000000e+00]
 [3.99127647e+02 4.03004067e+02 3.98770866e+02 4.02444794e+02 3.59400000e+06 0.00000000e+00 0.00000000e+00 0.00000000e+00]
 [4.03138997e+02 4.04392556e+02 4.02579694e+02 4.03312561e+02 3.49490000e+06 0.00000000e+00 0.00000000e+00 0.00000000e+00]
 [4.02396481e+02 4.03225783e+02 4.00005071e+02 4.00680054e+02 4.08500000e+06 0.00000000e+00 0.00000000e+00 0.00000000e+00]
 [4.02213250e+02 4.02396467e+02 4.00641489e+02 4.00728271e+02 3.17670000e+06 0.00000000e+00 0.00000000e+00 0.00000000e+00]
 [4.01702201e+02 4.03167934e+02 4.01162203e+02 4.02425415e+02 3.47110000e+06 0.00000000e+00 0.00000000e+00 0.00000000e+00]
 [4.02184388e+02 4.04662610e+02 4.02174765e+02 4.03611542e+02 3.94930000e+06 0.00000000e+00 0.00000000e+00 0.00000000e+00]
 [4.02705081e+02 4.04894029e+02 4.01702216e+02 4.03707947e+02 6.13880000e+06 0.00000000e+00 0.00000000e+00 0.00000000e+00]
 [4.06726210e+02 4.07073339e+02 4.00101570e+02 4.00969421e+02 4.14940000e+06 0.00000000e+00 0.00000000e+00 0.00000000e+00]
 [4.03968294e+02 4.05597940e+02 4.03225805e+02 4.04874725e+02 2.70120000e+06 0.00000000e+00 0.00000000e+00 0.00000000e+00]
 [4.05308694e+02 4.05935474e+02 4.04084032e+02 4.05655823e+02 3.45210000e+06 0.00000000e+00 0.00000000e+00 0.00000000e+00]
 [4.04286512e+02 4.05077204e+02 4.03601848e+02 4.04402222e+02 3.11800000e+06 0.00000000e+00 0.00000000e+00 0.00000000e+00]
 [4.01586515e+02 4.01817963e+02 3.98134384e+02 3.98799744e+02 4.97370000e+06 0.00000000e+00 0.00000000e+00 0.00000000e+00]
 [3.96977191e+02 3.99397558e+02 3.96408266e+02 3.97671478e+02 3.02230000e+06 0.00000000e+00 0.00000000e+00 0.00000000e+00]
 [3.99358980e+02 4.01268276e+02 3.95386127e+02 3.95723633e+02 5.71730000e+06 0.00000000e+00 0.00000000e+00 0.00000000e+00]
 [3.97565423e+02 3.99445763e+02 3.96938643e+02 3.99291473e+02 2.59800000e+06 0.00000000e+00 0.00000000e+00 0.00000000e+00]
 [3.97054359e+02 3.97999341e+02 3.94518283e+02 3.97565430e+02 3.78010000e+06 0.00000000e+00 0.00000000e+00 0.00000000e+00]
 [3.97922254e+02 3.97989761e+02 3.94248327e+02 3.94923309e+02 3.14590000e+06 0.00000000e+00 0.00000000e+00 0.00000000e+00]
 [3.97092919e+02 4.00226848e+02 3.94026497e+02 3.95154724e+02 4.58830000e+06 0.00000000e+00 0.00000000e+00 0.00000000e+00]
 [3.93380420e+02 3.95752555e+02 3.92792190e+02 3.94788269e+02 2.91890000e+06 0.00000000e+00 0.00000000e+00 0.00000000e+00]
 [3.93968691e+02 3.97035114e+02 3.93727620e+02 3.97015839e+02 2.77290000e+06 0.00000000e+00 0.00000000e+00 0.00000000e+00]
 [3.95443965e+02 3.97006103e+02 3.91895400e+02 3.92464325e+02 4.68610000e+06 0.00000000e+00 0.00000000e+00 0.00000000e+00]
 [3.92069039e+02 3.93534743e+02 3.89446180e+02 3.89561890e+02 3.35370000e+06 0.00000000e+00 0.00000000e+00 0.00000000e+00]
 [3.90854005e+02 3.91095076e+02 3.86071155e+02 3.86408661e+02 7.10250000e+06 0.00000000e+00 0.00000000e+00 0.00000000e+00]
 [3.83949713e+02 3.87662190e+02 3.83641135e+02 3.86765411e+02 4.15770000e+06 0.00000000e+00 0.00000000e+00 0.00000000e+00]
 [3.87777936e+02 3.89947580e+02 3.85704698e+02 3.89320770e+02 3.29240000e+06 0.00000000e+00 0.00000000e+00 0.00000000e+00]
 [3.90873304e+02 3.90921506e+02 3.87700795e+02 3.88231140e+02 2.64610000e+06 0.00000000e+00 0.00000000e+00 0.00000000e+00]
 [3.89147195e+02 3.93110425e+02 3.89060412e+02 3.92416138e+02 3.25000000e+06 0.00000000e+00 0.00000000e+00 0.00000000e+00]
 [3.94007227e+02 3.94470066e+02 3.87064357e+02 3.87199371e+02 3.45880000e+06 0.00000000e+00 0.00000000e+00 0.00000000e+00]
 [3.88684288e+02 3.91307146e+02 3.85434650e+02 3.89764313e+02 4.41780000e+06 0.00000000e+00 0.00000000e+00 0.00000000e+00]
 [3.91847142e+02 3.92888587e+02 3.90632162e+02 3.92329285e+02 3.23670000e+06 0.00000000e+00 0.00000000e+00 0.00000000e+00]
 [3.92252193e+02 3.98230777e+02 3.92049701e+02 3.97902924e+02 3.48270000e+06 0.00000000e+00 0.00000000e+00 0.00000000e+00]
 [3.98278975e+02 4.00207547e+02 3.97671470e+02 3.99561462e+02 3.00450000e+06 0.00000000e+00 0.00000000e+00 0.00000000e+00]
 [4.00159398e+02 4.01258669e+02 3.98886533e+02 3.99050446e+02 4.75110000e+06 0.00000000e+00 0.00000000e+00 0.00000000e+00]
 [4.01586518e+02 4.01991531e+02 3.98452588e+02 3.99899017e+02 3.58800000e+06 0.00000000e+00 0.00000000e+00 0.00000000e+00]
 [3.99407215e+02 3.99667561e+02 3.98028264e+02 3.98153625e+02 4.42670000e+06 0.00000000e+00 0.00000000e+00 0.00000000e+00]
 [3.97382230e+02 3.97411157e+02 3.93264710e+02 3.95405426e+02 3.74410000e+06 0.00000000e+00 0.00000000e+00 0.00000000e+00]
 [3.92628224e+02 3.94807490e+02 3.92329268e+02 3.94228912e+02 2.24580000e+06 0.00000000e+00 0.00000000e+00 0.00000000e+00]
 [3.94219332e+02 3.96167179e+02 3.93901101e+02 3.94768982e+02 4.12440000e+06 0.00000000e+00 0.00000000e+00 0.00000000e+00]
 [3.97170076e+02 3.97652218e+02 3.95636864e+02 3.97362915e+02 3.34660000e+06 0.00000000e+00 0.00000000e+00 0.00000000e+00]
 [3.96032246e+02 3.97430443e+02 3.94672600e+02 3.95231873e+02 7.59530000e+06 0.00000000e+00 0.00000000e+00 0.00000000e+00]
 [3.95386154e+02 3.96707221e+02 3.94383289e+02 3.95694733e+02 2.52970000e+06 0.00000000e+00 0.00000000e+00 0.00000000e+00]
 [3.97931867e+02 3.99706150e+02 3.96726510e+02 3.99117920e+02 3.66090000e+06 0.00000000e+00 0.00000000e+00 0.00000000e+00]
 [3.97613678e+02 3.97931909e+02 3.93891548e+02 3.94142242e+02 4.00400000e+06 0.00000000e+00 0.00000000e+00 0.00000000e+00]
 [3.93987912e+02 3.95685064e+02 3.93582928e+02 3.94576141e+02 3.01460000e+06 0.00000000e+00 0.00000000e+00 0.00000000e+00]
 [3.93640794e+02 3.94209719e+02 3.91220427e+02 3.93785431e+02 3.62330000e+06 0.00000000e+00 0.00000000e+00 0.00000000e+00]
 [3.94836484e+02 3.95202918e+02 3.89889693e+02 3.90101837e+02 4.00940000e+06 0.00000000e+00 0.00000000e+00 0.00000000e+00]
 [3.87450084e+02 3.87691155e+02 3.83486883e+02 3.83708679e+02 4.63310000e+06 0.00000000e+00 0.00000000e+00 0.00000000e+00]
 [3.84557242e+02 3.86032598e+02 3.82397250e+02 3.82782959e+02 7.20420000e+06 0.00000000e+00 0.00000000e+00 0.00000000e+00]
 [3.81625771e+02 3.84402919e+02 3.81249686e+02 3.84373962e+02 3.22790000e+06 0.00000000e+00 0.00000000e+00 0.00000000e+00]
 [3.81587219e+02 3.82204346e+02 3.77961494e+02 3.78732941e+02 5.73470000e+06 0.00000000e+00 0.00000000e+00 0.00000000e+00]
 [3.79774336e+02 3.80304711e+02 3.75541136e+02 3.78819702e+02 4.83770000e+06 0.00000000e+00 0.00000000e+00 0.00000000e+00]
 [3.78348321e+02 3.82607360e+02 3.77825612e+02 3.81029602e+02 4.06580000e+06 1.49300000e+00 0.00000000e+00 0.00000000e+00]
 [3.83914094e+02 3.84030245e+02 3.78764516e+02 3.80119690e+02 5.76660000e+06 0.00000000e+00 0.00000000e+00 0.00000000e+00]
 [3.79345316e+02 3.81145746e+02 3.77477152e+02 3.80090668e+02 5.88620000e+06 0.00000000e+00 0.00000000e+00 0.00000000e+00]
 [3.78067608e+02 3.79374366e+02 3.73663381e+02 3.74979828e+02 6.88670000e+06 0.00000000e+00 0.00000000e+00 0.00000000e+00]
 [3.75308924e+02 3.78328969e+02 3.74021514e+02 3.77738495e+02 4.33370000e+06 0.00000000e+00 0.00000000e+00 0.00000000e+00]
 [3.77399749e+02 3.78270912e+02 3.74553931e+02 3.77419098e+02 3.32910000e+06 0.00000000e+00 0.00000000e+00 0.00000000e+00]
 [3.75270253e+02 3.83401151e+02 3.74031259e+02 3.81920166e+02 4.89720000e+06 0.00000000e+00 0.00000000e+00 0.00000000e+00]
 [3.80187525e+02 3.84949925e+02 3.79742269e+02 3.84465942e+02 2.95950000e+06 0.00000000e+00 0.00000000e+00 0.00000000e+00]
 [3.85027286e+02 3.88812031e+02 3.84659484e+02 3.86450195e+02 3.28960000e+06 0.00000000e+00 0.00000000e+00 0.00000000e+00]
 [3.87447199e+02 3.88240937e+02 3.85240241e+02 3.88086060e+02 4.18180000e+06 0.00000000e+00 0.00000000e+00 0.00000000e+00]
 [3.88618431e+02 3.88928158e+02 3.83507579e+02 3.85753235e+02 3.87290000e+06 0.00000000e+00 0.00000000e+00 0.00000000e+00]
 [3.87001904e+02 3.88115058e+02 3.82307271e+02 3.83720520e+02 3.76980000e+06 0.00000000e+00 0.00000000e+00 0.00000000e+00]
 [3.85801681e+02 3.88734612e+02 3.85579038e+02 3.87737610e+02 5.15090000e+06 0.00000000e+00 0.00000000e+00 0.00000000e+00]
 [3.84891806e+02 3.89605789e+02 3.84582050e+02 3.87747284e+02 4.21460000e+06 0.00000000e+00 0.00000000e+00 0.00000000e+00]
 [3.86111434e+02 3.87001945e+02 3.81591026e+02 3.82558990e+02 7.32930000e+06 0.00000000e+00 0.00000000e+00 0.00000000e+00]
 [3.83284976e+02 3.84862763e+02 3.78609719e+02 3.79316315e+02 6.70890000e+06 0.00000000e+00 0.00000000e+00 0.00000000e+00]
 [3.78842000e+02 3.79267907e+02 3.74447432e+02 3.74592621e+02 7.54960000e+06 0.00000000e+00 0.00000000e+00 0.00000000e+00]
 [3.73131020e+02 3.77448134e+02 3.71553233e+02 3.73934418e+02 5.53710000e+06 0.00000000e+00 0.00000000e+00 0.00000000e+00]
 [3.75841302e+02 3.77757882e+02 3.74166712e+02 3.76731842e+02 4.45150000e+06 0.00000000e+00 0.00000000e+00 0.00000000e+00]
 [3.75183091e+02 3.75260515e+02 3.70846599e+02 3.71417694e+02 5.47120000e+06 0.00000000e+00 0.00000000e+00 0.00000000e+00]
 [3.70372298e+02 3.71117620e+02 3.66035806e+02 3.66858582e+02 6.95940000e+06 0.00000000e+00 0.00000000e+00 0.00000000e+00]
 [3.68339580e+02 3.68688063e+02 3.63906315e+02 3.65232422e+02 5.63880000e+06 0.00000000e+00 0.00000000e+00 0.00000000e+00]
 [3.67739409e+02 3.70536812e+02 3.66577840e+02 3.69626923e+02 5.79580000e+06 0.00000000e+00 0.00000000e+00 0.00000000e+00]
 [3.70101243e+02 3.72163012e+02 3.68368578e+02 3.71862946e+02 4.52320000e+06 0.00000000e+00 0.00000000e+00 0.00000000e+00]
 [3.72753437e+02 3.76615606e+02 3.72298493e+02 3.75957397e+02 5.54920000e+06 0.00000000e+00 0.00000000e+00 0.00000000e+00]
 [3.79374344e+02 3.83226853e+02 3.79364684e+02 3.83101013e+02 4.75220000e+06 0.00000000e+00 0.00000000e+00 0.00000000e+00]
 [3.85172473e+02 3.88008602e+02 3.85095019e+02 3.86643768e+02 5.98140000e+06 0.00000000e+00 0.00000000e+00 0.00000000e+00]
 [3.87302016e+02 3.87892490e+02 3.85695191e+02 3.87389130e+02 4.00710000e+06 0.00000000e+00 0.00000000e+00 0.00000000e+00]
 [3.87437491e+02 3.89160467e+02 3.86440489e+02 3.88482880e+02 3.35860000e+06 0.00000000e+00 0.00000000e+00 0.00000000e+00]
 [3.89112094e+02 3.89605766e+02 3.86759947e+02 3.88802368e+02 3.73190000e+06 0.00000000e+00 0.00000000e+00 0.00000000e+00]
 [3.89905780e+02 3.89973545e+02 3.85453138e+02 3.85869385e+02 4.14560000e+06 0.00000000e+00 0.00000000e+00 0.00000000e+00]
 [3.87756908e+02 3.92132097e+02 3.86353377e+02 3.91890106e+02 3.99280000e+06 0.00000000e+00 0.00000000e+00 0.00000000e+00]
 [3.90660821e+02 3.92499948e+02 3.89915499e+02 3.91493286e+02 2.87290000e+06 0.00000000e+00 0.00000000e+00 0.00000000e+00]
 [3.96904157e+02 4.00262995e+02 3.96758969e+02 3.99014313e+02 6.97310000e+06 0.00000000e+00 0.00000000e+00 0.00000000e+00]
 [4.00292087e+02 4.01434278e+02 3.99159555e+02 3.99885529e+02 4.41480000e+06 0.00000000e+00 0.00000000e+00 0.00000000e+00]
 [3.99517724e+02 4.00688982e+02 3.98559448e+02 4.00446991e+02 3.79890000e+06 0.00000000e+00 0.00000000e+00 0.00000000e+00]
 [4.00679242e+02 4.01502018e+02 3.99643513e+02 4.01037384e+02 4.69620000e+06 0.00000000e+00 0.00000000e+00 0.00000000e+00]
 [4.00727664e+02 4.04802816e+02 4.00718004e+02 4.04057465e+02 3.51760000e+06 0.00000000e+00 0.00000000e+00 0.00000000e+00]
 [4.03060456e+02 4.03486363e+02 4.01995689e+02 4.03002380e+02 5.24820000e+06 0.00000000e+00 0.00000000e+00 0.00000000e+00]
 [4.04676986e+02 4.05877253e+02 4.03699333e+02 4.04744751e+02 3.69280000e+06 0.00000000e+00 0.00000000e+00 0.00000000e+00]
 [4.04793120e+02 4.05083497e+02 4.04454326e+02 4.04967346e+02 1.35130000e+06 0.00000000e+00 0.00000000e+00 0.00000000e+00]
 [4.04405992e+02 4.05122276e+02 4.03863934e+02 4.04260803e+02 3.63260000e+06 0.00000000e+00 0.00000000e+00 0.00000000e+00]
 [4.03883233e+02 4.05819162e+02 4.03360524e+02 4.04657593e+02 3.38240000e+06 0.00000000e+00 0.00000000e+00 0.00000000e+00]
 [4.06603168e+02 4.07629208e+02 4.03999341e+02 4.04396210e+02 4.09260000e+06 0.00000000e+00 0.00000000e+00 0.00000000e+00]
 [4.05131890e+02 4.06254732e+02 4.03224998e+02 4.05964325e+02 4.40570000e+06 0.00000000e+00 0.00000000e+00 0.00000000e+00]
 [4.05412649e+02 4.08839253e+02 4.04851243e+02 4.08345581e+02 4.97360000e+06 0.00000000e+00 0.00000000e+00 0.00000000e+00]
 [4.05238349e+02 4.06419267e+02 4.04125195e+02 4.06293427e+02 5.80610000e+06 0.00000000e+00 0.00000000e+00 0.00000000e+00]
 [4.04938298e+02 4.07000067e+02 4.04609194e+02 4.06167603e+02 3.41930000e+06 0.00000000e+00 0.00000000e+00 0.00000000e+00]
 [4.08103530e+02 4.08161636e+02 4.04086483e+02 4.04473663e+02 4.20180000e+06 0.00000000e+00 0.00000000e+00 0.00000000e+00]
 [4.06361226e+02 4.08161656e+02 4.05848206e+02 4.07638947e+02 3.24830000e+06 0.00000000e+00 0.00000000e+00 0.00000000e+00]
 [4.06903285e+02 4.09807179e+02 4.06690332e+02 4.09371613e+02 5.12530000e+06 0.00000000e+00 0.00000000e+00 0.00000000e+00]
 [4.08877927e+02 4.11104234e+02 4.08694012e+02 4.10959045e+02 5.24710000e+06 0.00000000e+00 0.00000000e+00 0.00000000e+00]
 [4.10629970e+02 4.13001495e+02 4.09710392e+02 4.13001495e+02 5.98260000e+06 0.00000000e+00 0.00000000e+00 0.00000000e+00]
 [4.13204788e+02 4.18751207e+02 4.12846646e+02 4.18625397e+02 8.65910000e+06 0.00000000e+00 0.00000000e+00 0.00000000e+00]
 [4.20309589e+02 4.21413054e+02 4.17425044e+02 4.19854645e+02 8.34910000e+06 0.00000000e+00 0.00000000e+00 0.00000000e+00]
 [4.19312623e+02 4.20338663e+02 4.18393044e+02 4.19215820e+02 5.32600000e+06 0.00000000e+00 0.00000000e+00 0.00000000e+00]
 [4.20716149e+02 4.22419746e+02 4.20532233e+02 4.21587311e+02 4.28050000e+06 0.00000000e+00 0.00000000e+00 0.00000000e+00]
 [4.22071287e+02 4.24181443e+02 4.21984174e+02 4.24152405e+02 4.06150000e+06 0.00000000e+00 0.00000000e+00 0.00000000e+00]
 [4.23298124e+02 4.25047640e+02 4.17845416e+02 4.18030090e+02 5.78320000e+06 1.80100000e+00 0.00000000e+00 0.00000000e+00]
 [4.20984822e+02 4.22452490e+02 4.18778455e+02 4.22102570e+02 4.62160000e+06 0.00000000e+00 0.00000000e+00 0.00000000e+00]
 [4.23249384e+02 4.24590693e+02 4.21324924e+02 4.23084167e+02 4.03780000e+06 0.00000000e+00 0.00000000e+00 0.00000000e+00]
 [4.23453550e+02 4.25640459e+02 4.23366048e+02 4.24843445e+02 3.83580000e+06 0.00000000e+00 0.00000000e+00 0.00000000e+00]
 [4.24649104e+02 4.25737694e+02 4.24182582e+02 4.25621063e+02 4.27100000e+06 0.00000000e+00 0.00000000e+00 0.00000000e+00]
 [4.25961234e+02 4.26534687e+02 4.25387782e+02 4.25689087e+02 4.70370000e+06 0.00000000e+00 0.00000000e+00 0.00000000e+00]
 [4.25591914e+02 4.26048736e+02 4.22744080e+02 4.24551910e+02 4.37690000e+06 0.00000000e+00 0.00000000e+00 0.00000000e+00]
 [4.21742917e+02 4.23064767e+02 4.20236362e+02 4.21840118e+02 9.07600000e+06 0.00000000e+00 0.00000000e+00 0.00000000e+00]
 [4.20197515e+02 4.20858441e+02 4.18185552e+02 4.18710419e+02 4.80500000e+06 0.00000000e+00 0.00000000e+00 0.00000000e+00]
 [4.18263277e+02 4.20644589e+02 4.17174687e+02 4.17388519e+02 3.94530000e+06 0.00000000e+00 0.00000000e+00 0.00000000e+00]
 [4.17544078e+02 4.20178080e+02 4.16620735e+02 4.17923157e+02 5.72460000e+06 0.00000000e+00 0.00000000e+00 0.00000000e+00]
 [4.18379973e+02 4.24036755e+02 4.18302200e+02 4.23900696e+02 7.22240000e+06 0.00000000e+00 0.00000000e+00 0.00000000e+00]
 [4.21461100e+02 4.24192304e+02 4.21014007e+02 4.22870453e+02 7.93960000e+06 0.00000000e+00 0.00000000e+00 0.00000000e+00]
 [4.23550777e+02 4.26437498e+02 4.23268931e+02 4.25659943e+02 4.27880000e+06 0.00000000e+00 0.00000000e+00 0.00000000e+00]
 [4.26631877e+02 4.27040083e+02 4.21830395e+02 4.25514130e+02 4.79660000e+06 0.00000000e+00 0.00000000e+00 0.00000000e+00]
 [4.26797116e+02 4.27467771e+02 4.24483878e+02 4.25708527e+02 5.18270000e+06 0.00000000e+00 0.00000000e+00 0.00000000e+00]
 [4.24542191e+02 4.25698826e+02 4.22549657e+02 4.24260315e+02 5.73080000e+06 0.00000000e+00 0.00000000e+00 0.00000000e+00]
 [4.21441646e+02 4.22296975e+02 4.19701830e+02 4.21898468e+02 6.04460000e+06 0.00000000e+00 0.00000000e+00 0.00000000e+00]
 [4.23366127e+02 4.26097361e+02 4.21985961e+02 4.25650238e+02 4.33130000e+06 0.00000000e+00 0.00000000e+00 0.00000000e+00]
 [4.26690210e+02 4.31170929e+02 4.26019555e+02 4.30859924e+02 4.83680000e+06 0.00000000e+00 0.00000000e+00 0.00000000e+00]
 [4.32298405e+02 4.33416183e+02 4.31238973e+02 4.31841583e+02 5.87040000e+06 0.00000000e+00 0.00000000e+00 0.00000000e+00]
 [4.32356716e+02 4.33318977e+02 4.31336171e+02 4.33124573e+02 3.25160000e+06 0.00000000e+00 0.00000000e+00 0.00000000e+00]
 [4.35748874e+02 4.36594474e+02 4.33250931e+02 4.33484192e+02 4.56820000e+06 0.00000000e+00 0.00000000e+00 0.00000000e+00]
 [4.35573937e+02 4.36176547e+02 4.33600831e+02 4.35923828e+02 4.16710000e+06 0.00000000e+00 0.00000000e+00 0.00000000e+00]
 [4.35535048e+02 4.36905514e+02 4.34621404e+02 4.35661407e+02 6.40400000e+06 0.00000000e+00 0.00000000e+00 0.00000000e+00]
 [4.35661419e+02 4.38946617e+02 4.35155981e+02 4.38829987e+02 4.54330000e+06 0.00000000e+00 0.00000000e+00 0.00000000e+00]
 [4.38198219e+02 4.39141021e+02 4.37809441e+02 4.38518982e+02 3.41000000e+06 0.00000000e+00 0.00000000e+00 0.00000000e+00]
 [4.36448629e+02 4.36866564e+02 4.31306956e+02 4.31375000e+02 7.10800000e+06 0.00000000e+00 0.00000000e+00 0.00000000e+00]
 [4.32862157e+02 4.37051300e+02 4.32181774e+02 4.37051300e+02 6.13840000e+06 0.00000000e+00 0.00000000e+00 0.00000000e+00]
 [4.37391431e+02 4.43096828e+02 4.37080397e+02 4.41541687e+02 6.25350000e+06 0.00000000e+00 0.00000000e+00 0.00000000e+00]
 [4.41007144e+02 4.41415350e+02 4.37906591e+02 4.39928253e+02 7.10190000e+06 0.00000000e+00 0.00000000e+00 0.00000000e+00]
 [4.40861373e+02 4.41551486e+02 4.39529794e+02 4.41298767e+02 4.38360000e+06 0.00000000e+00 0.00000000e+00 0.00000000e+00]
 [4.43359294e+02 4.45332370e+02 4.42503965e+02 4.44924164e+02 6.76340000e+06 0.00000000e+00 0.00000000e+00 0.00000000e+00]
 [4.44972806e+02 4.45478214e+02 4.44214679e+02 4.45225525e+02 4.18460000e+06 0.00000000e+00 0.00000000e+00 0.00000000e+00]
 [4.45682285e+02 4.48102455e+02 4.45322665e+02 4.47752563e+02 4.00260000e+06 0.00000000e+00 0.00000000e+00 0.00000000e+00]
 [4.47694250e+02 4.49764528e+02 4.46858379e+02 4.47548462e+02 4.56420000e+06 0.00000000e+00 0.00000000e+00 0.00000000e+00]
 [4.41736157e+02 4.42921949e+02 4.38353727e+02 4.41240448e+02 8.15220000e+06 0.00000000e+00 0.00000000e+00 0.00000000e+00]
 [4.43777229e+02 4.45808650e+02 4.41658364e+02 4.45439301e+02 5.62400000e+06 0.00000000e+00 0.00000000e+00 0.00000000e+00]
 [4.46032163e+02 4.48598150e+02 4.45575341e+02 4.48452362e+02 5.69570000e+06 0.00000000e+00 0.00000000e+00 0.00000000e+00]
 [4.48151044e+02 4.49191048e+02 4.45546200e+02 4.46158539e+02 5.52790000e+06 0.00000000e+00 0.00000000e+00 0.00000000e+00]
 [4.44613144e+02 4.45215754e+02 4.41687536e+02 4.43709229e+02 5.30680000e+06 0.00000000e+00 0.00000000e+00 0.00000000e+00]
 [4.42552553e+02 4.44302068e+02 4.40880782e+02 4.44156281e+02 4.20860000e+06 0.00000000e+00 0.00000000e+00 0.00000000e+00]
 [4.50231052e+02 4.54225791e+02 4.49356294e+02 4.53487122e+02 4.32850000e+06 0.00000000e+00 0.00000000e+00 0.00000000e+00]
 [4.54964488e+02 4.55722615e+02 4.53020569e+02 4.53691223e+02 4.05060000e+06 0.00000000e+00 0.00000000e+00 0.00000000e+00]
 [4.54089724e+02 4.54478502e+02 4.51902815e+02 4.52029175e+02 3.45080000e+06 0.00000000e+00 0.00000000e+00 0.00000000e+00]
 [4.52651189e+02 4.53049695e+02 4.50901674e+02 4.52865021e+02 3.58690000e+06 0.00000000e+00 0.00000000e+00 0.00000000e+00]
 [4.51465441e+02 4.52767863e+02 4.51096091e+02 4.52165253e+02 2.80060000e+06 0.00000000e+00 0.00000000e+00 0.00000000e+00]
 [4.53875923e+02 4.55353291e+02 4.51446024e+02 4.53837036e+02 7.33290000e+06 0.00000000e+00 0.00000000e+00 0.00000000e+00]
 [4.54711786e+02 4.58541309e+02 4.54323008e+02 4.58210846e+02 4.83940000e+06 0.00000000e+00 0.00000000e+00 0.00000000e+00]
 [4.57413815e+02 4.59348035e+02 4.57404116e+02 4.57666534e+02 3.97020000e+06 0.00000000e+00 0.00000000e+00 0.00000000e+00]
 [4.55800331e+02 4.56218266e+02 4.51047436e+02 4.53078827e+02 4.61650000e+06 0.00000000e+00 0.00000000e+00 0.00000000e+00]
 [4.56091984e+02 4.57462450e+02 4.54216109e+02 4.55479645e+02 5.32510000e+06 0.00000000e+00 0.00000000e+00 0.00000000e+00]
 [4.58405264e+02 4.60893478e+02 4.57579093e+02 4.59989563e+02 7.14980000e+06 0.00000000e+00 0.00000000e+00 0.00000000e+00]
 [4.60485272e+02 4.62944328e+02 4.56646049e+02 4.57200073e+02 6.28560000e+06 0.00000000e+00 0.00000000e+00 0.00000000e+00]
 [4.56043398e+02 4.57268046e+02 4.54284153e+02 4.56820953e+02 5.32390000e+06 0.00000000e+00 0.00000000e+00 0.00000000e+00]
 [4.58687090e+02 4.62215278e+02 4.56402979e+02 4.61709869e+02 4.81100000e+06 0.00000000e+00 0.00000000e+00 0.00000000e+00]
 [4.61982061e+02 4.62137578e+02 4.59639635e+02 4.61010101e+02 3.54450000e+06 0.00000000e+00 0.00000000e+00 0.00000000e+00]
 [4.61836285e+02 4.62001502e+02 4.57258364e+02 4.59999268e+02 5.15300000e+06 0.00000000e+00 0.00000000e+00 0.00000000e+00]
 [4.57219466e+02 4.58551046e+02 4.55576852e+02 4.56830688e+02 6.80710000e+06 0.00000000e+00 0.00000000e+00 0.00000000e+00]
 [4.60660192e+02 4.61952885e+02 4.59250839e+02 4.59688232e+02 3.93910000e+06 0.00000000e+00 0.00000000e+00 0.00000000e+00]
 [4.58959290e+02 4.62400005e+02 4.58074803e+02 4.62263947e+02 4.55020000e+06 0.00000000e+00 0.00000000e+00 0.00000000e+00]
 [4.62205605e+02 4.66559965e+02 4.61612695e+02 4.66297546e+02 6.17940000e+06 0.00000000e+00 0.00000000e+00 0.00000000e+00]
 [4.69087039e+02 4.69689649e+02 4.67716573e+02 4.67852661e+02 5.04470000e+06 0.00000000e+00 0.00000000e+00 0.00000000e+00]
 [4.67914053e+02 4.68352853e+02 4.66890225e+02 4.67241241e+02 5.88150000e+06 1.54300000e+00 0.00000000e+00 0.00000000e+00]
 [4.65827406e+02 4.66860994e+02 4.65651868e+02 4.66032166e+02 6.08130000e+06 0.00000000e+00 0.00000000e+00 0.00000000e+00]
 [4.67124348e+02 4.67426622e+02 4.64559869e+02 4.64725647e+02 8.07350000e+06 0.00000000e+00 0.00000000e+00 0.00000000e+00]
 [4.67563065e+02 4.68889166e+02 4.65554392e+02 4.68781921e+02 4.95140000e+06 0.00000000e+00 0.00000000e+00 0.00000000e+00]
 [4.68889198e+02 4.70147066e+02 4.68528421e+02 4.68723450e+02 4.06500000e+06 0.00000000e+00 0.00000000e+00 0.00000000e+00]
 [4.69444993e+02 4.69952026e+02 4.66900005e+02 4.68109131e+02 5.73400000e+06 0.00000000e+00 0.00000000e+00 0.00000000e+00]
 [4.64462245e+02 4.65105805e+02 4.62882612e+02 4.65047302e+02 4.81780000e+06 0.00000000e+00 0.00000000e+00 0.00000000e+00]
 [4.63984495e+02 4.66870739e+02 4.63935753e+02 4.65466614e+02 6.22480000e+06 0.00000000e+00 0.00000000e+00 0.00000000e+00]
 [4.69210983e+02 4.69484006e+02 4.59528365e+02 4.59733154e+02 6.87120000e+06 0.00000000e+00 0.00000000e+00 0.00000000e+00]
 [4.61069052e+02 4.66412500e+02 4.60649773e+02 4.64618347e+02 5.58820000e+06 0.00000000e+00 0.00000000e+00 0.00000000e+00]
 [4.65261880e+02 4.66158972e+02 4.64111287e+02 4.64803589e+02 4.73680000e+06 0.00000000e+00 0.00000000e+00 0.00000000e+00]
 [4.66461236e+02 4.66675756e+02 4.60961741e+02 4.65378876e+02 5.25040000e+06 0.00000000e+00 0.00000000e+00 0.00000000e+00]
 [4.60152439e+02 4.62570661e+02 4.58943343e+02 4.60873993e+02 6.93340000e+06 0.00000000e+00 0.00000000e+00 0.00000000e+00]
 [4.62170841e+02 4.65534867e+02 4.58943312e+02 4.64199005e+02 5.10990000e+06 0.00000000e+00 0.00000000e+00 0.00000000e+00]
 [4.60990951e+02 4.62239059e+02 4.56252052e+02 4.57870697e+02 6.95970000e+06 0.00000000e+00 0.00000000e+00 0.00000000e+00]
 [4.61673559e+02 4.61790564e+02 4.51318160e+02 4.52059204e+02 9.53000000e+06 0.00000000e+00 0.00000000e+00 0.00000000e+00]
 [4.52488225e+02 4.53911871e+02 4.50089524e+02 4.51249878e+02 6.76140000e+06 0.00000000e+00 0.00000000e+00 0.00000000e+00]
 [4.53521850e+02 4.53648616e+02 4.47300832e+02 4.48529419e+02 7.15620000e+06 0.00000000e+00 0.00000000e+00 0.00000000e+00]
 [4.49865274e+02 4.51756942e+02 4.46793762e+02 4.47505585e+02 5.63730000e+06 0.00000000e+00 0.00000000e+00 0.00000000e+00]
 [4.47554296e+02 4.48480639e+02 4.42591116e+02 4.43761230e+02 9.78750000e+06 0.00000000e+00 0.00000000e+00 0.00000000e+00]
 [4.46150196e+02 4.50226074e+02 4.44005026e+02 4.47612823e+02 5.81810000e+06 0.00000000e+00 0.00000000e+00 0.00000000e+00]
 [4.49689730e+02 4.53541328e+02 4.49192457e+02 4.53258545e+02 4.25740000e+06 0.00000000e+00 0.00000000e+00 0.00000000e+00]
 [4.53970350e+02 4.54691903e+02 4.50918329e+02 4.52927002e+02 7.68780000e+06 0.00000000e+00 0.00000000e+00 0.00000000e+00]
 [4.47339768e+02 4.51912920e+02 4.45867410e+02 4.51054840e+02 4.87620000e+06 0.00000000e+00 0.00000000e+00 0.00000000e+00]
 [4.53736385e+02 4.56954184e+02 4.53229351e+02 4.55569550e+02 4.90710000e+06 0.00000000e+00 0.00000000e+00 0.00000000e+00]
 [4.57158936e+02 4.57724502e+02 4.54594457e+02 4.57158936e+02 3.25320000e+06 0.00000000e+00 0.00000000e+00 0.00000000e+00]
 [4.55774313e+02 4.56671375e+02 4.49865270e+02 4.49933533e+02 4.36480000e+06 0.00000000e+00 0.00000000e+00 0.00000000e+00]
 [4.49289954e+02 4.55433008e+02 4.47993104e+02 4.48470886e+02 6.11540000e+06 0.00000000e+00 0.00000000e+00 0.00000000e+00]
 [4.51815403e+02 4.53365815e+02 4.47720064e+02 4.52653992e+02 3.97240000e+06 0.00000000e+00 0.00000000e+00 0.00000000e+00]
 [4.58056018e+02 4.59265114e+02 4.55793814e+02 4.58270538e+02 4.58690000e+06 0.00000000e+00 0.00000000e+00 0.00000000e+00]
 [4.60454743e+02 4.62980210e+02 4.60064715e+02 4.62892456e+02 4.78250000e+06 0.00000000e+00 0.00000000e+00 0.00000000e+00]
 [4.63848024e+02 4.64764607e+02 4.62882670e+02 4.63555481e+02 3.45130000e+06 0.00000000e+00 0.00000000e+00 0.00000000e+00]
 [4.61790559e+02 4.64003992e+02 4.61702805e+02 4.63574982e+02 3.21490000e+06 0.00000000e+00 0.00000000e+00 0.00000000e+00]
 [4.63740753e+02 4.66236969e+02 4.63106954e+02 4.66236969e+02 3.48600000e+06 0.00000000e+00 0.00000000e+00 0.00000000e+00]
 [4.67738568e+02 4.68421140e+02 4.65690883e+02 4.66812225e+02 3.34720000e+06 0.00000000e+00 0.00000000e+00 0.00000000e+00]
 [4.68382112e+02 4.68450375e+02 4.65827394e+02 4.66841461e+02 3.10840000e+06 0.00000000e+00 0.00000000e+00 0.00000000e+00]
 [4.67046289e+02 4.69474242e+02 4.66558747e+02 4.69054962e+02 3.25770000e+06 0.00000000e+00 0.00000000e+00 0.00000000e+00]
 [4.71297651e+02 4.75090746e+02 4.70712594e+02 4.74768951e+02 4.39950000e+06 0.00000000e+00 0.00000000e+00 0.00000000e+00]
 [4.74915200e+02 4.76397349e+02 4.73725595e+02 4.73862122e+02 3.34740000e+06 0.00000000e+00 0.00000000e+00 0.00000000e+00]
 [4.73979121e+02 4.74603190e+02 4.72623769e+02 4.74564178e+02 3.27400000e+06 0.00000000e+00 0.00000000e+00 0.00000000e+00]
 [4.74651929e+02 4.76436322e+02 4.74330164e+02 4.75032227e+02 2.59960000e+06 0.00000000e+00 0.00000000e+00 0.00000000e+00]
 [4.74408203e+02 4.76407116e+02 4.74232695e+02 4.76309631e+02 2.45360000e+06 0.00000000e+00 0.00000000e+00 0.00000000e+00]
 [4.75636811e+02 4.76260850e+02 4.72857812e+02 4.74924988e+02 3.25060000e+06 0.00000000e+00 0.00000000e+00 0.00000000e+00]
 [4.77703974e+02 4.77781968e+02 4.70273830e+02 4.71395172e+02 3.81130000e+06 0.00000000e+00 0.00000000e+00 0.00000000e+00]
 [4.73091811e+02 4.75256501e+02 4.72262982e+02 4.74603210e+02 2.55520000e+06 0.00000000e+00 0.00000000e+00 0.00000000e+00]
 [4.75256513e+02 4.75500284e+02 4.72458023e+02 4.74983490e+02 4.03470000e+06 0.00000000e+00 0.00000000e+00 0.00000000e+00]
 [4.71151404e+02 4.72604271e+02 4.70927124e+02 4.71638947e+02 5.60500000e+06 0.00000000e+00 0.00000000e+00 0.00000000e+00]
 [4.70108015e+02 4.70722323e+02 4.67260783e+02 4.68469879e+02 3.38680000e+06 0.00000000e+00 0.00000000e+00 0.00000000e+00]
 [4.69249953e+02 4.72828529e+02 4.64608568e+02 4.72545746e+02 5.33400000e+06 0.00000000e+00 0.00000000e+00 0.00000000e+00]
 [4.74183903e+02 4.74291178e+02 4.68430907e+02 4.73062561e+02 4.21130000e+06 0.00000000e+00 0.00000000e+00 0.00000000e+00]
 [4.71941209e+02 4.74291168e+02 4.70537084e+02 4.73637848e+02 2.56030000e+06 0.00000000e+00 0.00000000e+00 0.00000000e+00]
 [4.75714794e+02 4.79303101e+02 4.73949893e+02 4.79303101e+02 3.02610000e+06 0.00000000e+00 0.00000000e+00 0.00000000e+00]
 [4.79585951e+02 4.79917476e+02 4.77440781e+02 4.79195923e+02 2.13440000e+07 0.00000000e+00 0.00000000e+00 0.00000000e+00]
 [4.78328006e+02 4.81233771e+02 4.77343190e+02 4.78571777e+02 3.06360000e+06 0.00000000e+00 0.00000000e+00 0.00000000e+00]
 [4.77957481e+02 4.80414685e+02 4.77362664e+02 4.80141663e+02 3.46190000e+06 0.00000000e+00 0.00000000e+00 0.00000000e+00]
 [4.78757040e+02 4.81360530e+02 4.76923875e+02 4.81233765e+02 4.02840000e+06 0.00000000e+00 0.00000000e+00 0.00000000e+00]
 [4.85524117e+02 4.87688807e+02 4.84334512e+02 4.85241364e+02 3.69880000e+06 0.00000000e+00 0.00000000e+00 0.00000000e+00]
 [4.86860022e+02 4.87006308e+02 4.83700755e+02 4.86157959e+02 8.80890000e+06 0.00000000e+00 0.00000000e+00 0.00000000e+00]
 [4.84870887e+02 4.86606537e+02 4.83925053e+02 4.86548035e+02 5.81200000e+06 0.00000000e+00 0.00000000e+00 0.00000000e+00]
 [4.86060461e+02 4.91618428e+02 4.85504655e+02 4.90409332e+02 4.60950000e+06 0.00000000e+00 0.00000000e+00 0.00000000e+00]
 [4.90516546e+02 4.91793906e+02 4.90107027e+02 4.91715912e+02 3.43170000e+06 0.00000000e+00 0.00000000e+00 0.00000000e+00]
 [4.92554501e+02 4.93139529e+02 4.88702903e+02 4.90350800e+02 4.81090000e+06 0.00000000e+00 0.00000000e+00 0.00000000e+00]
 [4.89590233e+02 4.90682323e+02 4.88371376e+02 4.89278198e+02 4.33810000e+06 0.00000000e+00 0.00000000e+00 0.00000000e+00]
 [4.89522026e+02 4.91871985e+02 4.87961884e+02 4.87961884e+02 7.02280000e+06 0.00000000e+00 0.00000000e+00 0.00000000e+00]
 [4.89209935e+02 4.90302025e+02 4.87854582e+02 4.89990021e+02 6.32520000e+06 0.00000000e+00 0.00000000e+00 0.00000000e+00]
 [4.88975960e+02 4.91218644e+02 4.88410424e+02 4.90536102e+02 3.20270000e+06 0.00000000e+00 0.00000000e+00 0.00000000e+00]
 [4.90467803e+02 4.91910939e+02 4.89804752e+02 4.91296631e+02 3.61970000e+06 0.00000000e+00 0.00000000e+00 0.00000000e+00]
 [4.92181239e+02 4.94882046e+02 4.88306190e+02 4.89402161e+02 5.59860000e+06 1.78400000e+00 0.00000000e+00 0.00000000e+00]
 [4.90732953e+02 4.90918880e+02 4.87904959e+02 4.90527466e+02 4.36850000e+06 0.00000000e+00 0.00000000e+00 0.00000000e+00]
 [4.88971586e+02 4.93786035e+02 4.88893285e+02 4.93707764e+02 4.21010000e+06 0.00000000e+00 0.00000000e+00 0.00000000e+00]
 [4.93404433e+02 4.96261811e+02 4.93404433e+02 4.95938873e+02 2.13110000e+06 0.00000000e+00 0.00000000e+00 0.00000000e+00]
 [4.96252038e+02 4.99158333e+02 4.95625752e+02 4.98903900e+02 3.15690000e+06 0.00000000e+00 0.00000000e+00 0.00000000e+00]
 [4.99549698e+02 5.00244460e+02 4.98395016e+02 4.99383331e+02 3.14340000e+06 0.00000000e+00 0.00000000e+00 0.00000000e+00]
 [5.00244479e+02 5.01027337e+02 4.99588868e+02 4.99931366e+02 3.14060000e+06 0.00000000e+00 0.00000000e+00 0.00000000e+00]
 [5.00998047e+02 5.05107939e+02 5.00714259e+02 5.04745880e+02 3.44690000e+06 0.00000000e+00 0.00000000e+00 0.00000000e+00]
 [5.04931786e+02 5.05704819e+02 4.99872669e+02 5.00420685e+02 5.53780000e+06 0.00000000e+00 0.00000000e+00 0.00000000e+00]
 [5.01497068e+02 5.06918273e+02 5.01183925e+02 5.03512878e+02 5.23820000e+06 0.00000000e+00 0.00000000e+00 0.00000000e+00]
 [5.05499348e+02 5.07984843e+02 5.03307405e+02 5.05039398e+02 7.77150000e+06 0.00000000e+00 0.00000000e+00 0.00000000e+00]
 [5.06233273e+02 5.08258879e+02 5.05518891e+02 5.07906555e+02 4.16430000e+06 0.00000000e+00 0.00000000e+00 0.00000000e+00]
 [5.02544095e+02 5.04060836e+02 5.00586996e+02 5.00812073e+02 4.98430000e+06 0.00000000e+00 0.00000000e+00 0.00000000e+00]
 [5.02240745e+02 5.03160584e+02 4.95019042e+02 4.97044647e+02 5.05590000e+06 0.00000000e+00 0.00000000e+00 0.00000000e+00]
 [4.96751071e+02 4.98277606e+02 4.92758571e+02 4.93727325e+02 4.03940000e+06 0.00000000e+00 0.00000000e+00 0.00000000e+00]
 [4.97367565e+02 4.99373611e+02 4.95576832e+02 4.98854980e+02 4.34290000e+06 0.00000000e+00 0.00000000e+00 0.00000000e+00]
 [4.98727750e+02 5.00675055e+02 4.97582834e+02 4.98023193e+02 3.11600000e+06 0.00000000e+00 0.00000000e+00 0.00000000e+00]
 [4.93609939e+02 4.93874167e+02 4.85898961e+02 4.86623108e+02 6.15740000e+06 0.00000000e+00 0.00000000e+00 0.00000000e+00]
 [4.86877565e+02 4.92347686e+02 4.83325453e+02 4.84166992e+02 5.64660000e+06 0.00000000e+00 0.00000000e+00 0.00000000e+00]
 [4.87670156e+02 4.92103016e+02 4.86994984e+02 4.89597900e+02 3.63600000e+06 0.00000000e+00 0.00000000e+00 0.00000000e+00]
 [4.91055932e+02 4.91985537e+02 4.88071337e+02 4.89959961e+02 3.09620000e+06 0.00000000e+00 0.00000000e+00 0.00000000e+00]
 [4.91280962e+02 4.92220392e+02 4.84303927e+02 4.87396118e+02 3.81780000e+06 0.00000000e+00 0.00000000e+00 0.00000000e+00]
 [4.93658879e+02 4.97739416e+02 4.92513963e+02 4.95077759e+02 5.36760000e+06 0.00000000e+00 0.00000000e+00 0.00000000e+00]
 [4.96946798e+02 4.98962608e+02 4.85116133e+02 4.88325775e+02 6.93920000e+06 0.00000000e+00 0.00000000e+00 0.00000000e+00]
 [4.81847742e+02 4.82933918e+02 4.75379512e+02 4.79401367e+02 8.56120000e+06 0.00000000e+00 0.00000000e+00 0.00000000e+00]
 [4.60084823e+02 4.70858637e+02 4.58832280e+02 4.65006927e+02 1.52443000e+07 0.00000000e+00 0.00000000e+00 0.00000000e+00]
 [4.67149973e+02 4.76416813e+02 4.65731064e+02 4.69645264e+02 8.25500000e+06 0.00000000e+00 0.00000000e+00 0.00000000e+00]
 [4.75281734e+02 4.78070577e+02 4.65897413e+02 4.66386688e+02 5.97640000e+06 0.00000000e+00 0.00000000e+00 0.00000000e+00]
 [4.71162016e+02 4.77796584e+02 4.69351723e+02 4.77268188e+02 4.17720000e+06 0.00000000e+00 0.00000000e+00 0.00000000e+00]
 [4.76485240e+02 4.80673432e+02 4.75399064e+02 4.79313263e+02 7.66130000e+06 0.00000000e+00 0.00000000e+00 0.00000000e+00]
 [4.80409317e+02 4.81789076e+02 4.77512818e+02 4.79557983e+02 3.57810000e+06 0.00000000e+00 0.00000000e+00 0.00000000e+00]
 [4.82562121e+02 4.87689713e+02 4.82346838e+02 4.87523346e+02 3.24790000e+06 0.00000000e+00 0.00000000e+00 0.00000000e+00]
 [4.88218155e+02 4.90106750e+02 4.85830491e+02 4.89079254e+02 3.70050000e+06 0.00000000e+00 0.00000000e+00 0.00000000e+00]
 [4.94255752e+02 4.97680676e+02 4.93668616e+02 4.97475189e+02 4.27900000e+06 0.00000000e+00 0.00000000e+00 0.00000000e+00]
 [4.95968247e+02 4.99168095e+02 4.95782320e+02 4.98522278e+02 3.44930000e+06 0.00000000e+00 0.00000000e+00 0.00000000e+00]
 [4.98923429e+02 5.03317108e+02 4.98140601e+02 5.03317108e+02 3.80430000e+06 0.00000000e+00 0.00000000e+00 0.00000000e+00]
 [5.02896356e+02 5.04422892e+02 5.01262195e+02 5.02485382e+02 3.15600000e+06 0.00000000e+00 0.00000000e+00 0.00000000e+00]
 [5.03434552e+02 5.05577579e+02 5.01849306e+02 5.04246765e+02 3.34410000e+06 0.00000000e+00 0.00000000e+00 0.00000000e+00]
 [5.05959228e+02 5.06526804e+02 4.99158324e+02 5.00166229e+02 3.67710000e+06 0.00000000e+00 0.00000000e+00 0.00000000e+00]
 [5.03297537e+02 5.06448438e+02 5.01262136e+02 5.05577515e+02 5.10280000e+06 0.00000000e+00 0.00000000e+00 0.00000000e+00]
 [5.06536637e+02 5.07172659e+02 5.02857280e+02 5.04334900e+02 3.39860000e+06 0.00000000e+00 0.00000000e+00 0.00000000e+00]
 [5.03229072e+02 5.05509110e+02 5.02152632e+02 5.05010040e+02 3.03180000e+06 0.00000000e+00 0.00000000e+00 0.00000000e+00]
 [5.04736033e+02 5.05156802e+02 4.99217027e+02 5.02123322e+02 3.94040000e+06 0.00000000e+00 0.00000000e+00 0.00000000e+00]
 [5.03943448e+02 5.06976989e+02 5.01144809e+02 5.02201660e+02 3.48710000e+06 0.00000000e+00 0.00000000e+00 0.00000000e+00]
 [5.04364183e+02 5.07456434e+02 5.01134980e+02 5.06927979e+02 5.63770000e+06 0.00000000e+00 0.00000000e+00 0.00000000e+00]
 [5.04070656e+02 5.04374005e+02 4.94265596e+02 4.96672821e+02 5.86640000e+06 0.00000000e+00 0.00000000e+00 0.00000000e+00]
 [4.94833123e+02 4.98600546e+02 4.94187277e+02 4.95439819e+02 3.60140000e+06 0.00000000e+00 0.00000000e+00 0.00000000e+00]
 [4.95498512e+02 4.98023187e+02 4.92054027e+02 4.94216614e+02 3.42560000e+06 0.00000000e+00 0.00000000e+00 0.00000000e+00]
 [4.94500427e+02 4.96066113e+02 4.85165052e+02 4.85987061e+02 7.41140000e+06 0.00000000e+00 0.00000000e+00 0.00000000e+00]
 [4.89862112e+02 4.92572685e+02 4.88051789e+02 4.91457153e+02 3.65680000e+06 0.00000000e+00 0.00000000e+00 0.00000000e+00]
 [4.93140258e+02 4.93883936e+02 4.88785699e+02 4.93482727e+02 2.97540000e+06 0.00000000e+00 0.00000000e+00 0.00000000e+00]
 [4.93492517e+02 4.99491033e+02 4.85605407e+02 4.98532043e+02 5.95690000e+06 0.00000000e+00 0.00000000e+00 0.00000000e+00]
 [4.99148553e+02 5.03111699e+02 4.97162098e+02 5.02818146e+02 4.09290000e+06 0.00000000e+00 0.00000000e+00 0.00000000e+00]
 [5.03395421e+02 5.06428962e+02 5.03199699e+02 5.05489532e+02 4.41660000e+06 0.00000000e+00 0.00000000e+00 0.00000000e+00]
 [5.05264431e+02 5.06487618e+02 5.03610679e+02 5.06252716e+02 4.25630000e+06 0.00000000e+00 0.00000000e+00 0.00000000e+00]
 [5.08297934e+02 5.09570037e+02 5.04442445e+02 5.06487640e+02 8.15000000e+06 0.00000000e+00 0.00000000e+00 0.00000000e+00]
 [5.07065047e+02 5.11517438e+02 5.04413155e+02 5.04843719e+02 6.92130000e+06 0.00000000e+00 0.00000000e+00 0.00000000e+00]
 [5.13621309e+02 5.15304387e+02 5.10989008e+02 5.13650635e+02 5.55840000e+06 0.00000000e+00 0.00000000e+00 0.00000000e+00]
 [5.12280764e+02 5.13660493e+02 5.09942014e+02 5.12642822e+02 5.61270000e+06 0.00000000e+00 0.00000000e+00 0.00000000e+00]
 [5.13738693e+02 5.14550906e+02 5.12593806e+02 5.13905029e+02 2.92892000e+07 0.00000000e+00 0.00000000e+00 0.00000000e+00]
 [5.14727018e+02 5.15539231e+02 5.12153427e+02 5.15382629e+02 4.65060000e+06 0.00000000e+00 0.00000000e+00 0.00000000e+00]
 [5.15314182e+02 5.15989384e+02 5.13396263e+02 5.14335632e+02 3.54180000e+07 0.00000000e+00 0.00000000e+00 0.00000000e+00]
 [5.18308574e+02 5.18553212e+02 5.14218242e+02 5.16380859e+02 5.27390000e+06 0.00000000e+00 0.00000000e+00 0.00000000e+00]
 [5.17390835e+02 5.18058315e+02 5.14671788e+02 5.15712280e+02 5.59860000e+06 1.63900000e+00 0.00000000e+00 0.00000000e+00]
 [5.14671873e+02 5.18244907e+02 5.12581063e+02 5.17960205e+02 8.01300000e+06 0.00000000e+00 0.00000000e+00 0.00000000e+00]
 [5.17341773e+02 5.17400667e+02 5.10657088e+02 5.13120911e+02 9.19870000e+06 0.00000000e+00 0.00000000e+00 0.00000000e+00]
 [5.12247221e+02 5.14210418e+02 5.10019033e+02 5.13209229e+02 3.27060000e+06 0.00000000e+00 0.00000000e+00 0.00000000e+00]
 [5.11962672e+02 5.14122202e+02 5.10254700e+02 5.12237549e+02 4.00800000e+06 0.00000000e+00 0.00000000e+00 0.00000000e+00]
 [5.16477951e+02 5.17322171e+02 5.12688994e+02 5.16958984e+02 5.35440000e+06 0.00000000e+00 0.00000000e+00 0.00000000e+00]
 [5.15476818e+02 5.16046102e+02 5.11226479e+02 5.12306213e+02 3.97050000e+06 0.00000000e+00 0.00000000e+00 0.00000000e+00]
 [5.14671860e+02 5.17675550e+02 5.13866942e+02 5.17155273e+02 2.62670000e+06 0.00000000e+00 0.00000000e+00 0.00000000e+00]
 [5.17174886e+02 5.21258370e+02 5.16625193e+02 5.20689026e+02 2.94180000e+06 0.00000000e+00 0.00000000e+00 0.00000000e+00]
 [5.19530727e+02 5.21130737e+02 5.18372447e+02 5.19815369e+02 3.63760000e+06 0.00000000e+00 0.00000000e+00 0.00000000e+00]
 [5.19756517e+02 5.23614193e+02 5.19648556e+02 5.22907471e+02 5.42920000e+06 0.00000000e+00 0.00000000e+00 0.00000000e+00]
 [5.24419140e+02 5.28080484e+02 5.24144264e+02 5.27187256e+02 2.63890000e+06 0.00000000e+00 0.00000000e+00 0.00000000e+00]
 [5.27491482e+02 5.27717231e+02 5.22033796e+02 5.23172424e+02 4.81130000e+06 0.00000000e+00 0.00000000e+00 0.00000000e+00]
 [5.23123376e+02 5.25871841e+02 5.22426420e+02 5.25371216e+02 3.23720000e+06 0.00000000e+00 0.00000000e+00 0.00000000e+00]
 [5.28708683e+02 5.28846121e+02 5.25302564e+02 5.25449768e+02 3.22530000e+06 0.00000000e+00 0.00000000e+00 0.00000000e+00]
 [5.27020366e+02 5.28198236e+02 5.25704997e+02 5.27471863e+02 5.07040000e+06 0.00000000e+00 0.00000000e+00 0.00000000e+00]
 [5.26843612e+02 5.27717249e+02 5.23889050e+02 5.26657166e+02 3.67140000e+06 0.00000000e+00 0.00000000e+00 0.00000000e+00]
 [5.24281680e+02 5.27393391e+02 5.23653442e+02 5.26293945e+02 3.36660000e+06 0.00000000e+00 0.00000000e+00 0.00000000e+00]
 [5.24448579e+02 5.24880425e+02 5.18303762e+02 5.21493958e+02 5.22780000e+06 0.00000000e+00 0.00000000e+00 0.00000000e+00]
 [5.23358945e+02 5.23368771e+02 5.20286536e+02 5.22671814e+02 4.47780000e+06 0.00000000e+00 0.00000000e+00 0.00000000e+00]
 [5.24811795e+02 5.27373753e+02 5.21631364e+02 5.22465759e+02 4.32720000e+06 0.00000000e+00 0.00000000e+00 0.00000000e+00]
 [5.25675634e+02 5.25714877e+02 5.23849815e+02 5.24095215e+02 3.40800000e+06 0.00000000e+00 0.00000000e+00 0.00000000e+00]
 [5.23309964e+02 5.25960293e+02 5.21965179e+02 5.24929626e+02 3.02760000e+06 0.00000000e+00 0.00000000e+00 0.00000000e+00]
 [5.24517287e+02 5.26333281e+02 5.22789724e+02 5.23349182e+02 3.06700000e+06 0.00000000e+00 0.00000000e+00 0.00000000e+00]
 [5.19354092e+02 5.19491470e+02 5.12895156e+02 5.13052185e+02 7.97280000e+06 0.00000000e+00 0.00000000e+00 0.00000000e+00]
 [5.15496380e+02 5.19344290e+02 5.14887793e+02 5.15280457e+02 6.10690000e+06 0.00000000e+00 0.00000000e+00 0.00000000e+00]
 [5.15398262e+02 5.16595844e+02 5.12424049e+02 5.14161438e+02 3.68150000e+06 0.00000000e+00 0.00000000e+00 0.00000000e+00]
 [5.15064453e+02 5.20414178e+02 5.14828879e+02 5.20345459e+02 3.30030000e+06 0.00000000e+00 0.00000000e+00 0.00000000e+00]
 [5.31683010e+02 5.34127182e+02 5.28267006e+02 5.33302612e+02 7.48330000e+06 0.00000000e+00 0.00000000e+00 0.00000000e+00]
 [5.35187222e+02 5.38387244e+02 5.35118563e+02 5.37454773e+02 6.05130000e+06 0.00000000e+00 0.00000000e+00 0.00000000e+00]
 [5.37984851e+02 5.41096502e+02 5.37975025e+02 5.39830261e+02 6.79800000e+06 0.00000000e+00 0.00000000e+00 0.00000000e+00]
 [5.41282988e+02 5.41577456e+02 5.38750447e+02 5.40271973e+02 4.89310000e+06 0.00000000e+00 0.00000000e+00 0.00000000e+00]
 [5.40262180e+02 5.40802048e+02 5.36375027e+02 5.38652344e+02 4.81860000e+06 0.00000000e+00 0.00000000e+00 0.00000000e+00]
 [5.39054677e+02 5.40743058e+02 5.36904973e+02 5.38927124e+02 3.70160000e+06 0.00000000e+00 0.00000000e+00 0.00000000e+00]
 [5.38995832e+02 5.39457214e+02 5.34853514e+02 5.35501343e+02 3.94030000e+06 0.00000000e+00 0.00000000e+00 0.00000000e+00]
 [5.32154151e+02 5.32586057e+02 5.26873145e+02 5.28590942e+02 7.36010000e+06 0.00000000e+00 0.00000000e+00 0.00000000e+00]
 [5.29003094e+02 5.31957715e+02 5.28247304e+02 5.30779785e+02 4.49450000e+06 0.00000000e+00 0.00000000e+00 0.00000000e+00]
 [5.27609298e+02 5.33371277e+02 5.27020363e+02 5.32713623e+02 6.97840000e+06 0.00000000e+00 0.00000000e+00 0.00000000e+00]
 [5.32792186e+02 5.33076828e+02 5.27550423e+02 5.32909973e+02 3.94910000e+06 0.00000000e+00 0.00000000e+00 0.00000000e+00]
 [5.35540655e+02 5.37003227e+02 5.30102559e+02 5.35599548e+02 4.53060000e+06 0.00000000e+00 0.00000000e+00 0.00000000e+00]
 [5.35776150e+02 5.37965096e+02 5.35334419e+02 5.37395752e+02 5.57460000e+06 0.00000000e+00 0.00000000e+00 0.00000000e+00]
 [5.41057194e+02 5.42215473e+02 5.37130799e+02 5.39123413e+02 4.30500000e+06 0.00000000e+00 0.00000000e+00 0.00000000e+00]
 [5.40370037e+02 5.42647353e+02 5.39731974e+02 5.42146729e+02 4.43860000e+06 0.00000000e+00 0.00000000e+00 0.00000000e+00]
 [5.41881701e+02 5.42215471e+02 5.39005624e+02 5.40419128e+02 3.31220000e+06 0.00000000e+00 0.00000000e+00 0.00000000e+00]
 [5.41145521e+02 5.44492806e+02 5.40929598e+02 5.43265808e+02 3.98870000e+06 0.00000000e+00 0.00000000e+00 0.00000000e+00]
 [5.44158995e+02 5.45346751e+02 5.43697672e+02 5.44797058e+02 5.44100000e+06 0.00000000e+00 0.00000000e+00 0.00000000e+00]
 [5.44590974e+02 5.45209386e+02 5.43599549e+02 5.44924744e+02 4.20290000e+06 0.00000000e+00 0.00000000e+00 0.00000000e+00]
 [5.46583599e+02 5.48595865e+02 5.45935711e+02 5.48360291e+02 5.49030000e+06 0.00000000e+00 0.00000000e+00 0.00000000e+00]
 [5.48350503e+02 5.49116119e+02 5.47202049e+02 5.47447449e+02 3.02160000e+06 0.00000000e+00 0.00000000e+00 0.00000000e+00]
 [5.48193453e+02 5.49656085e+02 5.47810675e+02 5.48537048e+02 5.13490000e+06 0.00000000e+00 0.00000000e+00 0.00000000e+00]
 [5.48429066e+02 5.48586096e+02 5.45160326e+02 5.45680542e+02 4.41230000e+06 0.00000000e+00 0.00000000e+00 0.00000000e+00]
 [5.46338236e+02 5.46632703e+02 5.43383614e+02 5.44129639e+02 4.11010000e+06 0.00000000e+00 0.00000000e+00 0.00000000e+00]
 [5.46671961e+02 5.49096541e+02 5.46416736e+02 5.48252380e+02 3.51440000e+06 0.00000000e+00 0.00000000e+00 0.00000000e+00]
 [5.47408081e+02 5.47928357e+02 5.45395816e+02 5.45425293e+02 4.04860000e+06 0.00000000e+00 0.00000000e+00 0.00000000e+00]
 [5.47251109e+02 5.47889112e+02 5.44002020e+02 5.45386047e+02 4.66690000e+06 0.00000000e+00 0.00000000e+00 0.00000000e+00]
 [5.46878111e+02 5.48517364e+02 5.46181154e+02 5.47525940e+02 2.28468000e+07 0.00000000e+00 0.00000000e+00 0.00000000e+00]
 [5.45248656e+02 5.46151770e+02 5.44090377e+02 5.45229065e+02 6.11090000e+06 0.00000000e+00 0.00000000e+00 0.00000000e+00]
 [5.45081724e+02 5.47270730e+02 5.28620355e+02 5.29219116e+02 2.45849000e+07 0.00000000e+00 0.00000000e+00 0.00000000e+00]
 [5.33685360e+02 5.35069387e+02 5.28738124e+02 5.29022766e+02 1.67921000e+07 0.00000000e+00 0.00000000e+00 0.00000000e+00]
 [5.26735749e+02 5.39427815e+02 5.25989724e+02 5.35010620e+02 9.38940000e+06 0.00000000e+00 0.00000000e+00 0.00000000e+00]
 [5.35019412e+02 5.39007599e+02 5.32075047e+02 5.38840210e+02 7.06340000e+06 1.73900000e+00 0.00000000e+00 0.00000000e+00]
 [5.39696963e+02 5.44463134e+02 5.39184879e+02 5.44384338e+02 3.43930000e+06 0.00000000e+00 0.00000000e+00 0.00000000e+00]
 [5.42789033e+02 5.45516723e+02 5.41528536e+02 5.44374451e+02 4.49200000e+06 0.00000000e+00 0.00000000e+00 0.00000000e+00]
 [5.40987029e+02 5.41233215e+02 5.34911196e+02 5.38731995e+02 7.07710000e+06 0.00000000e+00 0.00000000e+00 0.00000000e+00]
 [5.32311371e+02 5.35787534e+02 5.29199617e+02 5.32734802e+02 6.50510000e+06 0.00000000e+00 0.00000000e+00 0.00000000e+00]
 [5.34172544e+02 5.34783078e+02 5.29199616e+02 5.30588074e+02 6.04080000e+06 0.00000000e+00 0.00000000e+00 0.00000000e+00]
 [5.33749143e+02 5.35245908e+02 5.25644687e+02 5.29258728e+02 7.14270000e+06 0.00000000e+00 0.00000000e+00 0.00000000e+00]
 [5.31946994e+02 5.36565430e+02 5.30972111e+02 5.36092773e+02 6.41630000e+06 0.00000000e+00 0.00000000e+00 0.00000000e+00]
 [5.39913604e+02 5.43015501e+02 5.37491120e+02 5.39214417e+02 5.98340000e+06 0.00000000e+00 0.00000000e+00 0.00000000e+00]
 [5.40937708e+02 5.41213404e+02 5.31326630e+02 5.33148376e+02 5.38320000e+06 0.00000000e+00 0.00000000e+00 0.00000000e+00]
 [5.33059815e+02 5.34714172e+02 5.29869265e+02 5.33867310e+02 4.31700000e+06 0.00000000e+00 0.00000000e+00 0.00000000e+00]
 [5.30489621e+02 5.30528989e+02 5.23881990e+02 5.25743164e+02 7.93520000e+06 0.00000000e+00 0.00000000e+00 0.00000000e+00]
 [5.21321659e+02 5.26747529e+02 5.20947452e+02 5.26422607e+02 5.62100000e+06 0.00000000e+00 0.00000000e+00 0.00000000e+00]
 [5.29120848e+02 5.29701812e+02 5.23694918e+02 5.27092285e+02 8.82000000e+06 0.00000000e+00 0.00000000e+00 0.00000000e+00]
 [5.34556550e+02 5.37796325e+02 5.33493014e+02 5.36732788e+02 5.30730000e+06 0.00000000e+00 0.00000000e+00 0.00000000e+00]
 [5.38012969e+02 5.38170561e+02 5.35098175e+02 5.35935181e+02 3.63280000e+06 0.00000000e+00 0.00000000e+00 0.00000000e+00]
 [5.40543763e+02 5.42710204e+02 5.39322695e+02 5.41075562e+02 6.55870000e+06 0.00000000e+00 0.00000000e+00 0.00000000e+00]
 [5.43891969e+02 5.45999329e+02 5.42099734e+02 5.45999329e+02 5.30170000e+06 0.00000000e+00 0.00000000e+00 0.00000000e+00]
 [5.48687622e+02 5.50401061e+02 5.48234620e+02 5.49101196e+02 4.78000000e+06 0.00000000e+00 0.00000000e+00 0.00000000e+00]
 [5.48539920e+02 5.52144104e+02 5.48303591e+02 5.52144104e+02 6.21790000e+06 0.00000000e+00 0.00000000e+00 0.00000000e+00]
 [5.52203093e+02 5.53089324e+02 5.49504914e+02 5.50479797e+02 3.61210000e+06 0.00000000e+00 0.00000000e+00 0.00000000e+00]
 [5.38584109e+02 5.42976074e+02 5.38485659e+02 5.42818481e+02 7.61740000e+06 0.00000000e+00 0.00000000e+00 0.00000000e+00]
 [5.43872225e+02 5.48155883e+02 5.40839207e+02 5.47368042e+02 4.16470000e+06 0.00000000e+00 0.00000000e+00 0.00000000e+00]
 [5.46698485e+02 5.47023467e+02 5.42562562e+02 5.44965332e+02 4.17450000e+06 0.00000000e+00 0.00000000e+00 0.00000000e+00]
 [5.46895356e+02 5.49268614e+02 5.43950991e+02 5.47811157e+02 4.29650000e+06 0.00000000e+00 0.00000000e+00 0.00000000e+00]
 [5.50095853e+02 5.52331234e+02 5.44276062e+02 5.44886597e+02 6.23390000e+06 0.00000000e+00 0.00000000e+00 0.00000000e+00]
 [5.36673801e+02 5.43537474e+02 5.34694462e+02 5.41311951e+02 7.82400000e+06 0.00000000e+00 0.00000000e+00 0.00000000e+00]
 [5.41311982e+02 5.45378966e+02 5.40849123e+02 5.44906250e+02 4.18140000e+06 0.00000000e+00 0.00000000e+00 0.00000000e+00]
 [5.43911623e+02 5.47249848e+02 5.42011021e+02 5.47141541e+02 3.42420000e+06 0.00000000e+00 0.00000000e+00 0.00000000e+00]
 [5.48786042e+02 5.49140594e+02 5.45733370e+02 5.49111023e+02 3.60630000e+06 0.00000000e+00 0.00000000e+00 0.00000000e+00]
 [5.49583676e+02 5.50666927e+02 5.43369965e+02 5.43773743e+02 1.01616000e+07 0.00000000e+00 0.00000000e+00 0.00000000e+00]
 [5.46964326e+02 5.48283905e+02 5.45782625e+02 5.47663513e+02 3.51760000e+06 0.00000000e+00 0.00000000e+00 0.00000000e+00]
 [5.45644747e+02 5.48618683e+02 5.45536440e+02 5.48155884e+02 2.75290000e+06 0.00000000e+00 0.00000000e+00 0.00000000e+00]
 [5.42592134e+02 5.47437042e+02 5.41991457e+02 5.46343994e+02 3.57950000e+06 0.00000000e+00 0.00000000e+00 0.00000000e+00]
 [5.47387759e+02 5.52321319e+02 5.46235629e+02 5.52114502e+02 3.38850000e+06 0.00000000e+00 0.00000000e+00 0.00000000e+00]
 [5.52341033e+02 5.53286346e+02 5.51523682e+02 5.52134216e+02 3.38060000e+06 0.00000000e+00 0.00000000e+00 0.00000000e+00]
 [5.53227265e+02 5.53729492e+02 5.50952516e+02 5.53729492e+02 3.84490000e+06 0.00000000e+00 0.00000000e+00 0.00000000e+00]
 [5.52459199e+02 5.55314911e+02 5.51976686e+02 5.55068726e+02 3.85760000e+06 0.00000000e+00 0.00000000e+00 0.00000000e+00]
 [5.53808257e+02 5.53896850e+02 5.49701846e+02 5.52734863e+02 4.44680000e+06 0.00000000e+00 0.00000000e+00 0.00000000e+00]
 [5.52537866e+02 5.52636376e+02 5.42857910e+02 5.43330566e+02 6.14870000e+06 0.00000000e+00 0.00000000e+00 0.00000000e+00]
 [5.45162198e+02 5.46048489e+02 5.40140046e+02 5.40760437e+02 4.77230000e+06 0.00000000e+00 0.00000000e+00 0.00000000e+00]
 [5.40799895e+02 5.41380918e+02 5.33896853e+02 5.38072144e+02 5.49150000e+06 0.00000000e+00 0.00000000e+00 0.00000000e+00]
 [5.39647704e+02 5.42936704e+02 5.35945070e+02 5.38406921e+02 4.18080000e+06 0.00000000e+00 0.00000000e+00 0.00000000e+00]
 [5.40455193e+02 5.41489158e+02 5.29396515e+02 5.29760864e+02 5.52140000e+06 0.00000000e+00 0.00000000e+00 0.00000000e+00]
 [5.30204076e+02 5.38544861e+02 5.27407446e+02 5.37993408e+02 7.32810000e+06 0.00000000e+00 0.00000000e+00 0.00000000e+00]
 [5.39834832e+02 5.40908166e+02 5.25112947e+02 5.28726929e+02 7.29000000e+06 0.00000000e+00 0.00000000e+00 0.00000000e+00]
 [5.24925810e+02 5.30066187e+02 5.18131076e+02 5.22355652e+02 1.04774000e+07 0.00000000e+00 0.00000000e+00 0.00000000e+00]
 [5.22158726e+02 5.29583649e+02 5.18889380e+02 5.28214905e+02 6.22170000e+06 0.00000000e+00 0.00000000e+00 0.00000000e+00]
 [5.21114866e+02 5.25290157e+02 5.16220674e+02 5.18633301e+02 7.22890000e+06 0.00000000e+00 0.00000000e+00 0.00000000e+00]
 [5.16890293e+02 5.22779021e+02 5.12193061e+02 5.21429932e+02 7.30830000e+06 0.00000000e+00 0.00000000e+00 0.00000000e+00]
 [5.13936153e+02 5.15708674e+02 5.03035037e+02 5.07643646e+02 1.11769000e+07 0.00000000e+00 0.00000000e+00 0.00000000e+00]
 [5.06481657e+02 5.09632839e+02 4.99785403e+02 5.03478180e+02 1.12089000e+07 0.00000000e+00 0.00000000e+00 0.00000000e+00]
 [5.09002592e+02 5.09839598e+02 5.01331454e+02 5.05920349e+02 8.59060000e+06 0.00000000e+00 0.00000000e+00 0.00000000e+00]
 [5.05674129e+02 5.06215724e+02 4.97707581e+02 4.99312683e+02 2.16500000e+07 0.00000000e+00 0.00000000e+00 0.00000000e+00]
 [5.03478184e+02 5.10509216e+02 5.03044896e+02 5.09563904e+02 7.41230000e+06 0.00000000e+00 0.00000000e+00 0.00000000e+00]
 [5.09553957e+02 5.15846463e+02 5.09189608e+02 5.13453491e+02 6.26980000e+06 0.00000000e+00 0.00000000e+00 0.00000000e+00]
 [5.11395536e+02 5.11592496e+02 5.06225647e+02 5.08037537e+02 6.01060000e+06 0.00000000e+00 0.00000000e+00 0.00000000e+00]
 [5.09642672e+02 5.16949491e+02 5.08539768e+02 5.13374878e+02 5.37390000e+06 0.00000000e+00 0.00000000e+00 0.00000000e+00]
 [5.10056245e+02 5.16614591e+02 5.09425997e+02 5.12193115e+02 6.02970000e+06 0.00000000e+00 0.00000000e+00 0.00000000e+00]
 [5.07919345e+02 5.13000640e+02 5.06806583e+02 5.12321167e+02 5.05900000e+06 0.00000000e+00 0.00000000e+00 0.00000000e+00]
 [5.18446261e+02 5.22296630e+02 5.17855440e+02 5.21311890e+02 2.23763000e+07 0.00000000e+00 0.00000000e+00 0.00000000e+00]
 [5.22493591e+02 5.23488129e+02 5.21036134e+02 5.22552673e+02 6.26020000e+06 0.00000000e+00 0.00000000e+00 0.00000000e+00]
 [5.22463986e+02 5.23300992e+02 5.15117799e+02 5.16457092e+02 4.41020000e+06 0.00000000e+00 0.00000000e+00 0.00000000e+00]
 [5.15115203e+02 5.18465062e+02 5.13079606e+02 5.15036194e+02 5.53490000e+06 1.81200000e+00 0.00000000e+00 0.00000000e+00]
 [5.13603277e+02 5.14294997e+02 5.04116986e+02 5.04749390e+02 5.83180000e+06 0.00000000e+00 0.00000000e+00 0.00000000e+00]
 [4.99324434e+02 5.09225763e+02 4.96686078e+02 5.07822540e+02 8.19670000e+06 0.00000000e+00 0.00000000e+00 0.00000000e+00]
 [5.06290901e+02 5.11221783e+02 5.02852142e+02 5.09690155e+02 7.69700000e+06 0.00000000e+00 0.00000000e+00 0.00000000e+00]
 [5.04097290e+02 5.15312823e+02 5.03889756e+02 5.12763367e+02 6.30860000e+06 0.00000000e+00 0.00000000e+00 0.00000000e+00]
 [4.95065462e+02 4.97693957e+02 4.87654302e+02 4.88306488e+02 1.62260000e+07 0.00000000e+00 0.00000000e+00 0.00000000e+00]
 [4.75579064e+02 4.77575126e+02 4.58740901e+02 4.60005737e+02 3.09665000e+07 0.00000000e+00 0.00000000e+00 0.00000000e+00]
 [4.44215052e+02 4.75065242e+02 4.37554869e+02 4.58068970e+02 3.12853000e+07 0.00000000e+00 0.00000000e+00 0.00000000e+00]
 [4.73998012e+02 4.76774725e+02 4.44274334e+02 4.51329742e+02 1.90027000e+07 0.00000000e+00 0.00000000e+00 0.00000000e+00]
 [4.48118239e+02 4.96112918e+02 4.47792162e+02 4.93187988e+02 2.92866000e+07 0.00000000e+00 0.00000000e+00 0.00000000e+00]
 [4.83355867e+02 4.84492239e+02 4.62782479e+02 4.76349854e+02 1.66513000e+07 0.00000000e+00 0.00000000e+00 0.00000000e+00]
 [4.74996037e+02 4.87160218e+02 4.72337899e+02 4.84739227e+02 1.15412000e+07 0.00000000e+00 0.00000000e+00 0.00000000e+00]
 [4.94126714e+02 4.94334248e+02 4.84877601e+02 4.89610870e+02 7.70150000e+06 0.00000000e+00 0.00000000e+00 0.00000000e+00]
 [4.90154358e+02 4.93355969e+02 4.87575288e+02 4.88237335e+02 8.20060000e+06 0.00000000e+00 0.00000000e+00 0.00000000e+00]
 [4.82861763e+02 4.85944800e+02 4.72565208e+02 4.77505981e+02 6.37490000e+06 0.00000000e+00 0.00000000e+00 0.00000000e+00]
 [4.79047502e+02 4.82377578e+02 4.75796465e+02 4.78168030e+02 5.63890000e+06 0.00000000e+00 0.00000000e+00 0.00000000e+00]
 [4.73345819e+02 4.73810253e+02 4.61794289e+02 4.66774597e+02 7.76250000e+06 0.00000000e+00 0.00000000e+00 0.00000000e+00]
 [4.72407143e+02 4.80717528e+02 4.71537562e+02 4.78553467e+02 6.23630000e+06 0.00000000e+00 0.00000000e+00 0.00000000e+00]
 [4.90806542e+02 4.95243346e+02 4.84887505e+02 4.86241272e+02 8.04760000e+06 0.00000000e+00 0.00000000e+00 0.00000000e+00]
 [4.87417192e+02 4.97041809e+02 4.86389503e+02 4.96458801e+02 6.18430000e+06 0.00000000e+00 0.00000000e+00 0.00000000e+00]
 [4.96488449e+02 5.00520107e+02 4.93830310e+02 5.00114960e+02 6.93340000e+06 0.00000000e+00 0.00000000e+00 0.00000000e+00]
 [5.00806660e+02 5.02713791e+02 4.95025949e+02 5.00421295e+02 4.21000000e+06 0.00000000e+00 0.00000000e+00 0.00000000e+00]
 [4.98563548e+02 5.04502337e+02 4.98286866e+02 5.03454895e+02 6.52550000e+06 0.00000000e+00 0.00000000e+00 0.00000000e+00]
 [4.97298742e+02 5.05441127e+02 4.91863891e+02 5.03701965e+02 7.87370000e+06 0.00000000e+00 0.00000000e+00 0.00000000e+00]
 [5.09028109e+02 5.12298899e+02 5.06696079e+02 5.07269165e+02 5.78450000e+06 0.00000000e+00 0.00000000e+00 0.00000000e+00]
 [5.12970861e+02 5.16221868e+02 5.10767295e+02 5.14542053e+02 6.28540000e+06 0.00000000e+00 0.00000000e+00 0.00000000e+00]
 [5.10955054e+02 5.14680356e+02 5.10154651e+02 5.11854248e+02 4.79350000e+06 0.00000000e+00 0.00000000e+00 0.00000000e+00]
 [5.06814661e+02 5.11696148e+02 5.05875902e+02 5.07496490e+02 4.69430000e+06 0.00000000e+00 0.00000000e+00 0.00000000e+00]
 [5.08820569e+02 5.12041963e+02 5.05045841e+02 5.09789001e+02 5.46000000e+06 0.00000000e+00 0.00000000e+00 0.00000000e+00]
 [5.13385876e+02 5.18020324e+02 5.10233660e+02 5.13188293e+02 5.08820000e+06 0.00000000e+00 0.00000000e+00 0.00000000e+00]
 [5.14522284e+02 5.15451151e+02 5.11231712e+02 5.12506470e+02 4.73950000e+06 0.00000000e+00 0.00000000e+00 0.00000000e+00]
 [5.28168676e+02 5.29571838e+02 5.24107374e+02 5.29571838e+02 7.79360000e+06 0.00000000e+00 0.00000000e+00 0.00000000e+00]
 [5.29977024e+02 5.35065985e+02 5.29433551e+02 5.33050171e+02 7.35680000e+06 0.00000000e+00 0.00000000e+00 0.00000000e+00]
 [5.33969088e+02 5.35006638e+02 5.31864314e+02 5.33712158e+02 5.03130000e+06 0.00000000e+00 0.00000000e+00 0.00000000e+00]
 [5.31884115e+02 5.36814997e+02 5.31469107e+02 5.36330811e+02 7.36220000e+06 0.00000000e+00 0.00000000e+00 0.00000000e+00]
 [5.37032317e+02 5.39996780e+02 5.35283324e+02 5.39789307e+02 7.25530000e+06 0.00000000e+00 0.00000000e+00 0.00000000e+00]
 [5.34226093e+02 5.40965316e+02 5.34176698e+02 5.40342773e+02 7.76610000e+06 0.00000000e+00 0.00000000e+00 0.00000000e+00]
 [5.38761659e+02 5.39591735e+02 5.35569939e+02 5.38425720e+02 7.15820000e+06 0.00000000e+00 0.00000000e+00 0.00000000e+00]
 [5.34502714e+02 5.38237968e+02 5.28484886e+02 5.29423645e+02 6.33950000e+06 0.00000000e+00 0.00000000e+00 0.00000000e+00]
 [5.29255647e+02 5.32842653e+02 5.28109414e+02 5.29670715e+02 5.81660000e+06 0.00000000e+00 0.00000000e+00 0.00000000e+00]
 [5.23158716e+02 5.28474993e+02 5.22842499e+02 5.26093567e+02 6.45590000e+06 0.00000000e+00 0.00000000e+00 0.00000000e+00]
 [5.32338722e+02 5.37081913e+02 5.30816985e+02 5.36904053e+02 6.11810000e+06 0.00000000e+00 0.00000000e+00 0.00000000e+00]
 [5.37348574e+02 5.38445471e+02 5.33218095e+02 5.33840637e+02 4.91050000e+06 0.00000000e+00 0.00000000e+00 0.00000000e+00]
 [5.38692552e+02 5.38821017e+02 5.32358446e+02 5.35896057e+02 4.65950000e+06 0.00000000e+00 0.00000000e+00 0.00000000e+00]
 [5.34937413e+02 5.36953287e+02 5.29808889e+02 5.35342590e+02 6.17150000e+06 0.00000000e+00 0.00000000e+00 0.00000000e+00]
 [5.33850548e+02 5.38455322e+02 5.31429557e+02 5.38455322e+02 5.93350000e+06 0.00000000e+00 0.00000000e+00 0.00000000e+00]
 [5.38079982e+02 5.42368540e+02 5.37645191e+02 5.41508850e+02 4.99360000e+06 0.00000000e+00 0.00000000e+00 0.00000000e+00]
 [5.42249849e+02 5.43139212e+02 5.40955369e+02 5.41162903e+02 4.54340000e+06 0.00000000e+00 0.00000000e+00 0.00000000e+00]
 [5.42971131e+02 5.44107533e+02 5.36903908e+02 5.38633179e+02 6.37210000e+06 0.00000000e+00 0.00000000e+00 0.00000000e+00]
 [5.43781486e+02 5.45777578e+02 5.42200463e+02 5.44137207e+02 4.73600000e+06 0.00000000e+00 0.00000000e+00 0.00000000e+00]
 [5.44769611e+02 5.46153051e+02 5.43682665e+02 5.44720215e+02 4.51640000e+06 0.00000000e+00 0.00000000e+00 0.00000000e+00]
 [5.45243990e+02 5.48168889e+02 5.44216271e+02 5.47823059e+02 5.98410000e+06 0.00000000e+00 0.00000000e+00 0.00000000e+00]
 [5.48830939e+02 5.49641234e+02 5.44384244e+02 5.46311157e+02 2.08006000e+07 0.00000000e+00 0.00000000e+00 0.00000000e+00]
 [5.45066050e+02 5.48425799e+02 5.44601646e+02 5.48376404e+02 8.42290000e+06 0.00000000e+00 0.00000000e+00 0.00000000e+00]
 [5.43722212e+02 5.46696567e+02 5.40925717e+02 5.42269653e+02 7.10060000e+06 0.00000000e+00 0.00000000e+00 0.00000000e+00]
 [5.45402123e+02 5.49107703e+02 5.45332945e+02 5.47506897e+02 7.42130000e+06 0.00000000e+00 0.00000000e+00 0.00000000e+00]
 [5.45253873e+02 5.46607641e+02 5.42141222e+02 5.42842773e+02 4.75330000e+06 0.00000000e+00 0.00000000e+00 0.00000000e+00]
 [5.43643155e+02 5.46162998e+02 5.41894162e+02 5.42734070e+02 4.60230000e+06 0.00000000e+00 0.00000000e+00 0.00000000e+00]
 [5.45184674e+02 5.46172829e+02 5.40145110e+02 5.41232056e+02 9.97850000e+06 0.00000000e+00 0.00000000e+00 0.00000000e+00]
 [5.42160898e+02 5.47141236e+02 5.39285394e+02 5.46805237e+02 9.82020000e+06 0.00000000e+00 0.00000000e+00 0.00000000e+00]
 [5.50580054e+02 5.53791557e+02 5.49779651e+02 5.52813293e+02 6.77000000e+06 0.00000000e+00 0.00000000e+00 0.00000000e+00]
 [5.53880538e+02 5.54374615e+02 5.51726368e+02 5.53089966e+02 1.64723000e+07 0.00000000e+00 0.00000000e+00 0.00000000e+00]
 [5.54868617e+02 5.57862694e+02 5.54315253e+02 5.57467468e+02 6.08140000e+06 0.00000000e+00 0.00000000e+00 0.00000000e+00]
 [5.58416083e+02 5.61597972e+02 5.56538625e+02 5.60234314e+02 6.05650000e+06 0.00000000e+00 0.00000000e+00 0.00000000e+00]
 [5.62509056e+02 5.64144569e+02 5.60407705e+02 5.63034424e+02 5.75060000e+06 1.74500000e+00 0.00000000e+00 0.00000000e+00]
 [5.61577353e+02 5.63797644e+02 5.60824027e+02 5.62776733e+02 7.41270000e+06 0.00000000e+00 0.00000000e+00 0.00000000e+00]
 [5.62380233e+02 5.65324145e+02 5.61825161e+02 5.65274536e+02 6.16400000e+06 0.00000000e+00 0.00000000e+00 0.00000000e+00]
 [5.67147951e+02 5.70607248e+02 5.67098403e+02 5.70161194e+02 4.83700000e+06 0.00000000e+00 0.00000000e+00 0.00000000e+00]
 [5.67960731e+02 5.68545569e+02 5.62984861e+02 5.65591736e+02 6.41780000e+06 0.00000000e+00 0.00000000e+00 0.00000000e+00]
 [5.66127041e+02 5.66801053e+02 5.64471684e+02 5.65215088e+02 6.94460000e+06 0.00000000e+00 0.00000000e+00 0.00000000e+00]
 [5.67425458e+02 5.69209615e+02 5.65740396e+02 5.68565308e+02 7.15650000e+06 0.00000000e+00 0.00000000e+00 0.00000000e+00]
 [5.68733921e+02 5.71192092e+02 5.67663402e+02 5.70230591e+02 4.96170000e+06 0.00000000e+00 0.00000000e+00 0.00000000e+00]
 [5.67415585e+02 5.69328604e+02 5.66345066e+02 5.68178772e+02 4.42890000e+06 0.00000000e+00 0.00000000e+00 0.00000000e+00]
 [5.67812020e+02 5.69625943e+02 5.66553230e+02 5.69298828e+02 4.74700000e+06 0.00000000e+00 0.00000000e+00 0.00000000e+00]
 [5.71776855e+02 5.72084126e+02 5.66820828e+02 5.66830750e+02 5.39900000e+06 0.00000000e+00 0.00000000e+00 0.00000000e+00]
 [5.68357238e+02 5.69209660e+02 5.63173192e+02 5.68694214e+02 6.14120000e+06 0.00000000e+00 0.00000000e+00 0.00000000e+00]
 [5.68971760e+02 5.72569841e+02 5.68753664e+02 5.72103943e+02 6.49530000e+06 0.00000000e+00 0.00000000e+00 0.00000000e+00]
 [5.73382609e+02 5.73412374e+02 5.70775794e+02 5.71846252e+02 4.26240000e+06 0.00000000e+00 0.00000000e+00 0.00000000e+00]
 [5.72896953e+02 5.75424576e+02 5.72510429e+02 5.72867249e+02 5.91380000e+06 0.00000000e+00 0.00000000e+00 0.00000000e+00]
 [5.73194363e+02 5.73749436e+02 5.70577566e+02 5.72867249e+02 4.76770000e+06 0.00000000e+00 0.00000000e+00 0.00000000e+00]
 [5.75464170e+02 5.77833166e+02 5.73779109e+02 5.77734009e+02 4.25730000e+06 0.00000000e+00 0.00000000e+00 0.00000000e+00]
 [5.78209868e+02 5.79607441e+02 5.77595264e+02 5.78130554e+02 3.84090000e+06 0.00000000e+00 0.00000000e+00 0.00000000e+00]
 [5.78675662e+02 5.80886031e+02 5.78457626e+02 5.80430115e+02 4.21010000e+06 0.00000000e+00 0.00000000e+00 0.00000000e+00]
 [5.80886081e+02 5.81342057e+02 5.79101923e+02 5.80291382e+02 4.19310000e+06 0.00000000e+00 0.00000000e+00 0.00000000e+00]
 [5.81659249e+02 5.81916972e+02 5.77991777e+02 5.78784729e+02 5.05340000e+06 0.00000000e+00 0.00000000e+00 0.00000000e+00]
 [5.79518132e+02 5.80995079e+02 5.75444292e+02 5.78080933e+02 6.97470000e+06 0.00000000e+00 0.00000000e+00 0.00000000e+00]
 [5.82660262e+02 5.82987317e+02 5.74740541e+02 5.75910156e+02 7.04680000e+06 0.00000000e+00 0.00000000e+00 0.00000000e+00]
 [5.70666705e+02 5.70676627e+02 5.64283340e+02 5.66424377e+02 8.78130000e+06 0.00000000e+00 0.00000000e+00 0.00000000e+00]
 [5.70111641e+02 5.75107356e+02 5.70022467e+02 5.75037964e+02 6.64010000e+06 0.00000000e+00 0.00000000e+00 0.00000000e+00]
 [5.75682272e+02 5.76386049e+02 5.71330925e+02 5.72272522e+02 4.64740000e+06 0.00000000e+00 0.00000000e+00 0.00000000e+00]
 [5.73164579e+02 5.77149245e+02 5.72331940e+02 5.76524780e+02 4.54500000e+06 0.00000000e+00 0.00000000e+00 0.00000000e+00]
 [5.79726389e+02 5.80370697e+02 5.73224083e+02 5.76177856e+02 4.59430000e+06 0.00000000e+00 0.00000000e+00 0.00000000e+00]
 [5.77803399e+02 5.81014895e+02 5.77476284e+02 5.80588684e+02 4.34230000e+06 0.00000000e+00 0.00000000e+00 0.00000000e+00]
 [5.80876178e+02 5.82194438e+02 5.78308929e+02 5.79399231e+02 5.37390000e+06 0.00000000e+00 0.00000000e+00 0.00000000e+00]
 [5.81589764e+02 5.85762760e+02 5.80281365e+02 5.85584351e+02 5.85190000e+06 0.00000000e+00 0.00000000e+00 0.00000000e+00]
 [5.87646004e+02 5.88805758e+02 5.85614045e+02 5.87626221e+02 5.39300000e+06 0.00000000e+00 0.00000000e+00 0.00000000e+00]
 [5.85723089e+02 5.88290338e+02 5.85306800e+02 5.87636108e+02 6.23670000e+06 0.00000000e+00 0.00000000e+00 0.00000000e+00]
 [5.88637270e+02 5.88726506e+02 5.85465401e+02 5.86367432e+02 7.19630000e+06 0.00000000e+00 0.00000000e+00 0.00000000e+00]
 [5.85782578e+02 5.86813470e+02 5.85158114e+02 5.86159241e+02 5.31170000e+06 0.00000000e+00 0.00000000e+00 0.00000000e+00]
 [5.86050259e+02 5.86912603e+02 5.81778166e+02 5.82957703e+02 6.73930000e+06 0.00000000e+00 0.00000000e+00 0.00000000e+00]
 [5.82640428e+02 5.82828759e+02 5.76732822e+02 5.81421265e+02 7.11360000e+06 0.00000000e+00 0.00000000e+00 0.00000000e+00]
 [5.79785822e+02 5.81302395e+02 5.77525905e+02 5.79131653e+02 4.80730000e+06 0.00000000e+00 0.00000000e+00 0.00000000e+00]
 [5.81114073e+02 5.89093266e+02 5.80687862e+02 5.87993042e+02 6.38930000e+06 0.00000000e+00 0.00000000e+00 0.00000000e+00]
 [5.86843169e+02 5.88012784e+02 5.85356361e+02 5.85505066e+02 6.48300000e+06 0.00000000e+00 0.00000000e+00 0.00000000e+00]
 [5.85187876e+02 5.88211040e+02 5.84603038e+02 5.87844299e+02 4.77660000e+06 0.00000000e+00 0.00000000e+00 0.00000000e+00]
 [5.87309068e+02 5.89906021e+02 5.87229754e+02 5.89192322e+02 6.17140000e+06 0.00000000e+00 0.00000000e+00 0.00000000e+00]
 [5.89836666e+02 5.91819077e+02 5.88052508e+02 5.91273926e+02 5.05870000e+06 0.00000000e+00 0.00000000e+00 0.00000000e+00]
 [5.90005113e+02 5.90312384e+02 5.86050213e+02 5.87864136e+02 7.51200000e+06 0.00000000e+00 0.00000000e+00 0.00000000e+00]
 [5.80905874e+02 5.83621767e+02 5.78536878e+02 5.83532593e+02 1.11167000e+07 0.00000000e+00 0.00000000e+00 0.00000000e+00]
 [5.85614082e+02 5.87021577e+02 5.83601966e+02 5.86516052e+02 8.20590000e+06 0.00000000e+00 0.00000000e+00 0.00000000e+00]
 [5.87259500e+02 5.91521732e+02 5.86397156e+02 5.91343323e+02 8.04560000e+06 0.00000000e+00 0.00000000e+00 0.00000000e+00]
 [5.93642875e+02 5.94326809e+02 5.86248520e+02 5.89727661e+02 6.64150000e+06 0.00000000e+00 0.00000000e+00 0.00000000e+00]
 [5.91065758e+02 5.92156060e+02 5.89797046e+02 5.91254089e+02 9.47220000e+06 0.00000000e+00 0.00000000e+00 0.00000000e+00]
 [5.91363103e+02 5.93107635e+02 5.89777199e+02 5.92691345e+02 7.84480000e+06 0.00000000e+00 0.00000000e+00 0.00000000e+00]
 [5.95635152e+02 5.96457869e+02 5.92899415e+02 5.94406067e+02 2.16411000e+07 0.00000000e+00 0.00000000e+00 0.00000000e+00]
 [5.96140713e+02 5.99907282e+02 5.95605484e+02 5.99253113e+02 9.10970000e+06 0.00000000e+00 0.00000000e+00 0.00000000e+00]
 [5.99272973e+02 6.00650702e+02 5.98638587e+02 5.99124268e+02 8.13050000e+06 0.00000000e+00 0.00000000e+00 0.00000000e+00]
 [6.01136315e+02 6.02424931e+02 6.00868731e+02 6.02246521e+02 7.71070000e+06 0.00000000e+00 0.00000000e+00 0.00000000e+00]
 [6.02811438e+02 6.03069161e+02 6.00729931e+02 6.01453491e+02 6.39320000e+06 0.00000000e+00 0.00000000e+00 0.00000000e+00]
 [6.01503170e+02 6.02980056e+02 5.96259654e+02 6.00759766e+02 1.16136000e+07 0.00000000e+00 0.00000000e+00 0.00000000e+00]
 [6.03198071e+02 6.05933808e+02 6.01731106e+02 6.03584656e+02 1.10575000e+07 0.00000000e+00 0.00000000e+00 0.00000000e+00]
 [6.05249887e+02 6.07281846e+02 6.03495434e+02 6.06399719e+02 6.06570000e+06 0.00000000e+00 0.00000000e+00 0.00000000e+00]
 [6.05150814e+02 6.09809431e+02 6.05140892e+02 6.09353516e+02 1.15838000e+07 0.00000000e+00 0.00000000e+00 0.00000000e+00]
 [6.09303908e+02 6.09849059e+02 6.04972345e+02 6.06161743e+02 1.07530000e+07 0.00000000e+00 0.00000000e+00 0.00000000e+00]
 [6.07242187e+02 6.07351205e+02 6.02841233e+02 6.04139709e+02 2.37873000e+07 0.00000000e+00 0.00000000e+00 0.00000000e+00]
 [6.01285076e+02 6.02583553e+02 5.98043814e+02 6.01255371e+02 6.96570000e+06 0.00000000e+00 0.00000000e+00 0.00000000e+00]
 [6.02682733e+02 6.05329235e+02 6.01235551e+02 6.04793945e+02 6.43860000e+06 0.00000000e+00 0.00000000e+00 0.00000000e+00]
 [6.07149814e+02 6.08034525e+02 6.04853584e+02 6.06493774e+02 5.65880000e+06 1.74000000e+00 0.00000000e+00 0.00000000e+00]
 [6.05797916e+02 6.09207467e+02 6.04644856e+02 6.08730347e+02 6.51570000e+06 0.00000000e+00 0.00000000e+00 0.00000000e+00]
 [6.06066317e+02 6.11722408e+02 6.05937087e+02 6.10907288e+02 1.00200000e+07 0.00000000e+00 0.00000000e+00 0.00000000e+00]
 [6.12736251e+02 6.12805841e+02 6.09366501e+02 6.11583191e+02 7.13950000e+06 0.00000000e+00 0.00000000e+00 0.00000000e+00]
 [6.12279085e+02 6.14734335e+02 6.10628944e+02 6.11632935e+02 7.21070000e+06 0.00000000e+00 0.00000000e+00 0.00000000e+00]
 [6.13780099e+02 6.14595219e+02 6.11811858e+02 6.13720459e+02 6.05640000e+06 0.00000000e+00 0.00000000e+00 0.00000000e+00]
 [6.14615008e+02 6.15052389e+02 6.10161728e+02 6.11533508e+02 7.46630000e+06 0.00000000e+00 0.00000000e+00 0.00000000e+00]
 [6.12547424e+02 6.15211505e+02 6.11792005e+02 6.15082275e+02 5.03520000e+06 0.00000000e+00 0.00000000e+00 0.00000000e+00]
 [6.15539491e+02 6.15897391e+02 6.11613080e+02 6.13422180e+02 5.89850000e+06 0.00000000e+00 0.00000000e+00 0.00000000e+00]
 [6.14306895e+02 6.15907285e+02 5.96652731e+02 5.96931091e+02 1.36642000e+07 0.00000000e+00 0.00000000e+00 0.00000000e+00]
 [6.03750166e+02 6.07388387e+02 6.02964897e+02 6.05976807e+02 6.96840000e+06 0.00000000e+00 0.00000000e+00 0.00000000e+00]
 [6.00599138e+02 6.08491820e+02 5.96931127e+02 6.05122009e+02 7.49350000e+06 0.00000000e+00 0.00000000e+00 0.00000000e+00]
 [6.09416251e+02 6.12537552e+02 6.02209460e+02 6.07786011e+02 6.50490000e+06 0.00000000e+00 0.00000000e+00 0.00000000e+00]
 [6.09456023e+02 6.11135953e+02 6.00539511e+02 6.03770142e+02 7.59480000e+06 0.00000000e+00 0.00000000e+00 0.00000000e+00]
 [6.02726354e+02 6.08372495e+02 6.01493694e+02 6.07119995e+02 6.91100000e+06 0.00000000e+00 0.00000000e+00 0.00000000e+00]
 [6.09853600e+02 6.14326781e+02 6.09853600e+02 6.13491760e+02 4.08620000e+06 0.00000000e+00 0.00000000e+00 0.00000000e+00]
 [6.13650852e+02 6.15052422e+02 6.12308862e+02 6.13412292e+02 4.21620000e+06 0.00000000e+00 0.00000000e+00 0.00000000e+00]
 [6.14147832e+02 6.14147832e+02 6.06195511e+02 6.10310791e+02 6.96160000e+06 0.00000000e+00 0.00000000e+00 0.00000000e+00]
 [6.10589202e+02 6.14784023e+02 6.10330742e+02 6.13760193e+02 5.85180000e+06 0.00000000e+00 0.00000000e+00 0.00000000e+00]
 [6.18213471e+02 6.20072322e+02 6.17507742e+02 6.18839722e+02 5.69490000e+06 0.00000000e+00 0.00000000e+00 0.00000000e+00]
 [6.23998760e+02 6.26533550e+02 6.23422200e+02 6.26245300e+02 7.80430000e+06 0.00000000e+00 0.00000000e+00 0.00000000e+00]
 [6.27945132e+02 6.29615112e+02 6.25887462e+02 6.27925232e+02 5.62560000e+06 0.00000000e+00 0.00000000e+00 0.00000000e+00]
 [6.29436216e+02 6.30350716e+02 6.24128015e+02 6.28183716e+02 6.10450000e+06 0.00000000e+00 0.00000000e+00 0.00000000e+00]
 [6.25062403e+02 6.26871563e+02 6.21374492e+02 6.21513672e+02 6.24330000e+06 0.00000000e+00 0.00000000e+00 0.00000000e+00]
 [6.26086278e+02 6.26185658e+02 6.20778077e+02 6.23302917e+02 7.05860000e+06 0.00000000e+00 0.00000000e+00 0.00000000e+00]
 [6.26662785e+02 6.26782065e+02 6.21434124e+02 6.24525635e+02 5.56810000e+06 0.00000000e+00 0.00000000e+00 0.00000000e+00]
 [6.17945102e+02 6.21444082e+02 6.16503732e+02 6.17289001e+02 8.39050000e+06 0.00000000e+00 0.00000000e+00 0.00000000e+00]
 [6.16891397e+02 6.22269128e+02 6.16135917e+02 6.19147827e+02 1.03231000e+07 0.00000000e+00 0.00000000e+00 0.00000000e+00]
 [6.18253263e+02 6.19078273e+02 6.11155802e+02 6.12567322e+02 7.09940000e+06 0.00000000e+00 0.00000000e+00 0.00000000e+00]
 [6.10430140e+02 6.13342670e+02 6.04296868e+02 6.13213440e+02 7.57130000e+06 0.00000000e+00 0.00000000e+00 0.00000000e+00]
 [6.18978888e+02 6.23471969e+02 6.16960957e+02 6.22736328e+02 8.42500000e+06 0.00000000e+00 0.00000000e+00 0.00000000e+00]
 [6.21434175e+02 6.24744346e+02 6.20350705e+02 6.24167786e+02 5.63920000e+06 0.00000000e+00 0.00000000e+00 0.00000000e+00]
 [6.25897422e+02 6.26016702e+02 6.22368531e+02 6.24475891e+02 6.09020000e+06 0.00000000e+00 0.00000000e+00 0.00000000e+00]
 [6.21941106e+02 6.22289057e+02 6.12835725e+02 6.14306885e+02 1.30658000e+07 0.00000000e+00 0.00000000e+00 0.00000000e+00]
 [6.08104107e+02 6.17517638e+02 6.06195566e+02 6.14147888e+02 9.68170000e+06 0.00000000e+00 0.00000000e+00 0.00000000e+00]
 [6.12070356e+02 6.15758268e+02 6.05181664e+02 6.08392395e+02 8.90250000e+06 0.00000000e+00 0.00000000e+00 0.00000000e+00]
 [6.05092166e+02 6.07865578e+02 5.99406285e+02 6.03382446e+02 8.54260000e+06 0.00000000e+00 0.00000000e+00 0.00000000e+00]
 [6.03899356e+02 6.09913287e+02 6.02060345e+02 6.05569336e+02 7.44940000e+06 0.00000000e+00 0.00000000e+00 0.00000000e+00]
 [6.15032543e+02 6.17428214e+02 5.95787939e+02 5.96384399e+02 1.39850000e+07 0.00000000e+00 0.00000000e+00 0.00000000e+00]
 [5.98660726e+02 6.07368528e+02 5.94813795e+02 6.02318787e+02 9.82140000e+06 0.00000000e+00 0.00000000e+00 0.00000000e+00]
 [6.05648784e+02 6.12418195e+02 6.04684534e+02 6.11275024e+02 6.24270000e+06 0.00000000e+00 0.00000000e+00 0.00000000e+00]
 [6.11116037e+02 6.18044468e+02 6.07348586e+02 6.16960938e+02 7.38950000e+06 0.00000000e+00 0.00000000e+00 0.00000000e+00]
 [6.19346713e+02 6.23074364e+02 6.18551493e+02 6.21225464e+02 5.32320000e+06 0.00000000e+00 0.00000000e+00 0.00000000e+00]
 [6.22299035e+02 6.24883515e+02 6.21980935e+02 6.24664795e+02 2.95320000e+06 0.00000000e+00 0.00000000e+00 0.00000000e+00]
 [6.20450063e+02 6.24267204e+02 6.20380472e+02 6.21792053e+02 9.19160000e+06 0.00000000e+00 0.00000000e+00 0.00000000e+00]
 [6.23273133e+02 6.25022654e+02 6.20897363e+02 6.22845703e+02 5.28060000e+06 0.00000000e+00 0.00000000e+00 0.00000000e+00]
 [6.22040524e+02 6.26026634e+02 6.21225403e+02 6.25022644e+02 6.33840000e+06 0.00000000e+00 0.00000000e+00 0.00000000e+00]
 [6.26374509e+02 6.26424199e+02 6.22746238e+02 6.25549438e+02 5.14770000e+06 0.00000000e+00 0.00000000e+00 0.00000000e+00]
 [6.26543553e+02 6.29207574e+02 6.25728433e+02 6.26722473e+02 5.69310000e+06 0.00000000e+00 0.00000000e+00 0.00000000e+00]
 [6.27597197e+02 6.27706527e+02 6.22964996e+02 6.24863586e+02 6.87670000e+06 0.00000000e+00 0.00000000e+00 0.00000000e+00]
 [6.24436169e+02 6.26454099e+02 6.23919248e+02 6.24356628e+02 1.28490000e+07 0.00000000e+00 0.00000000e+00 0.00000000e+00]
 [6.23889425e+02 6.29734386e+02 6.22736304e+02 6.28392395e+02 2.24574000e+07 0.00000000e+00 0.00000000e+00 0.00000000e+00]
 [6.26245317e+02 6.30092247e+02 6.23531606e+02 6.29933228e+02 3.39210000e+07 0.00000000e+00 0.00000000e+00 0.00000000e+00]
 [6.29028623e+02 6.29654873e+02 6.20758202e+02 6.23133972e+02 8.53470000e+06 0.00000000e+00 0.00000000e+00 0.00000000e+00]
 [6.26801992e+02 6.26801992e+02 6.20847701e+02 6.22229431e+02 1.13372000e+07 0.00000000e+00 0.00000000e+00 0.00000000e+00]
 [6.20827808e+02 6.22487838e+02 6.16951087e+02 6.20489868e+02 1.58196000e+07 0.00000000e+00 0.00000000e+00 0.00000000e+00]
 [6.21464017e+02 6.21911348e+02 6.13481845e+02 6.13670715e+02 2.13569000e+07 0.00000000e+00 0.00000000e+00 0.00000000e+00]
 [6.19336759e+02 6.22209549e+02 6.16871558e+02 6.18302979e+02 3.70624000e+07 0.00000000e+00 0.00000000e+00 0.00000000e+00]
 [6.20261204e+02 6.24386495e+02 6.20141924e+02 6.23819885e+02 1.04870000e+07 0.00000000e+00 0.00000000e+00 0.00000000e+00]
 [6.26990795e+02 6.28286753e+02 6.25824494e+02 6.27748413e+02 9.85010000e+06 1.77100000e+00 0.00000000e+00 0.00000000e+00]
 [6.26960956e+02 6.30888560e+02 6.26940999e+02 6.30679199e+02 1.37985000e+07 0.00000000e+00 0.00000000e+00 0.00000000e+00]
 [6.30679186e+02 6.33320872e+02 6.30549590e+02 6.32782593e+02 3.27520000e+06 0.00000000e+00 0.00000000e+00 0.00000000e+00]
 [6.33141451e+02 6.34078496e+02 6.31885406e+02 6.32842407e+02 3.85210000e+06 0.00000000e+00 0.00000000e+00 0.00000000e+00]
 [6.30310392e+02 6.31795694e+02 6.28964664e+02 6.30609436e+02 6.57940000e+06 0.00000000e+00 0.00000000e+00 0.00000000e+00]
 [6.30210709e+02 6.31217540e+02 6.29423156e+02 6.29732178e+02 4.18040000e+06 0.00000000e+00 0.00000000e+00 0.00000000e+00]
 [6.29951540e+02 6.30150923e+02 6.24967273e+02 6.25156677e+02 5.55680000e+06 0.00000000e+00 0.00000000e+00 0.00000000e+00]
 [6.28655601e+02 6.29672350e+02 6.23242694e+02 6.26322937e+02 1.13370000e+07 0.00000000e+00 0.00000000e+00 0.00000000e+00]
 [6.29393291e+02 6.32044894e+02 6.29243739e+02 6.30469910e+02 1.61756000e+07 0.00000000e+00 0.00000000e+00 0.00000000e+00]
 [6.30649295e+02 6.34676561e+02 6.30539656e+02 6.34208069e+02 8.67200000e+06 0.00000000e+00 0.00000000e+00 0.00000000e+00]
 [6.34576950e+02 6.36211744e+02 6.31935264e+02 6.32174500e+02 8.82010000e+06 0.00000000e+00 0.00000000e+00 0.00000000e+00]
 [6.31486627e+02 6.33101525e+02 6.30250539e+02 6.32064819e+02 9.01740000e+06 0.00000000e+00 0.00000000e+00 0.00000000e+00]
 [6.33151423e+02 6.37427902e+02 6.31805634e+02 6.36301453e+02 7.86410000e+06 0.00000000e+00 0.00000000e+00 0.00000000e+00]
 [6.33191281e+02 6.38145613e+02 6.33161347e+02 6.37328247e+02 7.92980000e+06 0.00000000e+00 0.00000000e+00 0.00000000e+00]
 [6.37667171e+02 6.38135724e+02 6.33819332e+02 6.36022400e+02 8.86000000e+06 0.00000000e+00 0.00000000e+00 0.00000000e+00]
 [6.33490335e+02 6.34118357e+02 6.29014473e+02 6.32942078e+02 8.68340000e+06 0.00000000e+00 0.00000000e+00 0.00000000e+00]
 [6.36760019e+02 6.37567468e+02 6.33699672e+02 6.34616760e+02 6.93700000e+06 0.00000000e+00 0.00000000e+00 0.00000000e+00]
 [6.35952612e+02 6.36500869e+02 6.32682904e+02 6.34088501e+02 6.73370000e+06 0.00000000e+00 0.00000000e+00 0.00000000e+00]
 [6.24787835e+02 6.27778395e+02 6.20262082e+02 6.21189209e+02 1.48776000e+07 0.00000000e+00 0.00000000e+00 0.00000000e+00]
 [6.23053326e+02 6.31406962e+02 6.21687641e+02 6.28306702e+02 1.04038000e+07 0.00000000e+00 0.00000000e+00 0.00000000e+00]
 [6.32433634e+02 6.33619892e+02 6.29762075e+02 6.31576355e+02 6.08550000e+06 0.00000000e+00 0.00000000e+00 0.00000000e+00]
 [6.30888548e+02 6.33470365e+02 6.29981378e+02 6.31835571e+02 5.85040000e+06 0.00000000e+00 0.00000000e+00 0.00000000e+00]
 [6.33031812e+02 6.36381224e+02 6.32523407e+02 6.35085327e+02 9.00740000e+06 0.00000000e+00 0.00000000e+00 0.00000000e+00]
 [6.36411071e+02 6.38584204e+02 6.35862814e+02 6.37687073e+02 4.33960000e+06 0.00000000e+00 0.00000000e+00 0.00000000e+00]
 [6.39032852e+02 6.39790470e+02 6.36211740e+02 6.37587402e+02 5.56870000e+06 0.00000000e+00 0.00000000e+00 0.00000000e+00]
 [6.38414773e+02 6.39022839e+02 6.27838174e+02 6.36261597e+02 8.69720000e+06 0.00000000e+00 0.00000000e+00 0.00000000e+00]
 [6.34247952e+02 6.36441042e+02 6.29961495e+02 6.34218018e+02 6.56230000e+06 0.00000000e+00 0.00000000e+00 0.00000000e+00]
 [6.32184421e+02 6.38943116e+02 6.32074782e+02 6.37667114e+02 9.49030000e+06 0.00000000e+00 0.00000000e+00 0.00000000e+00]
 [6.38315149e+02 6.38983023e+02 6.27130422e+02 6.32154602e+02 9.70280000e+06 0.00000000e+00 0.00000000e+00 0.00000000e+00]
 [6.32932114e+02 6.33918989e+02 6.25027074e+02 6.28924744e+02 1.13220000e+07 0.00000000e+00 0.00000000e+00 0.00000000e+00]
 [6.24269416e+02 6.26771528e+02 6.19544341e+02 6.21139282e+02 1.17147000e+07 0.00000000e+00 0.00000000e+00 0.00000000e+00]
 [6.24747879e+02 6.34716412e+02 6.24229557e+02 6.33241089e+02 1.29879000e+07 0.00000000e+00 0.00000000e+00 0.00000000e+00]
 [6.32074797e+02 6.37976151e+02 6.31117796e+02 6.36221680e+02 8.90850000e+06 0.00000000e+00 0.00000000e+00 0.00000000e+00]
 [6.37128894e+02 6.38604218e+02 6.34078525e+02 6.34437378e+02 1.36453000e+07 0.00000000e+00 0.00000000e+00 0.00000000e+00]
 [6.38474583e+02 6.39132540e+02 6.31845544e+02 6.34347595e+02 5.34500000e+06 0.00000000e+00 0.00000000e+00 0.00000000e+00]
 [6.36500874e+02 6.37507706e+02 6.23790993e+02 6.24518677e+02 8.95110000e+06 0.00000000e+00 0.00000000e+00 0.00000000e+00]
 [6.24957272e+02 6.29183920e+02 6.21159263e+02 6.24917419e+02 9.31280000e+06 0.00000000e+00 0.00000000e+00 0.00000000e+00]
 [6.23571613e+02 6.27947814e+02 6.19554326e+02 6.26013916e+02 8.71860000e+06 0.00000000e+00 0.00000000e+00 0.00000000e+00]
 [6.27130382e+02 6.31805626e+02 6.26023889e+02 6.29164001e+02 9.50920000e+06 0.00000000e+00 0.00000000e+00 0.00000000e+00]
 [6.26970941e+02 6.29094244e+02 6.24837660e+02 6.27549133e+02 5.21240000e+06 0.00000000e+00 0.00000000e+00 0.00000000e+00]
 [6.25505504e+02 6.32583199e+02 6.25056968e+02 6.32024963e+02 7.48200000e+06 0.00000000e+00 0.00000000e+00 0.00000000e+00]
 [6.30619401e+02 6.32613107e+02 6.23781001e+02 6.25655090e+02 1.08687000e+07 0.00000000e+00 0.00000000e+00 0.00000000e+00]
 [6.25176627e+02 6.31097939e+02 6.23432134e+02 6.30220703e+02 6.93030000e+06 0.00000000e+00 0.00000000e+00 0.00000000e+00]
 [6.32772601e+02 6.35992418e+02 6.32742666e+02 6.35523926e+02 1.21352000e+07 0.00000000e+00 0.00000000e+00 0.00000000e+00]
 [6.35643570e+02 6.35763187e+02 6.27449404e+02 6.31955200e+02 9.49770000e+06 0.00000000e+00 0.00000000e+00 0.00000000e+00]
 [6.26263144e+02 6.29702300e+02 6.24967247e+02 6.29054321e+02 1.04711000e+07 0.00000000e+00 0.00000000e+00 0.00000000e+00]
 [6.22225923e+02 6.31347156e+02 6.21637753e+02 6.29293640e+02 9.21140000e+06 0.00000000e+00 0.00000000e+00 0.00000000e+00]
 [6.18856515e+02 6.25814531e+02 6.13942035e+02 6.23751038e+02 1.84934000e+07 0.00000000e+00 0.00000000e+00 0.00000000e+00]
 [6.24947270e+02 6.29971450e+02 6.23103116e+02 6.28197021e+02 1.34898000e+07 0.00000000e+00 0.00000000e+00 0.00000000e+00]
 [6.25316117e+02 6.28516038e+02 6.19444697e+02 6.24837646e+02 1.21988000e+07 0.00000000e+00 0.00000000e+00 0.00000000e+00]
 [6.17391179e+02 6.19863356e+02 6.14061662e+02 6.16484009e+02 9.73920000e+06 0.00000000e+00 0.00000000e+00 0.00000000e+00]
 [6.10931519e+02 6.23352334e+02 6.07283063e+02 6.21837097e+02 1.39292000e+07 0.00000000e+00 0.00000000e+00 0.00000000e+00]
 [6.21358647e+02 6.26522340e+02 6.18677109e+02 6.20760498e+02 1.55704000e+07 0.00000000e+00 0.00000000e+00 0.00000000e+00]
 [6.21238994e+02 6.23461958e+02 6.17351242e+02 6.20072693e+02 6.43330000e+06 0.00000000e+00 0.00000000e+00 0.00000000e+00]
 [6.15277812e+02 6.15766321e+02 6.10492928e+02 6.10572693e+02 1.54876000e+07 0.00000000e+00 0.00000000e+00 0.00000000e+00]
 [6.13603118e+02 6.16384378e+02 6.06336078e+02 6.07173462e+02 2.55275000e+07 0.00000000e+00 0.00000000e+00 0.00000000e+00]
 [6.12785659e+02 6.16135132e+02 6.11609379e+02 6.13254211e+02 8.30320000e+06 0.00000000e+00 0.00000000e+00 0.00000000e+00]
 [6.16424176e+02 6.18318222e+02 6.14330808e+02 6.14948853e+02 9.94180000e+06 0.00000000e+00 0.00000000e+00 0.00000000e+00]
 [6.12755779e+02 6.13952015e+02 6.06216424e+02 6.06465637e+02 1.42769000e+07 0.00000000e+00 0.00000000e+00 0.00000000e+00]
 [6.02238987e+02 6.07771511e+02 6.00643985e+02 6.04840759e+02 1.02719000e+07 0.00000000e+00 0.00000000e+00 0.00000000e+00]
 [6.03524893e+02 6.03694341e+02 5.92699081e+02 5.96058472e+02 1.76857000e+07 0.00000000e+00 0.00000000e+00 0.00000000e+00]
 [6.04950423e+02 6.09107345e+02 6.01162392e+02 6.02528076e+02 2.40143000e+07 0.00000000e+00 0.00000000e+00 0.00000000e+00]
 [5.98740004e+02 6.04003358e+02 5.97434128e+02 6.00484497e+02 1.83633000e+07 0.00000000e+00 0.00000000e+00 0.00000000e+00]
 [6.05488726e+02 6.07522285e+02 6.01461400e+02 6.03754150e+02 2.32883000e+07 0.00000000e+00 0.00000000e+00 0.00000000e+00]
 [5.99407903e+02 6.02009675e+02 5.92808739e+02 5.93047974e+02 7.71260000e+06 0.00000000e+00 0.00000000e+00 0.00000000e+00]
 [5.90679993e+02 5.90830017e+02 5.82030029e+02 5.82960022e+02 1.17077000e+07 1.87200000e+00 0.00000000e+00 0.00000000e+00]
 [5.88390015e+02 5.88669983e+02 5.78460022e+02 5.80929993e+02 1.18392000e+07 0.00000000e+00 0.00000000e+00 0.00000000e+00]
 [5.87349976e+02 5.98849976e+02 5.86500000e+02 5.97549988e+02 1.24473000e+07 0.00000000e+00 0.00000000e+00 0.00000000e+00]
 [6.01059998e+02 6.05349976e+02 6.00270020e+02 6.02299988e+02 1.13325000e+07 0.00000000e+00 0.00000000e+00 0.00000000e+00]
 [5.94229980e+02 6.04789978e+02 5.93030029e+02 6.02989990e+02 1.27801000e+07 0.00000000e+00 0.00000000e+00 0.00000000e+00]
 [6.02919983e+02 6.06440002e+02 6.02609985e+02 6.05669983e+02 6.31680000e+06 0.00000000e+00 0.00000000e+00 0.00000000e+00]
 [6.03580017e+02 6.06309998e+02 5.98500000e+02 6.06039978e+02 6.69000000e+06 0.00000000e+00 0.00000000e+00 0.00000000e+00]
 [6.21799988e+02 6.22489990e+02 6.17299988e+02 6.21340027e+02 9.80510000e+06 0.00000000e+00 0.00000000e+00 0.00000000e+00]
 [6.20340027e+02 6.26169983e+02 6.19400024e+02 6.25020020e+02 5.49830000e+06 0.00000000e+00 0.00000000e+00 0.00000000e+00]
 [6.26330017e+02 6.26989990e+02 6.23719971e+02 6.24599976e+02 4.60940000e+06 0.00000000e+00 0.00000000e+00 0.00000000e+00]
 [6.22750000e+02 6.30900024e+02 6.21979980e+02 6.30719971e+02 5.15840000e+06 0.00000000e+00 0.00000000e+00 0.00000000e+00]
 [6.32229980e+02 6.38520020e+02 6.32219971e+02 6.38349976e+02 5.04290000e+06 0.00000000e+00 0.00000000e+00 0.00000000e+00]
 [6.39190002e+02 6.43789978e+02 6.38229980e+02 6.43450012e+02 5.16560000e+06 0.00000000e+00 0.00000000e+00 0.00000000e+00]
 [6.44510010e+02 6.46070007e+02 6.42150024e+02 6.44859985e+02 5.88240000e+06 0.00000000e+00 0.00000000e+00 0.00000000e+00]
 [6.49179993e+02 6.54880005e+02 6.48859985e+02 6.52780029e+02 7.81530000e+06 0.00000000e+00 0.00000000e+00 0.00000000e+00]
 [6.51619995e+02 6.52599976e+02 6.49169983e+02 6.51539978e+02 6.38410000e+06 0.00000000e+00 0.00000000e+00 0.00000000e+00]
 [6.52940002e+02 6.53859985e+02 6.45940002e+02 6.47250000e+02 8.51490000e+06 0.00000000e+00 0.00000000e+00 0.00000000e+00]
 [6.51979980e+02 6.54190002e+02 6.51090027e+02 6.53900024e+02 4.53720000e+06 0.00000000e+00 0.00000000e+00 0.00000000e+00]
 [6.52229980e+02 6.54900024e+02 6.45659973e+02 6.51260010e+02 6.51950000e+06 0.00000000e+00 0.00000000e+00 0.00000000e+00]
 [6.53400024e+02 6.56820007e+02 6.51820007e+02 6.56419983e+02 4.79380000e+06 0.00000000e+00 0.00000000e+00 0.00000000e+00]
 [6.55669983e+02 6.57900024e+02 6.54840027e+02 6.57500000e+02 5.31920000e+06 0.00000000e+00 0.00000000e+00 0.00000000e+00]
 [6.54409973e+02 6.55390015e+02 6.52010010e+02 6.54260010e+02 5.52710000e+06 0.00000000e+00 0.00000000e+00 0.00000000e+00]
 [6.53619995e+02 6.54719971e+02 6.51260010e+02 6.54239990e+02 6.30200000e+06 0.00000000e+00 0.00000000e+00 0.00000000e+00]
 [6.57000000e+02 6.61770020e+02 6.53150024e+02 6.60580017e+02 5.94840000e+06 0.00000000e+00 0.00000000e+00 0.00000000e+00]
 [6.63090027e+02 6.66419983e+02 6.62380005e+02 6.62520020e+02 5.42650000e+06 0.00000000e+00 0.00000000e+00 0.00000000e+00]
 [6.61989990e+02 6.63849976e+02 6.57390015e+02 6.60119995e+02 5.96240000e+06 0.00000000e+00 0.00000000e+00 0.00000000e+00]
 [6.63580017e+02 6.66549988e+02 6.63330017e+02 6.65299988e+02 5.05260000e+06 0.00000000e+00 0.00000000e+00 0.00000000e+00]
 [6.69450012e+02 6.75340027e+02 6.69150024e+02 6.74659973e+02 6.44150000e+06 0.00000000e+00 0.00000000e+00 0.00000000e+00]
 [6.75820007e+02 6.76760010e+02 6.70919983e+02 6.72539978e+02 6.26030000e+06 0.00000000e+00 0.00000000e+00 0.00000000e+00]
 [6.75700012e+02 6.78530029e+02 6.75369995e+02 6.78039978e+02 4.34810000e+06 0.00000000e+00 0.00000000e+00 0.00000000e+00]
 [6.77080017e+02 6.81059998e+02 6.77080017e+02 6.79520020e+02 5.69340000e+06 0.00000000e+00 0.00000000e+00 0.00000000e+00]
 [6.77469971e+02 6.79260010e+02 6.72799988e+02 6.78669983e+02 6.07340000e+06 0.00000000e+00 0.00000000e+00 0.00000000e+00]
 [6.78900024e+02 6.83909973e+02 6.76200012e+02 6.82409973e+02 4.91800000e+06 0.00000000e+00 0.00000000e+00 0.00000000e+00]
 [6.83739990e+02 6.89099976e+02 6.83659973e+02 6.87729980e+02 5.37000000e+06 0.00000000e+00 0.00000000e+00 0.00000000e+00]
 [6.82039978e+02 6.83520020e+02 6.78440002e+02 6.79440002e+02 6.44850000e+06 0.00000000e+00 0.00000000e+00 0.00000000e+00]
 [6.80179993e+02 6.81609985e+02 6.74250000e+02 6.78909973e+02 7.58540000e+06 0.00000000e+00 0.00000000e+00 0.00000000e+00]
 [6.75559998e+02 6.78150024e+02 6.72549988e+02 6.74590027e+02 5.66420000e+06 0.00000000e+00 0.00000000e+00 0.00000000e+00]
 [6.76320007e+02 6.82000000e+02 6.74739990e+02 6.81570007e+02 5.50680000e+06 0.00000000e+00 0.00000000e+00 0.00000000e+00]
 [6.79080017e+02 6.84830017e+02 6.77619995e+02 6.82840027e+02 7.33540000e+06 0.00000000e+00 0.00000000e+00 0.00000000e+00]
 [6.86099976e+02 6.88580017e+02 6.84479980e+02 6.85549988e+02 4.31980000e+06 0.00000000e+00 0.00000000e+00 0.00000000e+00]
 [6.89650024e+02 6.91510010e+02 6.88080017e+02 6.90010010e+02 6.63380000e+06 0.00000000e+00 0.00000000e+00 0.00000000e+00]
 [6.90359985e+02 6.90780029e+02 6.87919983e+02 6.89960022e+02 7.38650000e+06 0.00000000e+00 0.00000000e+00 0.00000000e+00]
 [6.89760010e+02 6.94289978e+02 6.88849976e+02 6.93909973e+02 8.47710000e+06 0.00000000e+00 0.00000000e+00 0.00000000e+00]
 [6.95000000e+02 6.97000000e+02 6.93890015e+02 6.95489990e+02 5.08040000e+06 0.00000000e+00 0.00000000e+00 0.00000000e+00]
 [6.94539978e+02 6.99059998e+02 6.93940002e+02 6.97299988e+02 1.00512000e+07 0.00000000e+00 0.00000000e+00 0.00000000e+00]
 [6.96059998e+02 6.99150024e+02 6.95780029e+02 6.98260010e+02 4.75070000e+06 0.00000000e+00 0.00000000e+00 0.00000000e+00]
 [6.97080017e+02 6.97650024e+02 6.92849976e+02 6.93359985e+02 5.93850000e+06 0.00000000e+00 0.00000000e+00 0.00000000e+00]]